--
-- PostgreSQL database dump
--

-- Dumped from database version 10.11 (Ubuntu 10.11-1.pgdg18.04+1)
-- Dumped by pg_dump version 12.1 (Ubuntu 12.1-1.pgdg18.04+1)

SET statement_timeout = 0;
SET lock_timeout = 0;
SET idle_in_transaction_session_timeout = 0;
SET client_encoding = 'UTF8';
SET standard_conforming_strings = on;
SELECT pg_catalog.set_config('search_path', '', false);
SET check_function_bodies = false;
SET xmloption = content;
SET client_min_messages = warning;
SET row_security = off;

SET default_tablespace = '';

--
-- Name: appointments_appointment; Type: TABLE; Schema: public; Owner: genuwine12
--

CREATE TABLE public.appointments_appointment (
    id integer NOT NULL,
    name character varying(150) NOT NULL,
    phone_number character varying(128) NOT NULL,
    "time" timestamp(6) without time zone NOT NULL,
    task_id character varying(50) NOT NULL,
    created timestamp(6) without time zone NOT NULL,
    time_zone character varying(63) NOT NULL,
    confirmed smallint NOT NULL,
    unit_type character varying(100) NOT NULL
);


ALTER TABLE public.appointments_appointment OWNER TO genuwine12;

--
-- Name: auth_group; Type: TABLE; Schema: public; Owner: genuwine12
--

CREATE TABLE public.auth_group (
    id integer NOT NULL,
    name character varying(80) NOT NULL
);


ALTER TABLE public.auth_group OWNER TO genuwine12;

--
-- Name: auth_group_permissions; Type: TABLE; Schema: public; Owner: genuwine12
--

CREATE TABLE public.auth_group_permissions (
    id integer NOT NULL,
    group_id integer NOT NULL,
    permission_id integer NOT NULL
);


ALTER TABLE public.auth_group_permissions OWNER TO genuwine12;

--
-- Name: auth_permission; Type: TABLE; Schema: public; Owner: genuwine12
--

CREATE TABLE public.auth_permission (
    id integer NOT NULL,
    name character varying(255) NOT NULL,
    content_type_id integer NOT NULL,
    codename character varying(100) NOT NULL
);


ALTER TABLE public.auth_permission OWNER TO genuwine12;

--
-- Name: auth_user; Type: TABLE; Schema: public; Owner: genuwine12
--

CREATE TABLE public.auth_user (
    id integer NOT NULL,
    password character varying(128) NOT NULL,
    last_login timestamp(6) without time zone,
    is_superuser smallint NOT NULL,
    username character varying(150) NOT NULL,
    first_name character varying(30) NOT NULL,
    last_name character varying(150) NOT NULL,
    email character varying(254) NOT NULL,
    is_staff smallint NOT NULL,
    is_active smallint NOT NULL,
    date_joined timestamp(6) without time zone NOT NULL
);


ALTER TABLE public.auth_user OWNER TO genuwine12;

--
-- Name: auth_user_groups; Type: TABLE; Schema: public; Owner: genuwine12
--

CREATE TABLE public.auth_user_groups (
    id integer NOT NULL,
    user_id integer NOT NULL,
    group_id integer NOT NULL
);


ALTER TABLE public.auth_user_groups OWNER TO genuwine12;

--
-- Name: auth_user_user_permissions; Type: TABLE; Schema: public; Owner: genuwine12
--

CREATE TABLE public.auth_user_user_permissions (
    id integer NOT NULL,
    user_id integer NOT NULL,
    permission_id integer NOT NULL
);


ALTER TABLE public.auth_user_user_permissions OWNER TO genuwine12;

--
-- Name: customer_register_customer_user; Type: TABLE; Schema: public; Owner: genuwine12
--

CREATE TABLE public.customer_register_customer_user (
    id integer NOT NULL,
    is_paying smallint NOT NULL,
    phone_number character varying(128),
    user_id integer NOT NULL,
    wants_sms smallint NOT NULL
);


ALTER TABLE public.customer_register_customer_user OWNER TO genuwine12;

--
-- Name: django_admin_log; Type: TABLE; Schema: public; Owner: genuwine12
--

CREATE TABLE public.django_admin_log (
    id integer NOT NULL,
    action_time timestamp(6) without time zone NOT NULL,
    object_id text,
    object_repr character varying(200) NOT NULL,
    action_flag integer NOT NULL,
    change_message text NOT NULL,
    content_type_id integer,
    user_id integer NOT NULL
);


ALTER TABLE public.django_admin_log OWNER TO genuwine12;

--
-- Name: django_content_type; Type: TABLE; Schema: public; Owner: genuwine12
--

CREATE TABLE public.django_content_type (
    id integer NOT NULL,
    app_label character varying(100) NOT NULL,
    model character varying(100) NOT NULL
);


ALTER TABLE public.django_content_type OWNER TO genuwine12;

--
-- Name: django_dramatiq_task; Type: TABLE; Schema: public; Owner: genuwine12
--

CREATE TABLE public.django_dramatiq_task (
    id character(32) NOT NULL,
    status character varying(8) NOT NULL,
    created_at timestamp(6) without time zone NOT NULL,
    updated_at timestamp(6) without time zone NOT NULL,
    message_data bytea NOT NULL
);


ALTER TABLE public.django_dramatiq_task OWNER TO genuwine12;

--
-- Name: django_migrations; Type: TABLE; Schema: public; Owner: genuwine12
--

CREATE TABLE public.django_migrations (
    id integer NOT NULL,
    app character varying(255) NOT NULL,
    name character varying(255) NOT NULL,
    applied timestamp(6) without time zone NOT NULL
);


ALTER TABLE public.django_migrations OWNER TO genuwine12;

--
-- Name: django_session; Type: TABLE; Schema: public; Owner: genuwine12
--

CREATE TABLE public.django_session (
    session_key character varying(40) NOT NULL,
    session_data text NOT NULL,
    expire_date timestamp(6) without time zone NOT NULL
);


ALTER TABLE public.django_session OWNER TO genuwine12;

--
-- Name: django_twilio_caller; Type: TABLE; Schema: public; Owner: genuwine12
--

CREATE TABLE public.django_twilio_caller (
    id integer NOT NULL,
    blacklisted smallint NOT NULL,
    phone_number character varying(128) NOT NULL
);


ALTER TABLE public.django_twilio_caller OWNER TO genuwine12;

--
-- Name: django_twilio_credential; Type: TABLE; Schema: public; Owner: genuwine12
--

CREATE TABLE public.django_twilio_credential (
    id integer NOT NULL,
    name character varying(30) NOT NULL,
    account_sid character varying(34) NOT NULL,
    auth_token character varying(32) NOT NULL,
    user_id integer NOT NULL
);


ALTER TABLE public.django_twilio_credential OWNER TO genuwine12;

--
-- Name: expenses_expenses; Type: TABLE; Schema: public; Owner: genuwine12
--

CREATE TABLE public.expenses_expenses (
    id integer NOT NULL,
    amount numeric(8,2) NOT NULL,
    submit_date timestamp(6) without time zone NOT NULL,
    pay_this_week smallint NOT NULL,
    expense_type character varying(100) NOT NULL,
    document_link character varying(100),
    customer_id integer NOT NULL,
    house_id integer,
    description text NOT NULL,
    memo text NOT NULL
);


ALTER TABLE public.expenses_expenses OWNER TO genuwine12;

--
-- Name: jobs_current_worker; Type: TABLE; Schema: public; Owner: genuwine12
--

CREATE TABLE public.jobs_current_worker (
    id integer NOT NULL,
    current smallint NOT NULL,
    company_id integer NOT NULL,
    house_id integer NOT NULL,
    customer_id integer,
    job_id integer
);


ALTER TABLE public.jobs_current_worker OWNER TO genuwine12;

--
-- Name: jobs_house; Type: TABLE; Schema: public; Owner: genuwine12
--

CREATE TABLE public.jobs_house (
    id integer NOT NULL,
    address character varying(250) NOT NULL,
    proposed_jobs smallint NOT NULL,
    pending_payments smallint NOT NULL,
    payment_history smallint NOT NULL,
    completed_jobs smallint NOT NULL,
    customer_id integer NOT NULL,
    house_list_file character varying(100),
    rejected_jobs smallint NOT NULL,
    rejected_payments smallint NOT NULL,
    expenses smallint NOT NULL,
    archived smallint NOT NULL,
    after_repair_value numeric(8,2) NOT NULL,
    profit numeric(8,2) NOT NULL,
    purchase_price numeric(8,2) NOT NULL
);


ALTER TABLE public.jobs_house OWNER TO genuwine12;

--
-- Name: jobs_job; Type: TABLE; Schema: public; Owner: genuwine12
--

CREATE TABLE public.jobs_job (
    id integer NOT NULL,
    start_amount numeric(8,2) NOT NULL,
    start_date timestamp(6) without time zone NOT NULL,
    total_paid numeric(8,2) NOT NULL,
    approved smallint NOT NULL,
    rejected smallint NOT NULL,
    document_link character varying(100),
    balance_amount numeric(8,2) NOT NULL,
    company_id integer NOT NULL,
    house_id integer NOT NULL,
    notes text NOT NULL,
    job_type character varying(100) NOT NULL
);


ALTER TABLE public.jobs_job OWNER TO genuwine12;

--
-- Name: jobs_request_payment; Type: TABLE; Schema: public; Owner: genuwine12
--

CREATE TABLE public.jobs_request_payment (
    id integer NOT NULL,
    submit_date timestamp(6) without time zone NOT NULL,
    approved_date timestamp(6) without time zone NOT NULL,
    amount numeric(8,2) NOT NULL,
    approved smallint NOT NULL,
    document_link character varying(100),
    house_id integer NOT NULL,
    job_id integer NOT NULL,
    created_by_system smallint NOT NULL,
    rejected smallint NOT NULL,
    paid_link character varying(100)
);


ALTER TABLE public.jobs_request_payment OWNER TO genuwine12;

--
-- Data for Name: appointments_appointment; Type: TABLE DATA; Schema: public; Owner: genuwine12
--

COPY public.appointments_appointment (id, name, phone_number, "time", task_id, created, time_zone, confirmed, unit_type) FROM stdin;
1	Andre Mashraghi	+15613465571	2019-10-05 20:30:00		2019-10-04 16:57:22.16828	US/Eastern	0	3 Bedrooms
\.


--
-- Data for Name: auth_group; Type: TABLE DATA; Schema: public; Owner: genuwine12
--

COPY public.auth_group (id, name) FROM stdin;
3	2
5	2/
1	Customers
4	Customers Staff
2	Workers
\.


--
-- Data for Name: auth_group_permissions; Type: TABLE DATA; Schema: public; Owner: genuwine12
--

COPY public.auth_group_permissions (id, group_id, permission_id) FROM stdin;
\.


--
-- Data for Name: auth_permission; Type: TABLE DATA; Schema: public; Owner: genuwine12
--

COPY public.auth_permission (id, name, content_type_id, codename) FROM stdin;
1	Can add current_ worker	1	add_current_worker
2	Can change current_ worker	1	change_current_worker
3	Can delete current_ worker	1	delete_current_worker
4	Can add house	2	add_house
5	Can change house	2	change_house
6	Can delete house	2	delete_house
7	Can add job	3	add_job
8	Can change job	3	change_job
9	Can delete job	3	delete_job
10	Can add request_ payment	4	add_request_payment
11	Can change request_ payment	4	change_request_payment
12	Can delete request_ payment	4	delete_request_payment
13	Can add log entry	5	add_logentry
14	Can change log entry	5	change_logentry
15	Can delete log entry	5	delete_logentry
16	Can add permission	6	add_permission
17	Can change permission	6	change_permission
18	Can delete permission	6	delete_permission
19	Can add group	7	add_group
20	Can change group	7	change_group
21	Can delete group	7	delete_group
22	Can add user	8	add_user
23	Can change user	8	change_user
24	Can delete user	8	delete_user
25	Can add content type	9	add_contenttype
26	Can change content type	9	change_contenttype
27	Can delete content type	9	delete_contenttype
28	Can add session	10	add_session
29	Can change session	10	change_session
30	Can delete session	10	delete_session
31	Can add expenses	11	add_expenses
32	Can change expenses	11	change_expenses
33	Can delete expenses	11	delete_expenses
34	Can add customer_ user	12	add_customer_user
35	Can change customer_ user	12	change_customer_user
36	Can delete customer_ user	12	delete_customer_user
37	Can view customer_ user	12	view_customer_user
38	Can view expenses	11	view_expenses
39	Can view house	2	view_house
40	Can view job	3	view_job
41	Can view request_ payment	4	view_request_payment
42	Can view current_ worker	1	view_current_worker
43	Can view log entry	5	view_logentry
44	Can view group	7	view_group
45	Can view permission	6	view_permission
46	Can view user	8	view_user
47	Can view content type	9	view_contenttype
48	Can view session	10	view_session
49	Can add caller	13	add_caller
50	Can change caller	13	change_caller
51	Can delete caller	13	delete_caller
52	Can view caller	13	view_caller
53	Can add credential	14	add_credential
54	Can change credential	14	change_credential
55	Can delete credential	14	delete_credential
56	Can view credential	14	view_credential
57	Can add task	15	add_task
58	Can change task	15	change_task
59	Can delete task	15	delete_task
60	Can view task	15	view_task
61	Can add appointment	16	add_appointment
62	Can change appointment	16	change_appointment
63	Can delete appointment	16	delete_appointment
64	Can view appointment	16	view_appointment
\.


--
-- Data for Name: auth_user; Type: TABLE DATA; Schema: public; Owner: genuwine12
--

COPY public.auth_user (id, password, last_login, is_superuser, username, first_name, last_name, email, is_staff, is_active, date_joined) FROM stdin;
1	pbkdf2_sha256$120000$cu7TW7mvtwAB$JqWgFlsIeeF7EgEES0fsfW/v2w2VJGGebfNdhDMleFI=	2019-12-19 18:10:59.353458	1	genuwine12			andre.mashraghi@gmail.com	1	1	2018-02-27 15:10:02.844
2	pbkdf2_sha256$120000$vREddDziuiT9$/Tj06RN+lrHiIv2OWV8ElC6H5dkYLBIsty2++dV4QpY=	2019-12-30 17:49:39.052019	0	am3141			am3141@live.com	0	1	2018-02-27 15:11:40.79
3	pbkdf2_sha256$100000$Vd3J8r9MEef4$3A3NosHm0k2+VM+DZlewkCeGErQtiZ0aZVBJNXayx6M=	2018-12-13 01:58:56.228099	0	samjack			negar@jazayrigroup.net	0	1	2018-02-27 20:21:56.669
5	pbkdf2_sha256$100000$1lUOpo4oIMUJ$Xum6QPGiqx3AszWyLCdVkjsHMp5LVt3Svb9xPOPxryA=	2018-03-13 21:27:27.333	0	Clarospaintinginc			josesito503.jv@gmail.com	0	1	2018-03-13 21:27:26.734
6	pbkdf2_sha256$100000$peWsjrRAredd$1liblAZaqhlsaVaf/kM0y6QbgQFK5ZnngZloiztqL5M=	2018-05-08 04:28:05.566154	0	electricalandlightingdesignllc			electricalandlightingdesign@gmail.com	0	1	2018-03-14 16:18:30.807
7	pbkdf2_sha256$100000$ZTGnU80WpDQV$eY8g8ESLt/vD7lATlj2/zXGXmCW36Um8hdjMp70Q7t0=	2018-04-12 17:57:31.173355	0	Bluehomecarellc			bluehomecarellc@gmail.com	0	1	2018-03-14 16:39:04.056
8	pbkdf2_sha256$100000$RLoaXM5ovoJH$D13YWeYFB/uGzMrBP+KGGUKjD6SPXeKS5pIMnN9/vuM=	2018-03-27 11:38:46.402	0	JamesLawton			JAMESBLAWTON2@gmail.com	0	1	2018-03-15 04:35:13.997
9	pbkdf2_sha256$120000$RKKMAnFGxWDZ$5RVnFmOWK98xa6QGq4bubKGw5pyng8W3cXqPKvNGeUY=	2019-08-07 14:10:28.426568	0	allcompany			am3141@live.com	0	1	2018-03-15 16:56:08
10	pbkdf2_sha256$100000$cVDlaTAORYoG$0iiibBGdNgh8rkdnWQBbYAsvMJlOOQ/lIjSJ8le2sNY=	2018-03-15 20:39:08.747	0	coasttocoastgaragedoor			Service@c2cgaragedoors.com	0	1	2018-03-15 20:39:08.259
11	pbkdf2_sha256$120000$a1uIoz9lDu6l$e5Vsa/UUjLXocfO+w3RJQ9QO02TmsZ3Bnb1satT2nvg=	2018-03-21 18:55:32.303	0	kingairconditioning			Kingsair24@gmail.com	0	1	2018-03-21 18:55:31.686
12	pbkdf2_sha256$100000$Z4anBRipKXix$NsVd2pgk2WYsYATgLBPyHZ3bEoDZMYAc3R0NQ/TVEoc=	2019-03-08 02:38:31.979664	0	GedeonProfessionalLandscape			gedeontreetrimming@gmail.com	0	1	2018-03-21 20:47:15.409
13	pbkdf2_sha256$120000$Efat80hQMznU$IoAOEfKju7UI5Y+r3/Oh7hR9nDcpXjPTZyxstL7XRtU=	2019-05-09 13:33:11.447931	0	Kingsair24@gmail.com			Kingsair24@gmail.com	0	1	2018-03-28 14:35:23.27
14	pbkdf2_sha256$100000$Pi6xiymqWnaD$AeejowaW6WPM/Hd6sJHfGJw5YFQAYMjK2uBbdl2vLR4=	2018-05-18 00:43:19.646726	0	DiamondACLLC			firefighterdiamond77@hotmail.com	0	1	2018-03-29 10:20:48.227
15	pbkdf2_sha256$120000$N6qdBbxk4QfJ$949VIyZEs5v4TlnMjvK3UovqYf5w2zA2meApCmPTHeQ=	2019-12-09 16:52:46.506527	0	bigbossusa			bigbossusa@hotmail.com	0	1	2018-04-04 04:37:54.701
16	pbkdf2_sha256$100000$yNWUPAWSTygN$/f3deV63ML2z+u42+Yxlw8LpgRzoSJUevVtsWwwcM78=	2018-04-10 01:38:54.796	0	bigboss			bisgbossusa@hotmail.com	0	1	2018-04-10 01:38:54.244
17	pbkdf2_sha256$100000$jyMWYK3fCjZY$8vI0uufmc+0ZJR2fhRnXvjo8q7fLr/sxTT8OnFD3P2k=	2018-09-20 01:19:04.729005	0	alan_mashraghi_no_1099			am3141@live.com	0	1	2018-04-18 17:15:15.707985
18	pbkdf2_sha256$120000$O87QJhTZaeB3$lEK/iOGJxehRtDdgQk5lUFlVNzDSF8TsAzuYwUtXHdY=	2019-10-30 20:36:34.624237	0	MandAInc			gabriel@amgprop.com	0	1	2018-04-19 02:56:37.216518
20	pbkdf2_sha256$100000$z3WW21sXjPE9$dITj5jLh7lvUZlQhV+iFjr5ttz7LFCoSEt8S74UotgM=	2018-04-19 12:27:03.04448	0	cecile			cecile@jazayrigroup.net	0	1	2018-04-19 12:20:55.840574
21	pbkdf2_sha256$100000$s9isFV4WO0eE$P4g6ETIxX7GnEnvkfDRBOfv5KPIPB4RbxuvZt14V8P8=	2018-04-24 14:55:38.023789	0	Firstresponseplumbers			Firstresponseplumbers@gmail.com	0	1	2018-04-24 14:55:37.706836
27	pbkdf2_sha256$100000$VRkMkhGCLpQG$XV5sgNJ7hmeeiYlblEfAyPsXtU8IQdDmVVqj46j+DCE=	2018-05-09 15:24:53.487386	0	precisionfinish			precisionfinishresurfacing@yahoo.com	0	1	2018-04-30 15:30:03.605907
28	pbkdf2_sha256$100000$bjxiDNry7poU$erivcKSRl6kK6lCEZ/tyMcQNWWXOVbkCITj5elY2jS4=	2018-05-02 12:39:55.781506	0	Specialty-glass			secretaryspecialtyglass@aol.com	0	1	2018-05-02 12:39:55.390934
29	pbkdf2_sha256$100000$y9XHUSRSPcHK$xO8i7giDl0udt9qVXgMM2IRM6wBObZLbUZHF8Ssrmkw=	2018-05-02 15:04:48.559684	0	matthabibi			matt@mhabibilaw.com	0	1	2018-05-02 15:04:48.127909
30	pbkdf2_sha256$100000$CMO4XUu0QwhZ$xmgMCw7IyYBgOvNcCQZ4rvLXnJ9gBMdYcyieVGG62ic=	2018-05-16 16:37:43.599635	0	amazingglass			contact@amazingglassandmirrors.com	0	1	2018-05-16 16:35:18.929489
31	pbkdf2_sha256$100000$NlR7Jc38gV4w$qJYGUHDcMpIFJGy0h19juKeyYSKmp4jQXHKoT6VxggY=	2018-08-27 23:38:49.707556	0	DIAONDACLLC			firefighterdiamond77@hotmail.com	0	1	2018-05-17 11:25:42.917122
32	pbkdf2_sha256$120000$i3P3s5VQ37WZ$oqaaplKNqmt2iowzhPjLdxNWMX3pi6JejnzcySPY3OM=	2019-04-01 15:50:18.049165	0	Acesecuritylocksmith			acesecuritylocksmith@gmail.com	0	1	2018-05-22 03:10:37.569792
33	pbkdf2_sha256$100000$GVwkCBejqljt$OZrDICaILJdx+Yve2LClkeC4PgKbOqdLBOhVGumI4j0=	2018-05-23 00:35:39.890808	0	francisfin			francisfinnerty1@hotmail.com	0	1	2018-05-23 00:35:00.780677
34	pbkdf2_sha256$120000$jKNSTVGoFYtr$kia4SbqqC3qpXYTuktE22+EEY9zNDtv1OJEdaQwkT58=	2019-10-02 22:18:54.868659	0	avanzzopainting			avanzzohome@gmail.com	0	1	2018-05-23 02:15:29.172831
35	pbkdf2_sha256$100000$UqyzIVx68Myg$Hms+JhNBVZM5G2IIUSBn/Li/iQB8uXenQYrOPBO7kVU=	2018-05-30 13:52:56.771858	0	matthabibi@gmail.com			matt@mhabibilaw.com	0	1	2018-05-30 13:52:56.43077
36	pbkdf2_sha256$100000$OJiofwra8URC$YMCvvh1yzgpw+X+SPFImLHYLvTeKEy0bJdegErRP0B8=	2018-05-30 14:33:28.630597	0	matt@mhabibilaw.com			matt@mhabibilaw.com	0	1	2018-05-30 14:33:28.264087
37	pbkdf2_sha256$100000$DbjOh3b3Qrq9$dDKiBEpM1aSWvlg3hHntiw++7xr/9KDEcSoN/y5ILXs=	2018-06-13 11:43:15.115986	0	Colonialroofservices			happyroofing@gmail.com	0	1	2018-06-06 14:07:11.00933
38	pbkdf2_sha256$100000$kt3fZRwPhWHz$a8LbdQNBEnTsXpnXJ7yE/nx60azxrA3Bv926JKLPph0=	2018-07-10 15:49:47.265369	0	matt1110			matt@mhabibilaw.com	0	1	2018-07-10 15:49:46.941038
39	pbkdf2_sha256$100000$NXxWMa7eKIuK$SG4JnXdsFtl7K17xxs4cOI2UkoLquMXLYqTi79bVTXM=	2018-07-18 14:19:36.66709	0	Amazingglassandmirrors			contact@amazingglassandmirrors.com	0	1	2018-07-18 14:15:59.370657
40	pbkdf2_sha256$120000$CSBbZIBO5KSv$Gwv7a28d9GlLHLZgsdNgiWEvA+wf4AgIWRSP5L6/dnE=	2019-04-03 22:50:45.322502	0	Kingsair			Kingsair24@gmail.com	0	1	2018-07-25 19:26:04.663599
41	pbkdf2_sha256$100000$3gJ6ZYa0wef6$6H7NkWS8h3LAJvSRm4krzvW1EC6bI0pC3OjiVD1bhDE=	2018-07-31 17:54:16.218166	0	leakadvisors@gmail.com			leakadvisors@gmail.com	0	1	2018-07-31 17:54:15.944913
42	pbkdf2_sha256$100000$iuznO6qXPOXm$AAGnuKbLNJwC9vhpv0WGcwQ+Kuln/zYHq0Ib6caz5Jo=	2018-08-01 14:28:04.469159	0	Bigbossusa8			bigbossusa@hotmail.com	0	1	2018-08-01 14:28:04.059379
43	pbkdf2_sha256$120000$kUCrn9v5NC58$Wt0WyKag3ymGf4J84bqhMjWR0TC2EIT9Gexn550LAiE=	2019-08-29 16:54:48.801305	0	ryanplumbinginc@gmail.com			ryanplumbinginc@gmail.com	0	1	2018-08-01 14:30:46.940422
44	pbkdf2_sha256$100000$NuEZoHJgCI0C$yDUZ5NcTA8fOYPNiaJ+ZT4yAlZOotYhOR4Pj3W68vxs=	2018-08-09 15:50:28.160666	0	Xtremeclean2			mj@xcleanpowerwash.com	0	1	2018-08-09 15:31:09.01676
45	pbkdf2_sha256$100000$Bsiy9K3BEHJj$x90M5dO+Xt+WECtrm3Y+9oG9zlcMGHUftid70x9N+KY=	2018-08-10 00:52:06.846081	0	mjuliano2			mj@xcleanpowerwash.com	0	1	2018-08-10 00:52:06.511704
46	pbkdf2_sha256$100000$Yf1bZ4XN10n6$E4cag4+KBhdWkENulAv/IfpvY3Cm9r/ouLFgedXNW3Q=	2018-08-15 23:46:23.424808	0	bngc			am3141@live.com	0	1	2018-08-15 23:46:23.12876
47	pbkdf2_sha256$100000$xaWnE3jAWhJJ$ksEyYs/HyZYbg9FnlrnDJiWnKjW6FoLQxUzZSY6/24Y=	2018-08-24 15:15:35.1311	0	Ashhandyman			ash_handyman@yahoo.com	0	1	2018-08-24 15:15:34.428144
48	pbkdf2_sha256$100000$dHhR5xIIAXql$tCGdss1ZlQWhHsGM7FNNqXbMXaqPUiVEJCWIVtjFw8w=	2019-01-24 17:39:08.641547	0	Exclusive2011			info@exclusiveelectricservice.com	0	1	2018-08-27 23:22:38.88519
49	pbkdf2_sha256$100000$ovFRGVCf8JTq$yqfJHJHwlEe9AoTPFnp2Xh/aTVhu7NZbAy9gOQkTI2Y=	2018-08-29 16:48:42.996344	0	Nick9005			nick345@gmail.com	0	1	2018-08-29 16:48:42.693212
50	pbkdf2_sha256$100000$nhuQBCtD3F6w$zTigZETmRX+f8EgcEhnusDb/NovnnpPFKxMieE6D7UM=	2018-10-01 15:29:39.565354	0	Floridacoastalcontracting			edwinquiles7@gmail.com	0	1	2018-10-01 15:29:39.025813
51	pbkdf2_sha256$100000$sbLXN59tGHp3$g6ZlE83Ld9PneQbMGil94cN70m4j5fV8P0aqL35sVwc=	2018-10-15 20:51:50.784127	0	SpecialtyGlass			secretaryspecialtyglass@aol.com	0	1	2018-10-15 20:51:50.293344
53	pbkdf2_sha256$100000$HUfaiOAcRskS$j7Esktma/MvkiDC7Idb5DxfMjVtaTM4DpjMB7wgoMmw=	2018-10-26 09:45:53.684856	0	Lefteri56			tzirtidis@yahoo.com	0	1	2018-10-26 09:45:53.165575
54	pbkdf2_sha256$100000$g9xL8ZjLXqxC$rwygsp3H7OflNc1dGbGuUNdn09xkKNaKoSOXsKS/omk=	2018-10-28 07:35:47.031449	0	salonica56			tzirtidis@yahoo.com	0	1	2018-10-28 07:34:27.948173
55	pbkdf2_sha256$100000$3KjxGXhGGL96$it24hYEOxUb2SD9lgJo7CHdsCIMQje/ES0gJc6fBbXE=	2018-10-29 19:09:59.976156	0	tzirtidis			tzirtidis@yahoo.com	0	1	2018-10-29 19:09:59.684089
57	pbkdf2_sha256$100000$FZvWxmYilt1N$RRCzrGvSyUAzBTNtQtqe5aOM83lqw+0nRTjmAW4uNCk=	2018-12-07 18:55:32.128957	0	C2cgaragedoor			c2cgaragedoor@live.com	0	1	2018-12-07 18:55:31.741569
58	pbkdf2_sha256$100000$iTR2qLGiLsln$2foRsYyBL2+iQvjIZNK6f426zUHdYmmSEkbIQhqBCDs=	2018-12-18 17:50:51.048419	0	Bobdiller			andre.mashraghi@gmail.com	0	1	2018-12-18 17:50:50.710316
59	pbkdf2_sha256$100000$4O2gvBsifUGU$msQ370/MSWY5zkcsvDbBnZVDf76ZzFa122fwUOigpQo=	2019-01-02 18:02:19.731898	0	MasterpieceCabinets			masterpiececabinetsinc@gmail.com	0	1	2018-12-19 14:27:59.579083
60	pbkdf2_sha256$120000$QobVagCheM7D$E5FGyIWWeLUZa7EllFSH2kjUx/xB8pYUvDkaxwh7TAc=	2019-04-17 14:50:55.398628	0	jptrag			jptrag@bellsouth.net	0	1	2018-12-20 16:55:49.68011
61	pbkdf2_sha256$100000$ble17gFk8pIg$l+uhyr56oeOWsCIhaye48XPVbZMKXcrWkd6gmdUwnWY=	2018-12-26 17:31:05.951571	0	Debbie			debbie@screenbuildersinc.com	0	1	2018-12-26 17:31:05.609451
62	pbkdf2_sha256$100000$twuKlvWpr6PQ$J3pJQTl4XN1Y85T2rjC+Gtgm8lc8JwNwSLEDqSnVIUQ=	2019-01-03 17:00:24.669943	0	lbfaithhandyman@gmail.com			lbfaithhandyman@gmail.com	0	1	2019-01-03 17:00:23.985759
63	pbkdf2_sha256$100000$63NNwqBjglvj$xYRspubzVGVszPDWX/522t5Er1/6lYSgGr79L0kXs1o=	2019-01-11 17:11:36.352484	0	Courtney			lbfaithhandyman@gmail.com	0	1	2019-01-11 17:11:35.825842
64	pbkdf2_sha256$120000$4thou6XPwWoD$J87o57jCWifN0GDEifeoE7cG1PEYxM6vOXBEOJChz+Q=	2019-04-18 22:33:11	0	Gardenswater			randybrooke88@yahoo.com	0	1	2019-04-15 18:53:01
65	pbkdf2_sha256$120000$IDSXwJ37JRGe$Yznevb0bA3vu5vfHpgsSKN9OyZicv5iNJpMgQyS9mtI=	\N	0	TimEcker	Tim	Ecker	eckerslawnandtree@gmail.com	0	1	2019-05-15 14:33:27
\.


--
-- Data for Name: auth_user_groups; Type: TABLE DATA; Schema: public; Owner: genuwine12
--

COPY public.auth_user_groups (id, user_id, group_id) FROM stdin;
1	2	1
2	3	3
3	3	4
6	5	2
7	5	3
8	6	2
9	6	3
10	7	2
11	7	3
12	8	2
13	8	3
14	9	2
15	9	3
16	10	2
17	10	3
18	11	2
19	11	3
20	12	2
21	12	3
22	13	2
23	13	3
24	14	2
25	14	3
26	15	2
27	15	3
28	16	2
29	16	3
30	17	2
31	17	3
32	18	2
33	18	3
36	20	2
37	20	3
38	21	2
39	21	3
50	27	2
51	27	3
52	28	2
53	28	3
54	29	2
55	29	3
56	30	2
57	30	3
58	31	2
59	31	3
60	32	2
61	32	3
62	33	2
63	33	3
64	34	2
65	34	3
66	35	2
67	35	3
68	36	2
69	36	3
70	37	2
71	37	3
72	38	2
73	38	3
74	39	2
75	39	3
76	40	2
77	40	3
78	41	2
79	41	3
80	42	2
81	42	3
82	43	2
83	43	3
84	44	2
85	44	3
86	45	2
87	45	3
88	46	2
89	46	3
90	47	2
91	47	3
92	48	2
93	48	3
94	49	2
95	49	3
96	50	2
97	50	3
98	51	2
99	51	3
102	53	2
103	53	3
104	54	2
105	54	3
106	55	2
107	55	3
109	57	2
110	57	3
111	58	2
112	58	3
113	59	2
114	59	3
115	60	2
116	60	3
117	61	2
118	61	3
119	62	2
120	62	3
121	63	2
122	63	3
123	64	2
124	64	3
125	65	2
126	65	3
\.


--
-- Data for Name: auth_user_user_permissions; Type: TABLE DATA; Schema: public; Owner: genuwine12
--

COPY public.auth_user_user_permissions (id, user_id, permission_id) FROM stdin;
\.


--
-- Data for Name: customer_register_customer_user; Type: TABLE DATA; Schema: public; Owner: genuwine12
--

COPY public.customer_register_customer_user (id, is_paying, phone_number, user_id, wants_sms) FROM stdin;
1	0	+15613465571	2	1
\.


--
-- Data for Name: django_admin_log; Type: TABLE DATA; Schema: public; Owner: genuwine12
--

COPY public.django_admin_log (id, action_time, object_id, object_repr, action_flag, change_message, content_type_id, user_id) FROM stdin;
1	2018-02-27 16:30:51.511	1	Carlos_Painting_Inc-22852 Marbella Cir	2	[{"changed": {"fields": ["balance_amount"]}}]	3	1
2	2018-02-27 16:33:16.108	1	Carlos_Painting_Inc-22852 Marbella Cir	2	[{"changed": {"fields": ["start_amount"]}}]	3	1
3	2018-02-27 18:35:09.037	4	Carlos_Painting_Inc-3916 NW Deer Oak	3		1	1
4	2018-02-27 18:35:22.682	2	Carlos_Painting_Inc-3916 NW Deer Oak	3		3	1
5	2018-02-27 18:35:22.732	1	Carlos_Painting_Inc-22852 Marbella Cir	3		3	1
6	2018-02-27 18:35:41.717	1	22852 Marbella Cir	2	[{"changed": {"fields": ["payment_history", "completed_jobs"]}}]	2	1
7	2018-02-27 20:12:59.066	3	Carlos_Painting_Inc	3		8	1
8	2018-02-27 20:12:59.098	4	staff	3		8	1
9	2018-03-07 14:55:37.684	7	Worker3-117 Waterview Way	3		1	1
10	2018-03-07 14:55:58.933	3	Worker3-117 Waterview Way	3		3	1
11	2018-03-14 00:52:24.602	4	Barttileinstallation-11852 61st St N	3		3	1
12	2018-03-14 00:52:47.119	8	Barttileinstallation-11852 61st St N	3		1	1
13	2018-03-15 17:08:46.145	12	16785 Temple Blvd	2	[{"changed": {"fields": ["proposed_jobs"]}}]	2	1
14	2018-03-15 17:10:45.97	12	16785 Temple Blvd	2	[{"changed": {"fields": ["proposed_jobs"]}}]	2	1
15	2018-03-15 17:24:51.294	11	Worker3-16785 Temple Blvd	3		3	1
16	2018-03-15 17:24:51.321	10	Plana-16785 Temple Blvd	3		3	1
17	2018-03-15 17:24:51.36	8	Plana-16785 Temple Blvd	3		3	1
18	2018-03-15 17:25:56.24	13	Plana	3		8	1
19	2018-03-15 17:25:56.406	5	Worker3	3		8	1
20	2018-03-22 01:58:35.431	14	kingairconditioning-4680 NE Sandpebble Trace	3		3	1
21	2018-03-22 03:08:39.647	7	Clarospaintinginc-250-True	1	[{"added": {}}]	4	1
22	2018-03-22 03:13:43.522	7	Clarospaintinginc-250.00-True	3		4	1
23	2018-03-22 03:14:10.89	5	Clarospaintinginc-10562 Wheelhouse Circle	2	[{"changed": {"fields": ["total_paid"]}}]	3	1
24	2018-03-22 03:15:31.713	5	Clarospaintinginc-10562 Wheelhouse Circle	2	[{"changed": {"fields": ["balance_amount"]}}]	3	1
25	2018-03-22 03:16:37.975	8	10562 Wheelhouse Circle	2	[]	2	1
26	2018-03-22 03:18:20.721	11	Clarospaintinginc-10562 Wheelhouse Circle	3		1	1
27	2018-03-22 03:19:36.393	12	coasttocoastgaragedoor-5033 Solar Point Drive	2	[{"changed": {"fields": ["total_paid", "balance_amount"]}}]	3	1
28	2018-03-22 03:20:09.191	15	coasttocoastgaragedoor-5033 Solar Point Drive	3		1	1
29	2018-03-22 03:22:31.494	8	GedeonProfessionalLandscape-1260-False	1	[{"added": {}}]	4	1
30	2018-03-22 03:23:30.192	9	kingairconditioning-1390-False	1	[{"added": {}}]	4	1
31	2018-03-22 03:24:30.566	10	GedeonProfessionalLandscape-110-False	1	[{"added": {}}]	4	1
32	2018-03-22 03:25:59.124	11	GedeonProfessionalLandscape-120-False	1	[{"added": {}}]	4	1
33	2018-03-22 03:29:10.877	12	allcompany-225-False	1	[{"added": {}}]	4	1
34	2018-03-29 03:05:18.854	15	JamesLawton-395-False	1	[{"added": {}}]	4	1
35	2018-03-29 03:09:24.676	16	GedeonProfessionalLandscape-70-False	1	[{"added": {}}]	4	1
36	2018-03-29 03:11:25.453	17	JamesLawton-200-False	1	[{"added": {}}]	4	1
37	2018-03-29 03:12:09.147	18	JamesLawton-175-False	1	[{"added": {}}]	4	1
38	2018-03-29 03:13:32.247	19	GedeonProfessionalLandscape-400-False	1	[{"added": {}}]	4	1
39	2018-03-29 03:23:13.695	13	allcompany-0.00-True	3		4	1
40	2018-03-29 12:59:13.023	28	GedeonProfessionalLandscape-13377 Doubletree Circle	3		1	1
41	2018-04-11 11:52:46.958454	4	Barttileinstallation	3		8	1
42	2018-04-11 12:36:02.900823	44	allcompany-414 Griswold Dr	3		3	1
43	2018-04-11 12:37:59.984881	35	allcompany-414 Griswold Dr	3		1	1
44	2018-04-12 01:49:22.3549	49	allcompany-522 S Palmway	3		3	1
45	2018-04-12 02:02:07.579574	50	allcompany-522 S Palmway	3		3	1
46	2018-04-12 03:38:57.818703	35	Kingsair24@gmail.com-89.0-False	1	[{"added": {}}]	4	1
47	2018-04-12 03:41:13.132299	35	Kingsair24@gmail.com-89.00-True	2	[{"changed": {"fields": ["approved"]}}]	4	1
48	2018-04-12 03:43:39.577487	35	Kingsair24@gmail.com-89.00-True	3		4	1
49	2018-04-12 03:45:13.684494	52	kingairconditioning-1133 Benoist Farms Road	1	[{"added": {}}]	3	1
50	2018-04-17 01:25:44.097079	29	1234 Old Fart Way	3		2	1
51	2018-04-18 17:13:18.209259	56	allcompany-441 W 35th Street	3		3	1
52	2018-04-18 17:13:18.239427	55	allcompany-10475 Galleria Street	3		3	1
53	2018-04-18 17:13:18.275704	54	allcompany-6924 Camille Street	3		3	1
54	2018-04-18 22:21:54.105291	38	alan_mashraghi_no_1099-1000.00-False	3		4	1
55	2018-04-19 01:52:17.727809	60	electricalandlightingdesignllc-4680 NE Sandpebble Trace	2	[{"changed": {"fields": ["document_link"]}}]	3	1
56	2018-04-19 01:55:03.241387	61	allcompany-10861 Southeast Arielle Terrace	3		3	1
57	2018-04-19 02:33:23.715217	63	allcompany-157 Gregory Place	3		3	1
58	2018-04-19 02:33:23.723842	62	allcompany-10861 Southeast Arielle Terrace	3		3	1
59	2018-04-19 03:10:33.97984	66	MandAInc-6924 Camille Street	2	[{"changed": {"fields": ["company"]}}]	3	1
60	2018-04-19 03:10:47.807853	65	MandAInc-441 W 35th Street	2	[{"changed": {"fields": ["company"]}}]	3	1
61	2018-04-19 03:10:56.901951	64	MandAInc-414 Griswold Dr	2	[{"changed": {"fields": ["company"]}}]	3	1
62	2018-04-19 03:13:52.208271	66	MandAInc-6924 Camille Street	2	[]	3	1
63	2018-04-25 16:04:58.149471	73	Firstresponseplumbers-6924 Camille Street-650.00	2	[{"changed": {"fields": ["start_amount"]}}]	3	1
64	2018-04-27 21:21:32.242473	22	allcompany1	3		8	1
65	2018-04-27 21:21:32.278427	23	allcompany12	3		8	1
66	2018-04-27 21:21:32.314353	24	test52	3		8	1
67	2018-04-27 21:24:05.804159	25	Test12	3		8	1
68	2018-04-27 21:26:53.431745	26	samjack526	3		8	1
69	2018-05-05 14:48:51.416043	22	6924 Camille Street	2	[{"changed": {"fields": ["completed_jobs"]}}]	2	1
70	2018-05-07 20:22:07.27775	26	117 Waterview Way	2	[{"changed": {"fields": ["completed_jobs"]}}]	2	1
71	2018-05-07 20:28:13.033545	98	allcompany-522 S Palmway-2000.00	3		3	1
72	2018-05-23 19:41:50.790392	6	electricalandlightingdesignllc-414 Griswold Dr-5200.00	2	[{"changed": {"fields": ["approved"]}}]	3	1
73	2018-05-23 20:24:07.538245	104	electricalandlightingdesignllc-414 Griswold Dr-1500.00	2	[{"changed": {"fields": ["start_amount", "total_paid"]}}]	3	1
74	2018-05-23 20:24:55.858282	75	electricalandlightingdesignllc-1500.00-True	2	[{"changed": {"fields": ["amount", "document_link"]}}]	4	1
75	2018-05-25 16:17:35.380856	108	avanzzopainting-2000.00-True	3		4	1
76	2018-05-25 16:18:02.626426	128	avanzzopainting-11852 61st St N-2000.00	2	[{"changed": {"fields": ["total_paid", "balance_amount"]}}]	3	1
77	2018-05-30 19:34:16.376364	9	allcompany	2	[{"changed": {"fields": ["email"]}}]	8	1
78	2018-05-30 21:09:31.999794	149	MandAInc-414 Griswold Dr-102.22	2	[{"changed": {"fields": ["document_link"]}}]	3	1
79	2018-06-05 18:07:39.542016	19	Gmash	3		8	1
80	2018-06-12 01:58:58.539702	191	alan_mashraghi_no_1099-3916 NW Deer Oak-334.00	3		3	1
81	2018-06-12 01:58:58.547007	190	allcompany-7360 Via Luria-2323.56	3		3	1
82	2018-06-12 01:58:58.553102	189	allcompany-522 S Palmway-1030.00	3		3	1
83	2018-06-12 01:58:58.55923	188	allcompany-1133 Benoist Farms Road-600.00	3		3	1
84	2018-06-12 01:58:58.565367	187	allcompany-17323 Boca Club-3000.00	3		3	1
85	2018-06-12 01:58:58.571402	186	alan_mashraghi_no_1099-9070 Strandhill Way-170.00	3		3	1
86	2018-06-12 01:58:58.57786	185	alan_mashraghi_no_1099-5033 Solar Point Drive-198.88	3		3	1
87	2018-06-12 01:58:58.584115	184	alan_mashraghi_no_1099-157 Gregory Place-260.00	3		3	1
88	2018-06-20 21:05:54.003933	196	avanzzopainting-6924 Camille Street-1800.00	2	[{"changed": {"fields": ["total_paid", "approved", "rejected", "balance_amount"]}}]	3	1
89	2018-06-20 21:09:51.220918	163	avanzzopainting-1800.00-True	1	[{"added": {}}]	4	1
90	2018-07-16 03:09:07.40121	1	117 Waterview Way-43.84-2018-07-16 03:04:09.401852+00:00	2	[{"changed": {"fields": ["amount"]}}]	11	1
91	2018-07-26 00:33:34.189545	51	117 Waterview Way-179.64-2018-07-25 22:09:06.298051+00:00	2	[{"changed": {"fields": ["expense_type"]}}]	11	1
92	2018-07-26 00:33:42.008985	50	117 Waterview Way-284.42-2018-07-25 22:08:28.649212+00:00	2	[{"changed": {"fields": ["expense_type"]}}]	11	1
93	2018-08-25 13:30:00.893336	303	MandAInc-8944 Escondido Way-4130.89	2	[{"changed": {"fields": ["house"]}}]	3	1
94	2018-08-27 13:42:04.543357	77	441 W 35th Street-155.15-2018-08-27 13:40:12.794629+00:00	2	[]	11	1
95	2018-09-19 16:18:21.832945	362	allcompany-5033 Solar Point Drive-568.67	3		3	1
96	2018-09-19 16:21:38.820048	364	allcompany-5033 Solar Point Drive-87.89	3		3	1
97	2018-09-19 16:21:47.487888	363	allcompany-117 Waterview Way-56.90	3		3	1
98	2018-09-19 16:23:22.539284	365	allcompany-157 Gregory Place-67.90	3		3	1
99	2018-09-20 01:09:14.578928	355	MandAInc-13377 Doubletree Circle-1554.16	2	[{"changed": {"fields": ["start_amount", "total_paid"]}}]	3	1
100	2018-10-03 23:56:02.74697	403	avanzzopainting-8944 Escondido Way-1400	2	[{"changed": {"fields": ["start_amount", "total_paid", "balance_amount"]}}]	3	1
101	2018-10-03 23:59:38.323301	403	avanzzopainting-8944 Escondido Way-1400.00	2	[{"changed": {"fields": ["total_paid", "balance_amount"]}}]	3	1
102	2018-10-10 13:56:39.942536	110	MandAInc-6924 Camille Street-2924.66	2	[{"changed": {"fields": ["start_amount", "total_paid"]}}]	3	1
103	2018-10-10 23:37:28.415017	93	13377 Doubletree Circle-83.40-2018-10-10 23:35:36.092016+00:00	2	[{"changed": {"fields": ["expense_type"]}}]	11	1
104	2018-10-14 17:13:18.475863	426	MandAInc-10861 Southeast Arielle Terrace-200.22	2	[{"changed": {"fields": ["rejected"]}}]	3	1
105	2018-10-14 17:22:57.106061	22	6924 Camille Street	2	[{"changed": {"fields": ["archived"]}}]	2	1
106	2018-10-17 02:28:37.528759	427	allcompany-4680 NE Sandpebble Trace-78.90	3		3	1
107	2018-10-18 14:19:22.542953	428	avanzzopainting-8944 Escondido Way-800.00	2	[{"changed": {"fields": ["start_amount", "total_paid"]}}]	3	1
108	2018-10-20 02:36:51.863881	9	13377 Doubletree Circle	2	[{"changed": {"fields": ["purchase_price", "profit", "after_repair_value"]}}]	2	1
109	2018-10-20 17:42:08.679366	26	117 Waterview Way	2	[{"changed": {"fields": ["purchase_price", "profit", "after_repair_value"]}}]	2	1
110	2018-10-21 17:31:27.72176	22	6924 Camille Street	2	[{"changed": {"fields": ["purchase_price", "profit", "after_repair_value"]}}]	2	1
111	2018-10-21 18:11:30.063824	21	441 W 35th Street	2	[{"changed": {"fields": ["purchase_price", "profit", "after_repair_value"]}}]	2	1
112	2018-10-21 18:17:13.464267	24	11852 61st St N	2	[{"changed": {"fields": ["purchase_price", "profit", "after_repair_value"]}}]	2	1
113	2018-10-22 18:54:09.355544	26	117 Waterview Way	2	[{"changed": {"fields": ["purchase_price", "after_repair_value"]}}]	2	1
114	2018-10-23 01:45:28.390675	433	allcompany-13377 Doubletree Circle-18321.00	2	[{"changed": {"fields": ["total_paid"]}}]	3	1
115	2018-10-23 01:46:31.2213	433	allcompany-13377 Doubletree Circle-18321.00	2	[{"changed": {"fields": ["total_paid"]}}]	3	1
116	2018-10-23 18:31:41.443947	235	GedeonProfessionalLandscape-8944 Escondido Way-400.00	2	[{"changed": {"fields": ["house"]}}]	3	1
117	2018-10-24 17:46:17.859352	32	8944 Escondido Way	2	[{"changed": {"fields": ["purchase_price", "profit"]}}]	2	1
118	2018-10-24 17:47:43.92166	32	8944 Escondido Way	2	[{"changed": {"fields": ["after_repair_value"]}}]	2	1
119	2018-10-24 17:49:43.945827	32	8944 Escondido Way	2	[{"changed": {"fields": ["after_repair_value"]}}]	2	1
120	2018-10-24 19:38:13.197421	453	allcompany-16785 Temple Blvd-4443.00	3		3	1
121	2018-10-24 22:01:14.209465	385	allcompany-6320.70-False	2	[{"changed": {"fields": ["document_link"]}}]	4	1
122	2018-10-24 22:21:53.076297	22	6924 Camille Street	2	[{"changed": {"fields": ["archived", "house_list_file"]}}]	2	1
123	2018-10-25 13:00:16.160607	52	test	3		8	1
124	2018-10-27 00:22:09.0087	23	10475 Galleria Street	2	[{"changed": {"fields": ["purchase_price", "profit", "after_repair_value", "house_list_file"]}}]	2	1
125	2018-10-30 14:46:25.496112	102	13377 Doubletree Circle-267.63-2018-10-23 00:03:18.726592+00:00	2	[{"changed": {"fields": ["expense_type"]}}]	11	1
126	2018-10-30 15:52:20.415754	470	GedeonProfessionalLandscape-157 Gregory Place-60.00	2	[{"changed": {"fields": ["house"]}}]	3	1
127	2018-10-31 19:33:39.799632	448	MandAInc-13377 Doubletree Circle-2683.60	2	[{"changed": {"fields": ["start_amount", "total_paid"]}}]	3	1
128	2018-11-07 21:13:14.194135	9	13377 Doubletree Circle	2	[{"changed": {"fields": ["proposed_jobs", "house_list_file"]}}]	2	1
129	2018-11-07 21:13:44.140513	21	441 W 35th Street	2	[{"changed": {"fields": ["proposed_jobs", "house_list_file"]}}]	2	1
130	2018-11-07 23:07:50.371873	488	MandAInc-441 W 35th Street-3884.64	2	[{"changed": {"fields": ["total_paid", "approved"]}}]	3	1
131	2018-11-07 23:08:26.331973	487	MandAInc-441 W 35th Street-2174.22	2	[{"changed": {"fields": ["total_paid", "approved", "balance_amount"]}}]	3	1
132	2018-11-07 23:08:34.09213	488	MandAInc-441 W 35th Street-3884.64	2	[{"changed": {"fields": ["balance_amount"]}}]	3	1
133	2018-11-07 23:08:52.644116	486	MandAInc-13377 Doubletree Circle-2104.33	2	[{"changed": {"fields": ["total_paid", "balance_amount"]}}]	3	1
134	2018-11-07 23:09:09.328262	485	MandAInc-441 W 35th Street-2104.33	2	[{"changed": {"fields": ["rejected"]}}]	3	1
135	2018-11-07 23:09:31.796074	484	bigbossusa-3916 NW Deer Oak-85.00	2	[{"changed": {"fields": ["total_paid", "balance_amount"]}}]	3	1
136	2018-11-08 14:51:17.609982	486	MandAInc-13377 Doubletree Circle-2104.33	2	[{"changed": {"fields": ["total_paid", "balance_amount"]}}]	3	1
137	2018-11-08 15:50:19.858718	488	MandAInc-441 W 35th Street-3884.64	2	[{"changed": {"fields": ["total_paid", "approved", "balance_amount"]}}]	3	1
138	2018-11-08 15:50:36.475561	487	MandAInc-441 W 35th Street-2174.22	2	[{"changed": {"fields": ["total_paid", "balance_amount"]}}]	3	1
139	2018-11-08 15:51:16.593981	486	MandAInc-13377 Doubletree Circle-2104.33	2	[{"changed": {"fields": ["total_paid", "approved", "balance_amount"]}}]	3	1
140	2018-11-08 15:51:47.377967	487	MandAInc-441 W 35th Street-2174.22	2	[{"changed": {"fields": ["approved"]}}]	3	1
141	2018-11-08 15:56:49.444616	486	MandAInc-13377 Doubletree Circle-2104.33	2	[{"changed": {"fields": ["balance_amount"]}}]	3	1
142	2018-11-08 15:58:09.774418	486	MandAInc-13377 Doubletree Circle-2104.33	2	[{"changed": {"fields": ["total_paid"]}}]	3	1
143	2018-11-08 15:59:43.102143	486	MandAInc-13377 Doubletree Circle-2104.33	2	[]	3	1
144	2018-11-09 18:27:45.470893	96	13377 Doubletree Circle-1393.70-2018-10-16 13:32:38.621917+00:00	2	[{"changed": {"fields": ["amount"]}}]	11	1
145	2018-11-10 00:12:05.395387	454	allcompany-4590 Orchid Drive-17490.00	2	[{"changed": {"fields": ["start_amount", "balance_amount"]}}]	3	1
146	2018-11-10 01:20:41.09244	437	4590 Orchid Drive-allcompany-6399.30-True	2	[{"changed": {"fields": ["document_link"]}}]	4	1
147	2018-11-18 02:05:57.338106	5	10861 Southeast Arielle Terrace	2	[{"changed": {"fields": ["purchase_price", "profit", "after_repair_value", "house_list_file"]}}]	2	1
148	2018-11-20 14:40:00.514709	504	allcompany-15630 Bent Creek-26100	2	[{"changed": {"fields": ["start_amount", "balance_amount"]}}]	3	1
149	2018-11-21 17:34:10.539076	33	15630 Bent Creek	2	[{"changed": {"fields": ["after_repair_value", "house_list_file"]}}]	2	1
150	2018-11-22 18:15:06.297184	506	allcompany-4680 NE Sandpebble Trace-789.67	3		3	1
151	2018-11-22 18:29:38.838313	56	BobDiller	3		8	1
152	2018-11-24 18:09:13.644266	9	allcompany	2	[{"changed": {"fields": ["email"]}}]	8	1
153	2018-12-04 18:53:35.798387	31	8580 Tourmaline Blvd	2	[{"changed": {"fields": ["purchase_price", "profit", "after_repair_value", "house_list_file"]}}]	2	1
154	2018-12-12 14:38:46.212663	31	8580 Tourmaline Blvd	2	[{"changed": {"fields": ["after_repair_value"]}}]	2	1
155	2019-02-07 02:39:46.754052	141	4590 Orchid Drive-2303.98-2019-02-07 02:35:16.413046+00:00	2	[{"changed": {"fields": ["pay_this_week"]}}]	11	1
156	2019-02-07 02:40:10.689543	140	10475 Galleria Street-215.16-2019-02-07 02:06:17.431543+00:00	2	[{"changed": {"fields": ["pay_this_week"]}}]	11	1
157	2019-02-07 02:40:19.403039	139	10475 Galleria Street-434.00-2019-02-07 02:03:54.946749+00:00	2	[{"changed": {"fields": ["pay_this_week"]}}]	11	1
158	2019-02-07 02:40:36.688592	138	15630 Bent Creek-1325.62-2019-02-07 01:52:33.487743+00:00	2	[{"changed": {"fields": ["pay_this_week"]}}]	11	1
159	2019-02-07 02:40:48.144642	137	441 W 35th Street-134.60-2019-02-05 19:32:10.645421+00:00	2	[{"changed": {"fields": ["pay_this_week"]}}]	11	1
160	2019-03-29 14:02:04.190928	27	414 Griswold Dr	2	[{"changed": {"fields": ["purchase_price", "profit", "house_list_file"]}}]	2	1
161	2019-03-29 14:09:08.13412	27	414 Griswold Dr	2	[{"changed": {"fields": ["after_repair_value"]}}]	2	1
162	2019-04-02 18:09:17.49965	14	4680 NE Sandpebble Trace	2	[{"changed": {"fields": ["purchase_price", "profit", "after_repair_value", "house_list_file"]}}]	2	1
163	2019-04-04 23:00:22.52759	156	15630 Bent Creek-1114.78-2019-04-02 18:28:28.061617+00:00	2	[{"changed": {"fields": ["expense_type"]}}]	11	1
164	2019-04-11 02:35:36.313141	698	MandAInc-1800 Nebraska Avenue-632.14	3		3	1
165	2019-04-19 16:52:51.061423	161	8944 Escondido Way-91.30-2019-04-19 16:37:00.915530+00:00	2	[{"changed": {"fields": ["pay_this_week"]}}]	11	1
166	2019-04-24 17:43:16.706402	712	MandAInc-10861 Southeast Arielle Terrace-234.00	3		3	1
167	2019-04-24 18:57:21.184591	164	441 W 35th Street-62.10-2019-04-19 17:54:58.573540+00:00	2	[{"changed": {"fields": ["pay_this_week"]}}]	11	1
168	2019-04-24 18:57:42.808267	163	441 W 35th Street-108.34-2019-04-19 17:54:27.857975+00:00	2	[{"changed": {"fields": ["pay_this_week"]}}]	11	1
169	2019-04-25 01:14:33.278436	163	441 W 35th Street-108.34-2019-04-19 17:54:27.857975+00:00	2	[{"changed": {"fields": ["document_link"]}}]	11	1
170	2019-04-25 01:15:39.331	164	441 W 35th Street-62.10-2019-04-19 17:54:58.573540+00:00	2	[{"changed": {"fields": ["document_link"]}}]	11	1
171	2019-04-25 01:16:11.685289	161	8944 Escondido Way-91.30-2019-04-19 16:37:00.915530+00:00	2	[{"changed": {"fields": ["document_link"]}}]	11	1
172	2019-04-25 01:24:33.22829	161	8944 Escondido Way-91.30-2019-04-19 16:37:00.915530+00:00	2	[{"changed": {"fields": ["document_link"]}}]	11	1
173	2019-04-25 01:25:10.39492	162	8944 Escondido Way-121.14-2019-04-19 16:52:02.465611+00:00	2	[{"changed": {"fields": ["document_link"]}}]	11	1
174	2019-04-25 01:25:32.384721	162	8944 Escondido Way-121.14-2019-04-19 16:52:02.465611+00:00	2	[{"changed": {"fields": ["document_link"]}}]	11	1
175	2019-04-25 12:25:28.673446	64	Gardenswater	2	[{"changed": {"fields": ["email"]}}]	8	1
176	2019-05-15 14:33:27.593312	65	TimEcker	1	[{"added": {}}]	8	1
177	2019-05-15 14:35:24.958761	65	TimEcker	2	[{"changed": {"fields": ["first_name", "last_name", "email"]}}]	8	1
178	2019-05-15 14:37:43.041943	65	TimEcker	2	[{"changed": {"fields": ["groups"]}}]	8	1
179	2019-05-24 13:41:10.31544	21	441 W 35th Street	2	[{"changed": {"fields": ["after_repair_value"]}}]	2	1
180	2019-05-29 18:20:54.543489	184	15630 Bent Creek-118.45-2019-05-29 18:19:05.805014+00:00	2	[{"changed": {"fields": ["pay_this_week"]}}]	11	1
181	2019-06-04 19:33:52.242161	382	429-8944 Escondido Way-MandAInc-1562.83True	2	[{"changed": {"fields": ["amount", "document_link", "paid_link"]}}]	4	1
182	2019-06-14 14:53:43.56752	36	8694 Egret Isles Ter	2	[{"changed": {"fields": ["purchase_price", "house_list_file"]}}]	2	1
183	2019-06-14 15:49:28.977266	36	8694 Egret Isles Ter	2	[{"changed": {"fields": ["after_repair_value"]}}]	2	1
184	2019-06-18 20:57:24.211345	35	2899 SE Amherst Street	2	[{"changed": {"fields": ["after_repair_value", "house_list_file"]}}]	2	1
185	2019-06-24 17:12:58.60124	32	8944 Escondido Way	2	[{"changed": {"fields": ["after_repair_value", "house_list_file"]}}]	2	1
186	2019-07-15 22:15:37.93442	32	8944 Escondido Way	2	[{"changed": {"fields": ["after_repair_value"]}}]	2	1
187	2019-08-08 22:29:10.062516	33	15630 Bent Creek	2	[{"changed": {"fields": ["after_repair_value"]}}]	2	1
188	2019-09-18 21:37:27.808637	839	504-15630 Bent Creek-allcompany-118.45True	2	[{"changed": {"fields": ["amount", "document_link"]}}]	4	1
189	2019-10-16 18:22:48.602944	41	3614 Poinsettia Avenue	3		2	1
190	2019-10-30 20:25:47.729082	39	3177 NE Lake Ave	2	[{"changed": {"fields": ["after_repair_value", "house_list_file"]}}]	2	1
191	2019-11-06 00:25:03.59952	9	13377 Doubletree Circle	2	[{"changed": {"fields": ["after_repair_value", "house_list_file"]}}]	2	1
192	2019-12-19 18:12:49.718227	43	127 Canterbury Place	2	[{"changed": {"fields": ["purchase_price", "after_repair_value", "house_list_file"]}}]	2	1
\.


--
-- Data for Name: django_content_type; Type: TABLE DATA; Schema: public; Owner: genuwine12
--

COPY public.django_content_type (id, app_label, model) FROM stdin;
5	admin	logentry
16	appointments	appointment
7	auth	group
6	auth	permission
8	auth	user
9	contenttypes	contenttype
12	customer_register	customer_user
15	django_dramatiq	task
13	django_twilio	caller
14	django_twilio	credential
11	expenses	expenses
1	jobs	current_worker
2	jobs	house
3	jobs	job
4	jobs	request_payment
10	sessions	session
\.


--
-- Data for Name: django_dramatiq_task; Type: TABLE DATA; Schema: public; Owner: genuwine12
--

COPY public.django_dramatiq_task (id, status, created_at, updated_at, message_data) FROM stdin;
\.


--
-- Data for Name: django_migrations; Type: TABLE DATA; Schema: public; Owner: genuwine12
--

COPY public.django_migrations (id, app, name, applied) FROM stdin;
1	contenttypes	0001_initial	2018-04-10 23:41:27.418991
2	auth	0001_initial	2018-04-10 23:41:29.268997
3	admin	0001_initial	2018-04-10 23:41:29.657419
4	admin	0002_logentry_remove_auto_add	2018-04-10 23:41:29.700275
5	contenttypes	0002_remove_content_type_name	2018-04-10 23:41:29.933373
6	auth	0002_alter_permission_name_max_length	2018-04-10 23:41:29.965594
7	auth	0003_alter_user_email_max_length	2018-04-10 23:41:30.002561
8	auth	0004_alter_user_username_opts	2018-04-10 23:41:30.02403
9	auth	0005_alter_user_last_login_null	2018-04-10 23:41:30.153561
10	auth	0006_require_contenttypes_0002	2018-04-10 23:41:30.163116
11	auth	0007_alter_validators_add_error_messages	2018-04-10 23:41:30.187452
12	auth	0008_alter_user_username_max_length	2018-04-10 23:41:30.472687
13	auth	0009_alter_user_last_name_max_length	2018-04-10 23:41:30.512293
14	jobs	0001_initial	2018-04-10 23:41:32.104822
15	jobs	0002_auto_20180219_2022	2018-04-10 23:41:32.36549
16	sessions	0001_initial	2018-04-10 23:41:32.500593
17	jobs	0003_auto_20180414_2204	2018-04-17 01:23:14.47905
18	jobs	0004_auto_20180416_2123	2018-04-17 01:23:14.520884
19	jobs	0002_request_payment_requested_by_worker	2018-05-07 20:16:58.783056
20	jobs	0002_auto_20180611_1909	2018-06-11 23:09:28.844821
21	jobs	0002_request_payment_rejected	2018-06-11 23:37:00.709447
22	jobs	0002_house_expenses	2018-07-13 15:20:32.635831
23	expenses	0001_initial	2018-07-16 02:48:04.049626
24	jobs	0002_house_archived	2018-09-19 16:15:39.397038
25	jobs	0002_auto_20181019_2229	2018-10-20 02:29:47.267824
26	jobs	0002_auto_20181024_1438	2018-10-24 18:38:28.65235
27	expenses	0002_auto_20181109_1456	2018-11-09 19:56:14.763561
28	jobs	0002_auto_20181109_1513	2018-11-09 20:13:33.456494
29	jobs	0002_auto_20181230_1416	2018-12-30 19:16:55.429337
30	jobs	0002_auto_20181230_1434	2018-12-30 19:34:44.022758
31	jobs	0003_current_worker_customer	2018-12-30 19:35:50.455211
32	jobs	0004_remove_current_worker_customer	2018-12-30 19:37:04.235167
33	jobs	0005_current_worker_customer	2018-12-30 19:38:00.521008
34	jobs	0002_current_worker_customer	2018-12-30 20:14:20.082137
35	jobs	0003_remove_current_worker_customer	2018-12-30 20:15:27.208903
36	jobs	0004_current_worker_customer	2018-12-30 20:18:15.492648
37	jobs	0002_job_notes	2018-12-30 20:22:10.539221
38	jobs	0002_current_worker_job	2019-01-09 18:13:24.376714
39	admin	0003_logentry_add_action_flag_choices	2019-03-08 20:56:50.3486
40	customer_register	0001_initial	2019-03-08 20:57:00.849302
41	django_twilio	0001_initial	2019-03-08 20:57:19.94893
42	customer_register	0002_customer_user_wants_sms	2019-03-09 18:11:16.075877
43	jobs	0002_job_job_type	2019-07-11 18:16:57.495083
44	expenses	0003_auto_20190810_1018	2019-08-10 14:19:19.976584
45	jobs	0003_auto_20190810_1018	2019-08-10 14:19:20.09216
46	jobs	0004_auto_20190813_2003	2019-08-14 00:04:09.303927
47	django_dramatiq	0001_initial	2019-10-04 16:38:23.064158
48	appointments	0001_initial	2019-10-04 16:42:48.442899
\.


--
-- Data for Name: django_session; Type: TABLE DATA; Schema: public; Owner: genuwine12
--

COPY public.django_session (session_key, session_data, expire_date) FROM stdin;
00c4dbc48elqr1a3mz5w57j04moocupd	YzAxYzRhZTUyNjkwMjgyNTM4ZjYwYTUzMDM2MDE5ZGMzMTI3NTE2Yjp7Il9hdXRoX3VzZXJfaWQiOiIyIiwiX2F1dGhfdXNlcl9iYWNrZW5kIjoiZGphbmdvLmNvbnRyaWIuYXV0aC5iYWNrZW5kcy5Nb2RlbEJhY2tlbmQiLCJfYXV0aF91c2VyX2hhc2giOiI2NDE4M2IzYmFlYjExMDFjZjY5NDRmOTdmZTJiNjRmMmNkNWRjNjk5In0=	2019-11-20 13:40:56.178902
01raswyp006jihlxx7nt2p11uwmt4s8h	ZmU5ZjU5ZTExNmJkYTg2ZTA4NmY0MWIwN2Q2NTgwYTAwNjY0MGVhNjp7Il9hdXRoX3VzZXJfaWQiOiI0MyIsIl9hdXRoX3VzZXJfYmFja2VuZCI6ImRqYW5nby5jb250cmliLmF1dGguYmFja2VuZHMuTW9kZWxCYWNrZW5kIiwiX2F1dGhfdXNlcl9oYXNoIjoiMDUxODA0OWRmNmE1Zjg4M2I4NjM4ZTdkM2M4NmNiZjBkZGFlYzk3NSJ9	2019-03-22 19:37:33.343842
02yazyqxgyqjhr5souspgrqg48ss939o	YWMxOWQxYzQzYzkzZjUwOTY4YmY0ZTQ5MDUxOWFhMzBiNzNhZThlZjp7Il9hdXRoX3VzZXJfaWQiOiIyIiwiX2F1dGhfdXNlcl9iYWNrZW5kIjoiZGphbmdvLmNvbnRyaWIuYXV0aC5iYWNrZW5kcy5Nb2RlbEJhY2tlbmQiLCJfYXV0aF91c2VyX2hhc2giOiI3NDEzOWI5NjVhNjgzMjU4NTkzNTNhM2EyODUyNjY3MDM4OGNjZjQ1In0=	2018-05-23 01:30:53.360461
03ef9wxlmeuz2nonho9ckju2p3avc1vz	ZGUwYjk0NjRkYTYyODlhYjJlNjJlNzU5NzNjNzE0Y2ZkZThjYmIzZDp7Il9hdXRoX3VzZXJfaGFzaCI6IjY0MTgzYjNiYWViMTEwMWNmNjk0NGY5N2ZlMmI2NGYyY2Q1ZGM2OTkiLCJfYXV0aF91c2VyX2lkIjoiMiIsIl9hdXRoX3VzZXJfYmFja2VuZCI6ImRqYW5nby5jb250cmliLmF1dGguYmFja2VuZHMuTW9kZWxCYWNrZW5kIn0=	2019-06-15 18:22:55.784741
04kfbyicz8u4r5fh08ya26467oac3nmc	YWFkZDkzMmY5NmIzMzBiNmFjOGY4ZjAwNzJhYTA3N2JhNmVjMzA3Yzp7Il9hdXRoX3VzZXJfaWQiOiI3IiwiX2F1dGhfdXNlcl9iYWNrZW5kIjoiZGphbmdvLmNvbnRyaWIuYXV0aC5iYWNrZW5kcy5Nb2RlbEJhY2tlbmQiLCJfYXV0aF91c2VyX2hhc2giOiI2NDZlNGE3OTNmMmVlNDc4YjE0NDlkYjZhODJhMTU5MTFjMjEwMTAyIn0=	2018-04-26 17:57:31.212366
065nad3lp0uc0xbs7s6vhsqoar7wpki3	ZGU4MWM0MTYwMDdmNThhNWY1MWQ4M2E1MjNmZTNiMTI5YWY0ZDVhMzp7Il9hdXRoX3VzZXJfaGFzaCI6Ijc4NmU0MDhhYWM5YTYyODE0ZWI3ODAwN2YxYWYzYzBkNjc5ODJkOGYiLCJfYXV0aF91c2VyX2lkIjoiNjAiLCJfYXV0aF91c2VyX2JhY2tlbmQiOiJkamFuZ28uY29udHJpYi5hdXRoLmJhY2tlbmRzLk1vZGVsQmFja2VuZCJ9	2019-03-06 17:49:37.810138
0859av5lz46wfua4lzs8fn2o7wky77n4	Y2RhMWUzNThjZDM1ZGNkZmRhYjk3ZjUyOGQzZWQxN2VlYTMzYzAzNTp7Il9hdXRoX3VzZXJfYmFja2VuZCI6ImRqYW5nby5jb250cmliLmF1dGguYmFja2VuZHMuTW9kZWxCYWNrZW5kIiwiX2F1dGhfdXNlcl9oYXNoIjoiZWMxMDk0ZmUyMTk0MjY1ZjJhOTIzMDE1NTY0NDg0YWRkYWE1YzdmYSIsIl9hdXRoX3VzZXJfaWQiOiIxOCJ9	2018-10-04 01:12:01.957497
08qkf4qkkjxuitrqzsrh0aszpeci9132	YzAxYzRhZTUyNjkwMjgyNTM4ZjYwYTUzMDM2MDE5ZGMzMTI3NTE2Yjp7Il9hdXRoX3VzZXJfaWQiOiIyIiwiX2F1dGhfdXNlcl9iYWNrZW5kIjoiZGphbmdvLmNvbnRyaWIuYXV0aC5iYWNrZW5kcy5Nb2RlbEJhY2tlbmQiLCJfYXV0aF91c2VyX2hhc2giOiI2NDE4M2IzYmFlYjExMDFjZjY5NDRmOTdmZTJiNjRmMmNkNWRjNjk5In0=	2019-11-20 00:25:14.144794
08voxe9vvq6dzdn1w4ro9yt0wzb2ruqn	YWMxOWQxYzQzYzkzZjUwOTY4YmY0ZTQ5MDUxOWFhMzBiNzNhZThlZjp7Il9hdXRoX3VzZXJfaWQiOiIyIiwiX2F1dGhfdXNlcl9iYWNrZW5kIjoiZGphbmdvLmNvbnRyaWIuYXV0aC5iYWNrZW5kcy5Nb2RlbEJhY2tlbmQiLCJfYXV0aF91c2VyX2hhc2giOiI3NDEzOWI5NjVhNjgzMjU4NTkzNTNhM2EyODUyNjY3MDM4OGNjZjQ1In0=	2019-02-16 19:12:02.366502
09wh1r1d8bld0boxui55tl4j77anf286	NzlhNDY5MWZmYzBkYWRlYjUyY2Y3MjBiZWM3NThmZmJlNzFiODlkYzp7Il9hdXRoX3VzZXJfaWQiOiIyIiwiX2F1dGhfdXNlcl9oYXNoIjoiNjQxODNiM2JhZWIxMTAxY2Y2OTQ0Zjk3ZmUyYjY0ZjJjZDVkYzY5OSIsIl9hdXRoX3VzZXJfYmFja2VuZCI6ImRqYW5nby5jb250cmliLmF1dGguYmFja2VuZHMuTW9kZWxCYWNrZW5kIn0=	2019-03-29 16:48:45.480523
0bq2bb5s8i8ea7vplom5vhb4se3bq0of	NGVkMWViODA2Yzk1YTViOGJjY2M0ZDFiYTdhN2I1ZmYxZjdhOTUxMjp7Il9hdXRoX3VzZXJfaGFzaCI6Ijc0MTM5Yjk2NWE2ODMyNTg1OTM1M2EzYTI4NTI2NjcwMzg4Y2NmNDUiLCJfYXV0aF91c2VyX2lkIjoiMiIsIl9hdXRoX3VzZXJfYmFja2VuZCI6ImRqYW5nby5jb250cmliLmF1dGguYmFja2VuZHMuTW9kZWxCYWNrZW5kIn0=	2018-06-20 19:45:53.015429
0dpikz20asds4m3uvn1719h1yuiklumv	YzAxYzRhZTUyNjkwMjgyNTM4ZjYwYTUzMDM2MDE5ZGMzMTI3NTE2Yjp7Il9hdXRoX3VzZXJfaWQiOiIyIiwiX2F1dGhfdXNlcl9iYWNrZW5kIjoiZGphbmdvLmNvbnRyaWIuYXV0aC5iYWNrZW5kcy5Nb2RlbEJhY2tlbmQiLCJfYXV0aF91c2VyX2hhc2giOiI2NDE4M2IzYmFlYjExMDFjZjY5NDRmOTdmZTJiNjRmMmNkNWRjNjk5In0=	2019-04-26 22:34:28.13883
0exx1cvxiv4vz9nq2wd90yqf2rsd5nm6	OGVlNWExNTBiMDdjYWI0OGY4MzNjM2UyMDFmODUzOGYxZDhiZGRkNjp7Il9hdXRoX3VzZXJfYmFja2VuZCI6ImRqYW5nby5jb250cmliLmF1dGguYmFja2VuZHMuTW9kZWxCYWNrZW5kIiwiX2F1dGhfdXNlcl9pZCI6IjIiLCJfYXV0aF91c2VyX2hhc2giOiI2NDE4M2IzYmFlYjExMDFjZjY5NDRmOTdmZTJiNjRmMmNkNWRjNjk5In0=	2019-12-31 01:17:46.200544
0frw4xvnu5dgf8lgepx5goj2nnk6u3cb	OWZjYjg3YzA0NDA5OGYwYWRhYjU3Yjc5ZmI3NTkyODk3NjZjNzUwNDp7Il9hdXRoX3VzZXJfYmFja2VuZCI6ImRqYW5nby5jb250cmliLmF1dGguYmFja2VuZHMuTW9kZWxCYWNrZW5kIiwiX2F1dGhfdXNlcl9pZCI6IjIiLCJfYXV0aF91c2VyX2hhc2giOiI3NDEzOWI5NjVhNjgzMjU4NTkzNTNhM2EyODUyNjY3MDM4OGNjZjQ1In0=	2018-12-20 01:31:51.586774
0h65ctnz9c4hyk1ido4eq6aul3o0i63h	NzlhNDY5MWZmYzBkYWRlYjUyY2Y3MjBiZWM3NThmZmJlNzFiODlkYzp7Il9hdXRoX3VzZXJfaWQiOiIyIiwiX2F1dGhfdXNlcl9oYXNoIjoiNjQxODNiM2JhZWIxMTAxY2Y2OTQ0Zjk3ZmUyYjY0ZjJjZDVkYzY5OSIsIl9hdXRoX3VzZXJfYmFja2VuZCI6ImRqYW5nby5jb250cmliLmF1dGguYmFja2VuZHMuTW9kZWxCYWNrZW5kIn0=	2019-09-25 18:41:30.393223
0icndttpr5c1momw5yq9avpcfd148euq	MWFlNDc0MTc5YWVjMTUzOGUzOTBkYmE3YjI5ZWFhMWRlMWJjOWExMTp7Il9hdXRoX3VzZXJfaGFzaCI6IjY0MTgzYjNiYWViMTEwMWNmNjk0NGY5N2ZlMmI2NGYyY2Q1ZGM2OTkiLCJfYXV0aF91c2VyX2JhY2tlbmQiOiJkamFuZ28uY29udHJpYi5hdXRoLmJhY2tlbmRzLk1vZGVsQmFja2VuZCIsIl9hdXRoX3VzZXJfaWQiOiIyIn0=	2019-05-26 17:04:42.966358
0mv9wjof9olcrtdd47qbqm7sczkfyxdt	OWZjYjg3YzA0NDA5OGYwYWRhYjU3Yjc5ZmI3NTkyODk3NjZjNzUwNDp7Il9hdXRoX3VzZXJfYmFja2VuZCI6ImRqYW5nby5jb250cmliLmF1dGguYmFja2VuZHMuTW9kZWxCYWNrZW5kIiwiX2F1dGhfdXNlcl9pZCI6IjIiLCJfYXV0aF91c2VyX2hhc2giOiI3NDEzOWI5NjVhNjgzMjU4NTkzNTNhM2EyODUyNjY3MDM4OGNjZjQ1In0=	2018-10-18 21:54:26.781887
0p2623p34r87qr3eh9uxit7lwrbnrqjd	ZGUwYjk0NjRkYTYyODlhYjJlNjJlNzU5NzNjNzE0Y2ZkZThjYmIzZDp7Il9hdXRoX3VzZXJfaGFzaCI6IjY0MTgzYjNiYWViMTEwMWNmNjk0NGY5N2ZlMmI2NGYyY2Q1ZGM2OTkiLCJfYXV0aF91c2VyX2lkIjoiMiIsIl9hdXRoX3VzZXJfYmFja2VuZCI6ImRqYW5nby5jb250cmliLmF1dGguYmFja2VuZHMuTW9kZWxCYWNrZW5kIn0=	2019-10-03 01:31:30.244182
0qt6b63eewrqfuge27sy4l8x63718g2w	NjYzMDdhZjk3MmM3NDAyYjMzMTRjMjFmMDg0OWJiYTI4YTdiYTc1ZTp7Il9hdXRoX3VzZXJfaGFzaCI6ImQxZTU2OTY4ZDc5NWI0MzE0ZDIxZGRkODA5NzdjZjAyMDgxODRiNDkiLCJfYXV0aF91c2VyX2lkIjoiMzQiLCJfYXV0aF91c2VyX2JhY2tlbmQiOiJkamFuZ28uY29udHJpYi5hdXRoLmJhY2tlbmRzLk1vZGVsQmFja2VuZCJ9	2018-06-20 19:27:03.115778
0s4a477zvi3nm9y3s92p8fe41wosd7ce	MGUxYzk3ZDZkZTZkYjc5MWNmMzZmYTc3MzRjZGI2OGNjYjFhMzFkMzp7Il9hdXRoX3VzZXJfYmFja2VuZCI6ImRqYW5nby5jb250cmliLmF1dGguYmFja2VuZHMuTW9kZWxCYWNrZW5kIiwiX2F1dGhfdXNlcl9oYXNoIjoiODcwNDU2OTk5YmRjYjE1NWViOTU5MWZkMWQwMGNmNzE3NTE2YWY5MyIsIl9hdXRoX3VzZXJfaWQiOiIxNSJ9	2019-07-24 13:30:59.920455
0tbpa9bpixe2bych4wl5aixgb1w8i7qd	MjkxZTM4Y2U0NDI3MTQ4ODg2ZDZlM2FiNGQzMWY0NjgwY2MzNjE4Yzp7Il9hdXRoX3VzZXJfaGFzaCI6IjE1ZmUwMThkY2IyOGQ2Y2ZjZWQxZjJhMjNhYjZlMjNkZmU2ZDgxZGUiLCJfYXV0aF91c2VyX2JhY2tlbmQiOiJkamFuZ28uY29udHJpYi5hdXRoLmJhY2tlbmRzLk1vZGVsQmFja2VuZCIsIl9hdXRoX3VzZXJfaWQiOiI5In0=	2018-11-24 01:49:18.58551
0tmqk6k3sh53egw6w8m696qif7aazi5y	ZGUwYjk0NjRkYTYyODlhYjJlNjJlNzU5NzNjNzE0Y2ZkZThjYmIzZDp7Il9hdXRoX3VzZXJfaGFzaCI6IjY0MTgzYjNiYWViMTEwMWNmNjk0NGY5N2ZlMmI2NGYyY2Q1ZGM2OTkiLCJfYXV0aF91c2VyX2lkIjoiMiIsIl9hdXRoX3VzZXJfYmFja2VuZCI6ImRqYW5nby5jb250cmliLmF1dGguYmFja2VuZHMuTW9kZWxCYWNrZW5kIn0=	2019-12-08 16:28:04.539099
0tqy3rgv5rdurieakpwcb1zqqe14wc4s	YWMxNDMyN2YwNTQ2ZDk3OGIyNmM1Y2YwY2U1OGNiYjU0MzQzOWQ5Yjp7Il9hdXRoX3VzZXJfYmFja2VuZCI6ImRqYW5nby5jb250cmliLmF1dGguYmFja2VuZHMuTW9kZWxCYWNrZW5kIiwiX2F1dGhfdXNlcl9oYXNoIjoiNzQxMzliOTY1YTY4MzI1ODU5MzUzYTNhMjg1MjY2NzAzODhjY2Y0NSIsIl9hdXRoX3VzZXJfaWQiOiIyIn0=	2019-01-28 01:02:28.579166
0w9fwm0dwbxszpgehwswhyo408mmefsr	OWZjYjg3YzA0NDA5OGYwYWRhYjU3Yjc5ZmI3NTkyODk3NjZjNzUwNDp7Il9hdXRoX3VzZXJfYmFja2VuZCI6ImRqYW5nby5jb250cmliLmF1dGguYmFja2VuZHMuTW9kZWxCYWNrZW5kIiwiX2F1dGhfdXNlcl9pZCI6IjIiLCJfYXV0aF91c2VyX2hhc2giOiI3NDEzOWI5NjVhNjgzMjU4NTkzNTNhM2EyODUyNjY3MDM4OGNjZjQ1In0=	2018-10-24 01:34:46.416994
0yl0owou15icvcr839xdrmnt5jw2fp23	MzU2MDg5YzU1MzA2MTNhNDBmMDgzMTBmNmM0ZDIyZjhiNjhmNTVkZjp7Il9hdXRoX3VzZXJfaWQiOiIxIiwiX2F1dGhfdXNlcl9iYWNrZW5kIjoiZGphbmdvLmNvbnRyaWIuYXV0aC5iYWNrZW5kcy5Nb2RlbEJhY2tlbmQiLCJfYXV0aF91c2VyX2hhc2giOiI5MmNhZmE5MjdiMjc0M2YwNzUxZmNiNTZmMDZiMjg3ZTAzZjgyZTk3In0=	2018-03-21 02:16:33.401
0zj86z2aed0pbsg011frd97tkxe4dkea	OWZjYjg3YzA0NDA5OGYwYWRhYjU3Yjc5ZmI3NTkyODk3NjZjNzUwNDp7Il9hdXRoX3VzZXJfYmFja2VuZCI6ImRqYW5nby5jb250cmliLmF1dGguYmFja2VuZHMuTW9kZWxCYWNrZW5kIiwiX2F1dGhfdXNlcl9pZCI6IjIiLCJfYXV0aF91c2VyX2hhc2giOiI3NDEzOWI5NjVhNjgzMjU4NTkzNTNhM2EyODUyNjY3MDM4OGNjZjQ1In0=	2019-01-10 04:27:08.991311
101magwoz3o0jgu1gud6sk6kf201k3e9	OTVlODlkNGZhYjBlNTBhZmU4Y2NkOWNiYWIzYjkyZDNiYWVmZWY0OTp7Il9hdXRoX3VzZXJfaGFzaCI6Ijc0MTM5Yjk2NWE2ODMyNTg1OTM1M2EzYTI4NTI2NjcwMzg4Y2NmNDUiLCJfYXV0aF91c2VyX2JhY2tlbmQiOiJkamFuZ28uY29udHJpYi5hdXRoLmJhY2tlbmRzLk1vZGVsQmFja2VuZCIsIl9hdXRoX3VzZXJfaWQiOiIyIn0=	2019-01-31 00:40:58.660558
106s6eqxv3ca340f58isiadcjvg9gdxm	NzlhNDY5MWZmYzBkYWRlYjUyY2Y3MjBiZWM3NThmZmJlNzFiODlkYzp7Il9hdXRoX3VzZXJfaWQiOiIyIiwiX2F1dGhfdXNlcl9oYXNoIjoiNjQxODNiM2JhZWIxMTAxY2Y2OTQ0Zjk3ZmUyYjY0ZjJjZDVkYzY5OSIsIl9hdXRoX3VzZXJfYmFja2VuZCI6ImRqYW5nby5jb250cmliLmF1dGguYmFja2VuZHMuTW9kZWxCYWNrZW5kIn0=	2019-06-07 13:41:26.293467
10xw3z276tf7eaawuzvspl79znvo0vyv	YzAxYzRhZTUyNjkwMjgyNTM4ZjYwYTUzMDM2MDE5ZGMzMTI3NTE2Yjp7Il9hdXRoX3VzZXJfaWQiOiIyIiwiX2F1dGhfdXNlcl9iYWNrZW5kIjoiZGphbmdvLmNvbnRyaWIuYXV0aC5iYWNrZW5kcy5Nb2RlbEJhY2tlbmQiLCJfYXV0aF91c2VyX2hhc2giOiI2NDE4M2IzYmFlYjExMDFjZjY5NDRmOTdmZTJiNjRmMmNkNWRjNjk5In0=	2019-11-06 16:34:37.787834
11dczd6meesnyqz20dw568lskfblh7s1	NzlhNDY5MWZmYzBkYWRlYjUyY2Y3MjBiZWM3NThmZmJlNzFiODlkYzp7Il9hdXRoX3VzZXJfaWQiOiIyIiwiX2F1dGhfdXNlcl9oYXNoIjoiNjQxODNiM2JhZWIxMTAxY2Y2OTQ0Zjk3ZmUyYjY0ZjJjZDVkYzY5OSIsIl9hdXRoX3VzZXJfYmFja2VuZCI6ImRqYW5nby5jb250cmliLmF1dGguYmFja2VuZHMuTW9kZWxCYWNrZW5kIn0=	2019-09-27 19:03:22.179206
122xvhwdvovhtju3bbnaqf0u55iaog69	ZGUwYjk0NjRkYTYyODlhYjJlNjJlNzU5NzNjNzE0Y2ZkZThjYmIzZDp7Il9hdXRoX3VzZXJfaGFzaCI6IjY0MTgzYjNiYWViMTEwMWNmNjk0NGY5N2ZlMmI2NGYyY2Q1ZGM2OTkiLCJfYXV0aF91c2VyX2lkIjoiMiIsIl9hdXRoX3VzZXJfYmFja2VuZCI6ImRqYW5nby5jb250cmliLmF1dGguYmFja2VuZHMuTW9kZWxCYWNrZW5kIn0=	2019-04-04 20:50:55.76258
12shyy2rw4j1v84cxjbruxn4ptpx5ldw	OWZjYjg3YzA0NDA5OGYwYWRhYjU3Yjc5ZmI3NTkyODk3NjZjNzUwNDp7Il9hdXRoX3VzZXJfYmFja2VuZCI6ImRqYW5nby5jb250cmliLmF1dGguYmFja2VuZHMuTW9kZWxCYWNrZW5kIiwiX2F1dGhfdXNlcl9pZCI6IjIiLCJfYXV0aF91c2VyX2hhc2giOiI3NDEzOWI5NjVhNjgzMjU4NTkzNTNhM2EyODUyNjY3MDM4OGNjZjQ1In0=	2019-02-28 01:49:07.21919
1301wzfnim6o7lmmumrdbzdlncekh9pq	YWMxNDMyN2YwNTQ2ZDk3OGIyNmM1Y2YwY2U1OGNiYjU0MzQzOWQ5Yjp7Il9hdXRoX3VzZXJfYmFja2VuZCI6ImRqYW5nby5jb250cmliLmF1dGguYmFja2VuZHMuTW9kZWxCYWNrZW5kIiwiX2F1dGhfdXNlcl9oYXNoIjoiNzQxMzliOTY1YTY4MzI1ODU5MzUzYTNhMjg1MjY2NzAzODhjY2Y0NSIsIl9hdXRoX3VzZXJfaWQiOiIyIn0=	2019-01-27 16:34:14.849733
18843fyt1fp4vqikvzxzffs2m4dzvvwe	MWFlNDc0MTc5YWVjMTUzOGUzOTBkYmE3YjI5ZWFhMWRlMWJjOWExMTp7Il9hdXRoX3VzZXJfaGFzaCI6IjY0MTgzYjNiYWViMTEwMWNmNjk0NGY5N2ZlMmI2NGYyY2Q1ZGM2OTkiLCJfYXV0aF91c2VyX2JhY2tlbmQiOiJkamFuZ28uY29udHJpYi5hdXRoLmJhY2tlbmRzLk1vZGVsQmFja2VuZCIsIl9hdXRoX3VzZXJfaWQiOiIyIn0=	2019-05-11 12:47:04.53166
1bcz2omxa64eq3ahg1vmq5v5hzer4usq	N2Q3NzdhNDVjMzhhNWM0OTU3Y2MxNjJmZjlkNGFkOTEyNmM5NzQ5MTp7Il9hdXRoX3VzZXJfYmFja2VuZCI6ImRqYW5nby5jb250cmliLmF1dGguYmFja2VuZHMuTW9kZWxCYWNrZW5kIiwiX2F1dGhfdXNlcl9oYXNoIjoiNjQxODNiM2JhZWIxMTAxY2Y2OTQ0Zjk3ZmUyYjY0ZjJjZDVkYzY5OSIsIl9hdXRoX3VzZXJfaWQiOiIyIn0=	2019-08-29 15:35:40.54437
1c7z9cjv568dgpojovc8sxwic9rupf48	Y2Y4N2Y5MzIyNTU0NWZmMTZjMGE4Zjk0MjMyYTQwMDkzOTU4OTQ3MDp7Il9hdXRoX3VzZXJfaGFzaCI6IjQwMzc4MDIxZGRkYWViYTc3MjU4OGY1Y2Y2ZDE0MDZlOTNkM2ZlMTUiLCJfYXV0aF91c2VyX2lkIjoiMyIsIl9hdXRoX3VzZXJfYmFja2VuZCI6ImRqYW5nby5jb250cmliLmF1dGguYmFja2VuZHMuTW9kZWxCYWNrZW5kIn0=	2018-04-27 12:49:04.106092
1guwn3z0wo6glyhoumlgygcp6q29r722	YWMxNDMyN2YwNTQ2ZDk3OGIyNmM1Y2YwY2U1OGNiYjU0MzQzOWQ5Yjp7Il9hdXRoX3VzZXJfYmFja2VuZCI6ImRqYW5nby5jb250cmliLmF1dGguYmFja2VuZHMuTW9kZWxCYWNrZW5kIiwiX2F1dGhfdXNlcl9oYXNoIjoiNzQxMzliOTY1YTY4MzI1ODU5MzUzYTNhMjg1MjY2NzAzODhjY2Y0NSIsIl9hdXRoX3VzZXJfaWQiOiIyIn0=	2018-08-02 20:51:57.588074
1hnhz823gw6jjfv050jc7tfer80y8v9d	MzU2MDg5YzU1MzA2MTNhNDBmMDgzMTBmNmM0ZDIyZjhiNjhmNTVkZjp7Il9hdXRoX3VzZXJfaWQiOiIxIiwiX2F1dGhfdXNlcl9iYWNrZW5kIjoiZGphbmdvLmNvbnRyaWIuYXV0aC5iYWNrZW5kcy5Nb2RlbEJhY2tlbmQiLCJfYXV0aF91c2VyX2hhc2giOiI5MmNhZmE5MjdiMjc0M2YwNzUxZmNiNTZmMDZiMjg3ZTAzZjgyZTk3In0=	2018-11-21 23:23:15.246902
1itlgd7zetw8tpx1qy7ltcxs1zts03ul	YWMxOWQxYzQzYzkzZjUwOTY4YmY0ZTQ5MDUxOWFhMzBiNzNhZThlZjp7Il9hdXRoX3VzZXJfaWQiOiIyIiwiX2F1dGhfdXNlcl9iYWNrZW5kIjoiZGphbmdvLmNvbnRyaWIuYXV0aC5iYWNrZW5kcy5Nb2RlbEJhY2tlbmQiLCJfYXV0aF91c2VyX2hhc2giOiI3NDEzOWI5NjVhNjgzMjU4NTkzNTNhM2EyODUyNjY3MDM4OGNjZjQ1In0=	2019-03-20 18:16:04.069668
1kod0l5h7u0qusygn2b3rbi9l7ppv3b9	OTVlODlkNGZhYjBlNTBhZmU4Y2NkOWNiYWIzYjkyZDNiYWVmZWY0OTp7Il9hdXRoX3VzZXJfaGFzaCI6Ijc0MTM5Yjk2NWE2ODMyNTg1OTM1M2EzYTI4NTI2NjcwMzg4Y2NmNDUiLCJfYXV0aF91c2VyX2JhY2tlbmQiOiJkamFuZ28uY29udHJpYi5hdXRoLmJhY2tlbmRzLk1vZGVsQmFja2VuZCIsIl9hdXRoX3VzZXJfaWQiOiIyIn0=	2018-05-30 20:01:07.982885
1m4nqhah0n0hp7iyv6vq7jpwra81s9so	M2Q0NzI1MWQ2Y2M3OGQxMTVkMzk4MmI5ZjhkNjBmYjdmMTJkMjMyZjp7Il9hdXRoX3VzZXJfaWQiOiIxNSIsIl9hdXRoX3VzZXJfYmFja2VuZCI6ImRqYW5nby5jb250cmliLmF1dGguYmFja2VuZHMuTW9kZWxCYWNrZW5kIiwiX2F1dGhfdXNlcl9oYXNoIjoiNzQ5MTIxYzZiMDQ3NmFmNGYwYjVjZGNhNmEwZTJmNGVmM2IwODRhOCJ9	2018-11-21 13:49:13.993034
1ndmjlmth4tbe3lrkmomjkiwgt93bfqk	N2Q3NzdhNDVjMzhhNWM0OTU3Y2MxNjJmZjlkNGFkOTEyNmM5NzQ5MTp7Il9hdXRoX3VzZXJfYmFja2VuZCI6ImRqYW5nby5jb250cmliLmF1dGguYmFja2VuZHMuTW9kZWxCYWNrZW5kIiwiX2F1dGhfdXNlcl9oYXNoIjoiNjQxODNiM2JhZWIxMTAxY2Y2OTQ0Zjk3ZmUyYjY0ZjJjZDVkYzY5OSIsIl9hdXRoX3VzZXJfaWQiOiIyIn0=	2019-12-23 16:10:43.889569
1sfz6vdifelu3e73n3a5baiddz3vc0b6	YWZlZDNlOGJmMGQzMGZjYjFhMzU3NTE1ZDk1MjVkNWM3M2M2OGU5Zjp7Il9hdXRoX3VzZXJfaGFzaCI6IjkyY2FmYTkyN2IyNzQzZjA3NTFmY2I1NmYwNmIyODdlMDNmODJlOTciLCJfYXV0aF91c2VyX2lkIjoiMSIsIl9hdXRoX3VzZXJfYmFja2VuZCI6ImRqYW5nby5jb250cmliLmF1dGguYmFja2VuZHMuTW9kZWxCYWNrZW5kIn0=	2018-03-28 17:21:52.542
1tij088u6xsxun4xm86vc6lj3zmf7y3m	YzAxYzRhZTUyNjkwMjgyNTM4ZjYwYTUzMDM2MDE5ZGMzMTI3NTE2Yjp7Il9hdXRoX3VzZXJfaWQiOiIyIiwiX2F1dGhfdXNlcl9iYWNrZW5kIjoiZGphbmdvLmNvbnRyaWIuYXV0aC5iYWNrZW5kcy5Nb2RlbEJhY2tlbmQiLCJfYXV0aF91c2VyX2hhc2giOiI2NDE4M2IzYmFlYjExMDFjZjY5NDRmOTdmZTJiNjRmMmNkNWRjNjk5In0=	2019-06-03 20:36:53.241264
1tz7bk2lh6joik1u5cgju7aq8dvj45sq	NzlhNDY5MWZmYzBkYWRlYjUyY2Y3MjBiZWM3NThmZmJlNzFiODlkYzp7Il9hdXRoX3VzZXJfaWQiOiIyIiwiX2F1dGhfdXNlcl9oYXNoIjoiNjQxODNiM2JhZWIxMTAxY2Y2OTQ0Zjk3ZmUyYjY0ZjJjZDVkYzY5OSIsIl9hdXRoX3VzZXJfYmFja2VuZCI6ImRqYW5nby5jb250cmliLmF1dGguYmFja2VuZHMuTW9kZWxCYWNrZW5kIn0=	2019-10-04 20:03:10.298897
1ya4gcvcfm6q0bxzb5e746lq4vd414q2	OWZjYjg3YzA0NDA5OGYwYWRhYjU3Yjc5ZmI3NTkyODk3NjZjNzUwNDp7Il9hdXRoX3VzZXJfYmFja2VuZCI6ImRqYW5nby5jb250cmliLmF1dGguYmFja2VuZHMuTW9kZWxCYWNrZW5kIiwiX2F1dGhfdXNlcl9pZCI6IjIiLCJfYXV0aF91c2VyX2hhc2giOiI3NDEzOWI5NjVhNjgzMjU4NTkzNTNhM2EyODUyNjY3MDM4OGNjZjQ1In0=	2019-01-27 14:48:17.05486
21yluwnh7j7dychsypuh2m7dc3rncfh8	OTAyNGZjZTMyOGU0OTdlOWVkYTY0ZmY4MzNiNjk4NjNiYWViNTIzMDp7Il9hdXRoX3VzZXJfaGFzaCI6IjE3OGJlYjQzYmMwNTNjNzFlNGI2YjlkOWRlNTBkOWE2MTM1MGE5ZDgiLCJfYXV0aF91c2VyX2JhY2tlbmQiOiJkamFuZ28uY29udHJpYi5hdXRoLmJhY2tlbmRzLk1vZGVsQmFja2VuZCIsIl9hdXRoX3VzZXJfaWQiOiIyMCJ9	2018-05-03 12:27:03.075675
241j2sw2myia0pe00imfxfc36wkaw3g7	OWZjYjg3YzA0NDA5OGYwYWRhYjU3Yjc5ZmI3NTkyODk3NjZjNzUwNDp7Il9hdXRoX3VzZXJfYmFja2VuZCI6ImRqYW5nby5jb250cmliLmF1dGguYmFja2VuZHMuTW9kZWxCYWNrZW5kIiwiX2F1dGhfdXNlcl9pZCI6IjIiLCJfYXV0aF91c2VyX2hhc2giOiI3NDEzOWI5NjVhNjgzMjU4NTkzNTNhM2EyODUyNjY3MDM4OGNjZjQ1In0=	2018-05-03 21:46:01.733844
26m9xubwd9v3auvrvzst9k4euelahgwz	OTVlODlkNGZhYjBlNTBhZmU4Y2NkOWNiYWIzYjkyZDNiYWVmZWY0OTp7Il9hdXRoX3VzZXJfaGFzaCI6Ijc0MTM5Yjk2NWE2ODMyNTg1OTM1M2EzYTI4NTI2NjcwMzg4Y2NmNDUiLCJfYXV0aF91c2VyX2JhY2tlbmQiOiJkamFuZ28uY29udHJpYi5hdXRoLmJhY2tlbmRzLk1vZGVsQmFja2VuZCIsIl9hdXRoX3VzZXJfaWQiOiIyIn0=	2019-02-15 00:22:59.713717
2b0s5wnpodzdoerlixn86o705au66jaw	NzlhNDY5MWZmYzBkYWRlYjUyY2Y3MjBiZWM3NThmZmJlNzFiODlkYzp7Il9hdXRoX3VzZXJfaWQiOiIyIiwiX2F1dGhfdXNlcl9oYXNoIjoiNjQxODNiM2JhZWIxMTAxY2Y2OTQ0Zjk3ZmUyYjY0ZjJjZDVkYzY5OSIsIl9hdXRoX3VzZXJfYmFja2VuZCI6ImRqYW5nby5jb250cmliLmF1dGguYmFja2VuZHMuTW9kZWxCYWNrZW5kIn0=	2019-12-06 01:08:23.865418
2be2nbe3z436tt7nl5znq07qlg7hi006	NzlhNDY5MWZmYzBkYWRlYjUyY2Y3MjBiZWM3NThmZmJlNzFiODlkYzp7Il9hdXRoX3VzZXJfaWQiOiIyIiwiX2F1dGhfdXNlcl9oYXNoIjoiNjQxODNiM2JhZWIxMTAxY2Y2OTQ0Zjk3ZmUyYjY0ZjJjZDVkYzY5OSIsIl9hdXRoX3VzZXJfYmFja2VuZCI6ImRqYW5nby5jb250cmliLmF1dGguYmFja2VuZHMuTW9kZWxCYWNrZW5kIn0=	2019-10-18 15:24:56.459559
2c9cwicxldsloqel397lp166fwn6f84e	NzlhNDY5MWZmYzBkYWRlYjUyY2Y3MjBiZWM3NThmZmJlNzFiODlkYzp7Il9hdXRoX3VzZXJfaWQiOiIyIiwiX2F1dGhfdXNlcl9oYXNoIjoiNjQxODNiM2JhZWIxMTAxY2Y2OTQ0Zjk3ZmUyYjY0ZjJjZDVkYzY5OSIsIl9hdXRoX3VzZXJfYmFja2VuZCI6ImRqYW5nby5jb250cmliLmF1dGguYmFja2VuZHMuTW9kZWxCYWNrZW5kIn0=	2019-06-07 15:08:18.590461
2cq4gn4bw6wu0qqoszyelvna8zngdpjj	OWM4NjI2NzZiYzRkYzc1MTY3YWQwZWUxMDgwOTBiNzM5NzMxOWRkODp7Il9wYXNzd29yZF9yZXNldF90b2tlbiI6IjR3OS0yZTcxNWFiYzA3ZTE2MTFmNjQ4YSJ9	2018-05-31 11:47:27.833341
2cxisbubk6wo7m1bsxzrxtmmak1qyix0	OTVlODlkNGZhYjBlNTBhZmU4Y2NkOWNiYWIzYjkyZDNiYWVmZWY0OTp7Il9hdXRoX3VzZXJfaGFzaCI6Ijc0MTM5Yjk2NWE2ODMyNTg1OTM1M2EzYTI4NTI2NjcwMzg4Y2NmNDUiLCJfYXV0aF91c2VyX2JhY2tlbmQiOiJkamFuZ28uY29udHJpYi5hdXRoLmJhY2tlbmRzLk1vZGVsQmFja2VuZCIsIl9hdXRoX3VzZXJfaWQiOiIyIn0=	2018-05-05 13:48:25.590095
2f5pcv3r9ppon927pgz9ivzdna8hwpam	OGVlNWExNTBiMDdjYWI0OGY4MzNjM2UyMDFmODUzOGYxZDhiZGRkNjp7Il9hdXRoX3VzZXJfYmFja2VuZCI6ImRqYW5nby5jb250cmliLmF1dGguYmFja2VuZHMuTW9kZWxCYWNrZW5kIiwiX2F1dGhfdXNlcl9pZCI6IjIiLCJfYXV0aF91c2VyX2hhc2giOiI2NDE4M2IzYmFlYjExMDFjZjY5NDRmOTdmZTJiNjRmMmNkNWRjNjk5In0=	2019-04-14 12:58:09.059919
2gj6ocv1mej8p47j5wrpkmq3gei0gpov	YzAxYzRhZTUyNjkwMjgyNTM4ZjYwYTUzMDM2MDE5ZGMzMTI3NTE2Yjp7Il9hdXRoX3VzZXJfaWQiOiIyIiwiX2F1dGhfdXNlcl9iYWNrZW5kIjoiZGphbmdvLmNvbnRyaWIuYXV0aC5iYWNrZW5kcy5Nb2RlbEJhY2tlbmQiLCJfYXV0aF91c2VyX2hhc2giOiI2NDE4M2IzYmFlYjExMDFjZjY5NDRmOTdmZTJiNjRmMmNkNWRjNjk5In0=	2019-07-31 22:44:57.821623
2madfkckj0aejptgju7ya6h6125kn6fq	N2Q3NzdhNDVjMzhhNWM0OTU3Y2MxNjJmZjlkNGFkOTEyNmM5NzQ5MTp7Il9hdXRoX3VzZXJfYmFja2VuZCI6ImRqYW5nby5jb250cmliLmF1dGguYmFja2VuZHMuTW9kZWxCYWNrZW5kIiwiX2F1dGhfdXNlcl9oYXNoIjoiNjQxODNiM2JhZWIxMTAxY2Y2OTQ0Zjk3ZmUyYjY0ZjJjZDVkYzY5OSIsIl9hdXRoX3VzZXJfaWQiOiIyIn0=	2019-11-27 17:19:43.871554
2nz8syi4v4kvt03zm7uunxuqt18oct2z	YWMxNDMyN2YwNTQ2ZDk3OGIyNmM1Y2YwY2U1OGNiYjU0MzQzOWQ5Yjp7Il9hdXRoX3VzZXJfYmFja2VuZCI6ImRqYW5nby5jb250cmliLmF1dGguYmFja2VuZHMuTW9kZWxCYWNrZW5kIiwiX2F1dGhfdXNlcl9oYXNoIjoiNzQxMzliOTY1YTY4MzI1ODU5MzUzYTNhMjg1MjY2NzAzODhjY2Y0NSIsIl9hdXRoX3VzZXJfaWQiOiIyIn0=	2018-07-09 19:47:28.812039
2rl4y5y09hu285y7rtp50cfwd8jr9t32	MWFlNDc0MTc5YWVjMTUzOGUzOTBkYmE3YjI5ZWFhMWRlMWJjOWExMTp7Il9hdXRoX3VzZXJfaGFzaCI6IjY0MTgzYjNiYWViMTEwMWNmNjk0NGY5N2ZlMmI2NGYyY2Q1ZGM2OTkiLCJfYXV0aF91c2VyX2JhY2tlbmQiOiJkamFuZ28uY29udHJpYi5hdXRoLmJhY2tlbmRzLk1vZGVsQmFja2VuZCIsIl9hdXRoX3VzZXJfaWQiOiIyIn0=	2019-09-12 12:48:11.46748
2tk16fnsxfbav8lphphqz6yeht0vcooy	ZGUwYjk0NjRkYTYyODlhYjJlNjJlNzU5NzNjNzE0Y2ZkZThjYmIzZDp7Il9hdXRoX3VzZXJfaGFzaCI6IjY0MTgzYjNiYWViMTEwMWNmNjk0NGY5N2ZlMmI2NGYyY2Q1ZGM2OTkiLCJfYXV0aF91c2VyX2lkIjoiMiIsIl9hdXRoX3VzZXJfYmFja2VuZCI6ImRqYW5nby5jb250cmliLmF1dGguYmFja2VuZHMuTW9kZWxCYWNrZW5kIn0=	2019-10-29 13:41:09.660817
2wq7s3u1ulcre3j9oprmllp5ja5y6nva	YWMxNDMyN2YwNTQ2ZDk3OGIyNmM1Y2YwY2U1OGNiYjU0MzQzOWQ5Yjp7Il9hdXRoX3VzZXJfYmFja2VuZCI6ImRqYW5nby5jb250cmliLmF1dGguYmFja2VuZHMuTW9kZWxCYWNrZW5kIiwiX2F1dGhfdXNlcl9oYXNoIjoiNzQxMzliOTY1YTY4MzI1ODU5MzUzYTNhMjg1MjY2NzAzODhjY2Y0NSIsIl9hdXRoX3VzZXJfaWQiOiIyIn0=	2018-11-30 20:45:27.667595
2ws4os7712w36hghc32164w74x48p1p5	OGVlNWExNTBiMDdjYWI0OGY4MzNjM2UyMDFmODUzOGYxZDhiZGRkNjp7Il9hdXRoX3VzZXJfYmFja2VuZCI6ImRqYW5nby5jb250cmliLmF1dGguYmFja2VuZHMuTW9kZWxCYWNrZW5kIiwiX2F1dGhfdXNlcl9pZCI6IjIiLCJfYXV0aF91c2VyX2hhc2giOiI2NDE4M2IzYmFlYjExMDFjZjY5NDRmOTdmZTJiNjRmMmNkNWRjNjk5In0=	2019-09-23 16:20:58.491155
2x29rx17o9jczwkz6y3jww9f8c4nczsj	NGVkMWViODA2Yzk1YTViOGJjY2M0ZDFiYTdhN2I1ZmYxZjdhOTUxMjp7Il9hdXRoX3VzZXJfaGFzaCI6Ijc0MTM5Yjk2NWE2ODMyNTg1OTM1M2EzYTI4NTI2NjcwMzg4Y2NmNDUiLCJfYXV0aF91c2VyX2lkIjoiMiIsIl9hdXRoX3VzZXJfYmFja2VuZCI6ImRqYW5nby5jb250cmliLmF1dGguYmFja2VuZHMuTW9kZWxCYWNrZW5kIn0=	2019-02-23 02:58:08.072581
2zbq4hpazaan9p266sdilrrm3c0x6638	YWMxNDMyN2YwNTQ2ZDk3OGIyNmM1Y2YwY2U1OGNiYjU0MzQzOWQ5Yjp7Il9hdXRoX3VzZXJfYmFja2VuZCI6ImRqYW5nby5jb250cmliLmF1dGguYmFja2VuZHMuTW9kZWxCYWNrZW5kIiwiX2F1dGhfdXNlcl9oYXNoIjoiNzQxMzliOTY1YTY4MzI1ODU5MzUzYTNhMjg1MjY2NzAzODhjY2Y0NSIsIl9hdXRoX3VzZXJfaWQiOiIyIn0=	2019-01-23 18:18:22.237566
30mv43wn9pb7z52vumrljdg1h53rsjd2	ZGUwYjk0NjRkYTYyODlhYjJlNjJlNzU5NzNjNzE0Y2ZkZThjYmIzZDp7Il9hdXRoX3VzZXJfaGFzaCI6IjY0MTgzYjNiYWViMTEwMWNmNjk0NGY5N2ZlMmI2NGYyY2Q1ZGM2OTkiLCJfYXV0aF91c2VyX2lkIjoiMiIsIl9hdXRoX3VzZXJfYmFja2VuZCI6ImRqYW5nby5jb250cmliLmF1dGguYmFja2VuZHMuTW9kZWxCYWNrZW5kIn0=	2020-01-02 15:05:21.072699
33cgdo8rr172rlv3r24lryz1agvq2wvl	YzAxYzRhZTUyNjkwMjgyNTM4ZjYwYTUzMDM2MDE5ZGMzMTI3NTE2Yjp7Il9hdXRoX3VzZXJfaWQiOiIyIiwiX2F1dGhfdXNlcl9iYWNrZW5kIjoiZGphbmdvLmNvbnRyaWIuYXV0aC5iYWNrZW5kcy5Nb2RlbEJhY2tlbmQiLCJfYXV0aF91c2VyX2hhc2giOiI2NDE4M2IzYmFlYjExMDFjZjY5NDRmOTdmZTJiNjRmMmNkNWRjNjk5In0=	2019-08-23 19:20:34.41005
33xrv43wrbsuxln2g4b4lvtzaee5jl61	ZDBkNGJhMTBiNTFkNGRhZTVmY2IzYWQ0N2FkZDQ5MDdmZDIxMDUyZTp7Il9hdXRoX3VzZXJfYmFja2VuZCI6ImRqYW5nby5jb250cmliLmF1dGguYmFja2VuZHMuTW9kZWxCYWNrZW5kIiwiX2F1dGhfdXNlcl9pZCI6IjE4IiwiX2F1dGhfdXNlcl9oYXNoIjoiY2YyYzBkMWQyNzQ1NDdhMjJmMDRiNjlmMmM1NjAwMDBiZTQ1YmQ2MSJ9	2019-08-25 22:58:34.054364
358zsa7g76k4wqgv89aybutvych3c3tj	YWMxNDMyN2YwNTQ2ZDk3OGIyNmM1Y2YwY2U1OGNiYjU0MzQzOWQ5Yjp7Il9hdXRoX3VzZXJfYmFja2VuZCI6ImRqYW5nby5jb250cmliLmF1dGguYmFja2VuZHMuTW9kZWxCYWNrZW5kIiwiX2F1dGhfdXNlcl9oYXNoIjoiNzQxMzliOTY1YTY4MzI1ODU5MzUzYTNhMjg1MjY2NzAzODhjY2Y0NSIsIl9hdXRoX3VzZXJfaWQiOiIyIn0=	2018-08-04 19:16:46.52073
36x94rzhu6vj1xpt63uufdip2odroe9d	YWMxOWQxYzQzYzkzZjUwOTY4YmY0ZTQ5MDUxOWFhMzBiNzNhZThlZjp7Il9hdXRoX3VzZXJfaWQiOiIyIiwiX2F1dGhfdXNlcl9iYWNrZW5kIjoiZGphbmdvLmNvbnRyaWIuYXV0aC5iYWNrZW5kcy5Nb2RlbEJhY2tlbmQiLCJfYXV0aF91c2VyX2hhc2giOiI3NDEzOWI5NjVhNjgzMjU4NTkzNTNhM2EyODUyNjY3MDM4OGNjZjQ1In0=	2018-05-23 01:21:46.544539
3djvdrmq15fmt43anej89pz9oneds30u	ZGUwYjk0NjRkYTYyODlhYjJlNjJlNzU5NzNjNzE0Y2ZkZThjYmIzZDp7Il9hdXRoX3VzZXJfaGFzaCI6IjY0MTgzYjNiYWViMTEwMWNmNjk0NGY5N2ZlMmI2NGYyY2Q1ZGM2OTkiLCJfYXV0aF91c2VyX2lkIjoiMiIsIl9hdXRoX3VzZXJfYmFja2VuZCI6ImRqYW5nby5jb250cmliLmF1dGguYmFja2VuZHMuTW9kZWxCYWNrZW5kIn0=	2019-11-26 18:30:36.607293
3dw33yhlqbz908wpnsuk261q1kkjfqoz	N2NkNzAwMGNmMjJlNjdkNmQ4OWI3OGYzODkwMzNkYWNmZjkxYWQyNjp7Il9hdXRoX3VzZXJfaGFzaCI6IjQwMzc4MDIxZGRkYWViYTc3MjU4OGY1Y2Y2ZDE0MDZlOTNkM2ZlMTUiLCJfYXV0aF91c2VyX2JhY2tlbmQiOiJkamFuZ28uY29udHJpYi5hdXRoLmJhY2tlbmRzLk1vZGVsQmFja2VuZCIsIl9hdXRoX3VzZXJfaWQiOiI2In0=	2018-03-13 20:24:25.131
3fdg5n34hq5juerzg9wv49g9eul3fza6	ZGUwYjk0NjRkYTYyODlhYjJlNjJlNzU5NzNjNzE0Y2ZkZThjYmIzZDp7Il9hdXRoX3VzZXJfaGFzaCI6IjY0MTgzYjNiYWViMTEwMWNmNjk0NGY5N2ZlMmI2NGYyY2Q1ZGM2OTkiLCJfYXV0aF91c2VyX2lkIjoiMiIsIl9hdXRoX3VzZXJfYmFja2VuZCI6ImRqYW5nby5jb250cmliLmF1dGguYmFja2VuZHMuTW9kZWxCYWNrZW5kIn0=	2019-06-21 14:01:33.675358
3hivd65qhf4y8me8ieo7097f0luxcsu5	ZDE5MDM2ZWQxNjlhY2E0YjdiN2UzMzM4N2JhMTBhMGNiM2E2MGUzYjp7Il9hdXRoX3VzZXJfaGFzaCI6ImVjMTA5NGZlMjE5NDI2NWYyYTkyMzAxNTU2NDQ4NGFkZGFhNWM3ZmEiLCJfYXV0aF91c2VyX2JhY2tlbmQiOiJkamFuZ28uY29udHJpYi5hdXRoLmJhY2tlbmRzLk1vZGVsQmFja2VuZCIsIl9hdXRoX3VzZXJfaWQiOiIxOCJ9	2019-01-17 01:40:40.174685
3k3n7j2df64865087zkbi1f1f2ydo2nw	MWFlNDc0MTc5YWVjMTUzOGUzOTBkYmE3YjI5ZWFhMWRlMWJjOWExMTp7Il9hdXRoX3VzZXJfaGFzaCI6IjY0MTgzYjNiYWViMTEwMWNmNjk0NGY5N2ZlMmI2NGYyY2Q1ZGM2OTkiLCJfYXV0aF91c2VyX2JhY2tlbmQiOiJkamFuZ28uY29udHJpYi5hdXRoLmJhY2tlbmRzLk1vZGVsQmFja2VuZCIsIl9hdXRoX3VzZXJfaWQiOiIyIn0=	2019-10-07 02:06:19.540822
3m85r6fqvhe2rl443fey85w077aq3z4j	YjYwNGJjYmQyMWYxNjdmNTRkODkwN2Y4MjY1NzAyMDM3NGM0NjA4Yjp7Il9hdXRoX3VzZXJfaGFzaCI6ImQxZTU2OTY4ZDc5NWI0MzE0ZDIxZGRkODA5NzdjZjAyMDgxODRiNDkiLCJfYXV0aF91c2VyX2JhY2tlbmQiOiJkamFuZ28uY29udHJpYi5hdXRoLmJhY2tlbmRzLk1vZGVsQmFja2VuZCIsIl9hdXRoX3VzZXJfaWQiOiIzNCJ9	2018-10-10 14:21:18.531444
3nmy3k6os54ag0ghicm8d65rjmvbxfo1	OTVlODlkNGZhYjBlNTBhZmU4Y2NkOWNiYWIzYjkyZDNiYWVmZWY0OTp7Il9hdXRoX3VzZXJfaGFzaCI6Ijc0MTM5Yjk2NWE2ODMyNTg1OTM1M2EzYTI4NTI2NjcwMzg4Y2NmNDUiLCJfYXV0aF91c2VyX2JhY2tlbmQiOiJkamFuZ28uY29udHJpYi5hdXRoLmJhY2tlbmRzLk1vZGVsQmFja2VuZCIsIl9hdXRoX3VzZXJfaWQiOiIyIn0=	2019-03-01 17:53:09.41128
3rnmxexy5fw0y495rji6wsxeqdsnt7ui	NzlhNDY5MWZmYzBkYWRlYjUyY2Y3MjBiZWM3NThmZmJlNzFiODlkYzp7Il9hdXRoX3VzZXJfaWQiOiIyIiwiX2F1dGhfdXNlcl9oYXNoIjoiNjQxODNiM2JhZWIxMTAxY2Y2OTQ0Zjk3ZmUyYjY0ZjJjZDVkYzY5OSIsIl9hdXRoX3VzZXJfYmFja2VuZCI6ImRqYW5nby5jb250cmliLmF1dGguYmFja2VuZHMuTW9kZWxCYWNrZW5kIn0=	2019-06-10 19:45:36.910077
3v6q1m3pc1ndlsxhondkojkvxbjw9sk3	ZGUwYjk0NjRkYTYyODlhYjJlNjJlNzU5NzNjNzE0Y2ZkZThjYmIzZDp7Il9hdXRoX3VzZXJfaGFzaCI6IjY0MTgzYjNiYWViMTEwMWNmNjk0NGY5N2ZlMmI2NGYyY2Q1ZGM2OTkiLCJfYXV0aF91c2VyX2lkIjoiMiIsIl9hdXRoX3VzZXJfYmFja2VuZCI6ImRqYW5nby5jb250cmliLmF1dGguYmFja2VuZHMuTW9kZWxCYWNrZW5kIn0=	2019-10-03 01:24:29.630515
3wjvigsuczvzkpqjvunr26wpla8q89ej	ZGUwYjk0NjRkYTYyODlhYjJlNjJlNzU5NzNjNzE0Y2ZkZThjYmIzZDp7Il9hdXRoX3VzZXJfaGFzaCI6IjY0MTgzYjNiYWViMTEwMWNmNjk0NGY5N2ZlMmI2NGYyY2Q1ZGM2OTkiLCJfYXV0aF91c2VyX2lkIjoiMiIsIl9hdXRoX3VzZXJfYmFja2VuZCI6ImRqYW5nby5jb250cmliLmF1dGguYmFja2VuZHMuTW9kZWxCYWNrZW5kIn0=	2019-11-18 18:11:11.524384
3xvfxqvrlpk8qglj9xlpz9hssukvs3xa	N2Q3NzdhNDVjMzhhNWM0OTU3Y2MxNjJmZjlkNGFkOTEyNmM5NzQ5MTp7Il9hdXRoX3VzZXJfYmFja2VuZCI6ImRqYW5nby5jb250cmliLmF1dGguYmFja2VuZHMuTW9kZWxCYWNrZW5kIiwiX2F1dGhfdXNlcl9oYXNoIjoiNjQxODNiM2JhZWIxMTAxY2Y2OTQ0Zjk3ZmUyYjY0ZjJjZDVkYzY5OSIsIl9hdXRoX3VzZXJfaWQiOiIyIn0=	2019-03-22 21:51:50.003681
3ysj23f5lnuxfc6bf8fb0oiae8c0r6n6	OTVlODlkNGZhYjBlNTBhZmU4Y2NkOWNiYWIzYjkyZDNiYWVmZWY0OTp7Il9hdXRoX3VzZXJfaGFzaCI6Ijc0MTM5Yjk2NWE2ODMyNTg1OTM1M2EzYTI4NTI2NjcwMzg4Y2NmNDUiLCJfYXV0aF91c2VyX2JhY2tlbmQiOiJkamFuZ28uY29udHJpYi5hdXRoLmJhY2tlbmRzLk1vZGVsQmFja2VuZCIsIl9hdXRoX3VzZXJfaWQiOiIyIn0=	2018-10-08 19:23:12.02699
3zhmit1wdv4d5uk2dfyd55t4ju0t75l2	N2Q3NzdhNDVjMzhhNWM0OTU3Y2MxNjJmZjlkNGFkOTEyNmM5NzQ5MTp7Il9hdXRoX3VzZXJfYmFja2VuZCI6ImRqYW5nby5jb250cmliLmF1dGguYmFja2VuZHMuTW9kZWxCYWNrZW5kIiwiX2F1dGhfdXNlcl9oYXNoIjoiNjQxODNiM2JhZWIxMTAxY2Y2OTQ0Zjk3ZmUyYjY0ZjJjZDVkYzY5OSIsIl9hdXRoX3VzZXJfaWQiOiIyIn0=	2019-07-11 17:26:41.574115
3zkec5wv7ot6sr8qlrwb9drebao4f5mw	OTVlODlkNGZhYjBlNTBhZmU4Y2NkOWNiYWIzYjkyZDNiYWVmZWY0OTp7Il9hdXRoX3VzZXJfaGFzaCI6Ijc0MTM5Yjk2NWE2ODMyNTg1OTM1M2EzYTI4NTI2NjcwMzg4Y2NmNDUiLCJfYXV0aF91c2VyX2JhY2tlbmQiOiJkamFuZ28uY29udHJpYi5hdXRoLmJhY2tlbmRzLk1vZGVsQmFja2VuZCIsIl9hdXRoX3VzZXJfaWQiOiIyIn0=	2019-01-31 18:07:43.898549
41p9nq1hbjkc0x3plzf1grhmxn1pj0wq	N2Q3NzdhNDVjMzhhNWM0OTU3Y2MxNjJmZjlkNGFkOTEyNmM5NzQ5MTp7Il9hdXRoX3VzZXJfYmFja2VuZCI6ImRqYW5nby5jb250cmliLmF1dGguYmFja2VuZHMuTW9kZWxCYWNrZW5kIiwiX2F1dGhfdXNlcl9oYXNoIjoiNjQxODNiM2JhZWIxMTAxY2Y2OTQ0Zjk3ZmUyYjY0ZjJjZDVkYzY5OSIsIl9hdXRoX3VzZXJfaWQiOiIyIn0=	2019-07-09 21:46:41.445965
436vwef7a8bbyf9935n9yb5t5czxqrqx	OGVlNWExNTBiMDdjYWI0OGY4MzNjM2UyMDFmODUzOGYxZDhiZGRkNjp7Il9hdXRoX3VzZXJfYmFja2VuZCI6ImRqYW5nby5jb250cmliLmF1dGguYmFja2VuZHMuTW9kZWxCYWNrZW5kIiwiX2F1dGhfdXNlcl9pZCI6IjIiLCJfYXV0aF91c2VyX2hhc2giOiI2NDE4M2IzYmFlYjExMDFjZjY5NDRmOTdmZTJiNjRmMmNkNWRjNjk5In0=	2019-10-21 22:59:13.474617
48lbnkqgohyhnjxhe73y4u9lhomanv6g	NGVkMWViODA2Yzk1YTViOGJjY2M0ZDFiYTdhN2I1ZmYxZjdhOTUxMjp7Il9hdXRoX3VzZXJfaGFzaCI6Ijc0MTM5Yjk2NWE2ODMyNTg1OTM1M2EzYTI4NTI2NjcwMzg4Y2NmNDUiLCJfYXV0aF91c2VyX2lkIjoiMiIsIl9hdXRoX3VzZXJfYmFja2VuZCI6ImRqYW5nby5jb250cmliLmF1dGguYmFja2VuZHMuTW9kZWxCYWNrZW5kIn0=	2019-02-22 20:48:36.644897
49wcd73ghap4f3bo6vdv0jqx2gkd2za4	YWMxNDMyN2YwNTQ2ZDk3OGIyNmM1Y2YwY2U1OGNiYjU0MzQzOWQ5Yjp7Il9hdXRoX3VzZXJfYmFja2VuZCI6ImRqYW5nby5jb250cmliLmF1dGguYmFja2VuZHMuTW9kZWxCYWNrZW5kIiwiX2F1dGhfdXNlcl9oYXNoIjoiNzQxMzliOTY1YTY4MzI1ODU5MzUzYTNhMjg1MjY2NzAzODhjY2Y0NSIsIl9hdXRoX3VzZXJfaWQiOiIyIn0=	2019-02-15 13:33:41.455514
4b6phnc7datw7olb4d2w8g6bn1dyq5nd	NTgyNDEyMmU2MTBhZDkyZjk4ZDhhOTcwZjUyZGNlNjQ2MWMzOTI2Mjp7Il9hdXRoX3VzZXJfaWQiOiIzMyIsIl9hdXRoX3VzZXJfYmFja2VuZCI6ImRqYW5nby5jb250cmliLmF1dGguYmFja2VuZHMuTW9kZWxCYWNrZW5kIiwiX2F1dGhfdXNlcl9oYXNoIjoiYjAyYTAzZDFlYjQwNjA1NWFiZWJkMjA4ODE0ZmE4NGI2Njc1Y2YyNCJ9	2018-06-06 00:35:39.898525
4b8i857w8faq515m73r4ysth5y3ro2jl	YzAxYzRhZTUyNjkwMjgyNTM4ZjYwYTUzMDM2MDE5ZGMzMTI3NTE2Yjp7Il9hdXRoX3VzZXJfaWQiOiIyIiwiX2F1dGhfdXNlcl9iYWNrZW5kIjoiZGphbmdvLmNvbnRyaWIuYXV0aC5iYWNrZW5kcy5Nb2RlbEJhY2tlbmQiLCJfYXV0aF91c2VyX2hhc2giOiI2NDE4M2IzYmFlYjExMDFjZjY5NDRmOTdmZTJiNjRmMmNkNWRjNjk5In0=	2019-07-31 22:44:57.600248
4fldptucug8wulzk4n18qphbnzlckgnv	NzlhNDY5MWZmYzBkYWRlYjUyY2Y3MjBiZWM3NThmZmJlNzFiODlkYzp7Il9hdXRoX3VzZXJfaWQiOiIyIiwiX2F1dGhfdXNlcl9oYXNoIjoiNjQxODNiM2JhZWIxMTAxY2Y2OTQ0Zjk3ZmUyYjY0ZjJjZDVkYzY5OSIsIl9hdXRoX3VzZXJfYmFja2VuZCI6ImRqYW5nby5jb250cmliLmF1dGguYmFja2VuZHMuTW9kZWxCYWNrZW5kIn0=	2019-06-06 20:40:44.47876
4frfw37bojvasn99y28kjg03o7mh4flx	MWFlNDc0MTc5YWVjMTUzOGUzOTBkYmE3YjI5ZWFhMWRlMWJjOWExMTp7Il9hdXRoX3VzZXJfaGFzaCI6IjY0MTgzYjNiYWViMTEwMWNmNjk0NGY5N2ZlMmI2NGYyY2Q1ZGM2OTkiLCJfYXV0aF91c2VyX2JhY2tlbmQiOiJkamFuZ28uY29udHJpYi5hdXRoLmJhY2tlbmRzLk1vZGVsQmFja2VuZCIsIl9hdXRoX3VzZXJfaWQiOiIyIn0=	2019-05-27 15:44:54.170611
4fwg498ykdyhdj21mhk9eutb8e6nxygv	NGVkMWViODA2Yzk1YTViOGJjY2M0ZDFiYTdhN2I1ZmYxZjdhOTUxMjp7Il9hdXRoX3VzZXJfaGFzaCI6Ijc0MTM5Yjk2NWE2ODMyNTg1OTM1M2EzYTI4NTI2NjcwMzg4Y2NmNDUiLCJfYXV0aF91c2VyX2lkIjoiMiIsIl9hdXRoX3VzZXJfYmFja2VuZCI6ImRqYW5nby5jb250cmliLmF1dGguYmFja2VuZHMuTW9kZWxCYWNrZW5kIn0=	2018-08-05 14:29:23.196205
4jv3ytzgz5a9mbynsgab2vit9uknnel4	YzAxYzRhZTUyNjkwMjgyNTM4ZjYwYTUzMDM2MDE5ZGMzMTI3NTE2Yjp7Il9hdXRoX3VzZXJfaWQiOiIyIiwiX2F1dGhfdXNlcl9iYWNrZW5kIjoiZGphbmdvLmNvbnRyaWIuYXV0aC5iYWNrZW5kcy5Nb2RlbEJhY2tlbmQiLCJfYXV0aF91c2VyX2hhc2giOiI2NDE4M2IzYmFlYjExMDFjZjY5NDRmOTdmZTJiNjRmMmNkNWRjNjk5In0=	2019-07-07 14:31:26.382588
4kbt2df7ejqmpyds8rkz94lcuqj8xfvm	ZGUwYjk0NjRkYTYyODlhYjJlNjJlNzU5NzNjNzE0Y2ZkZThjYmIzZDp7Il9hdXRoX3VzZXJfaGFzaCI6IjY0MTgzYjNiYWViMTEwMWNmNjk0NGY5N2ZlMmI2NGYyY2Q1ZGM2OTkiLCJfYXV0aF91c2VyX2lkIjoiMiIsIl9hdXRoX3VzZXJfYmFja2VuZCI6ImRqYW5nby5jb250cmliLmF1dGguYmFja2VuZHMuTW9kZWxCYWNrZW5kIn0=	2019-11-06 19:52:16.446768
4l12szspsowxov1m3sq9zje54rmwrvks	NzlhNDY5MWZmYzBkYWRlYjUyY2Y3MjBiZWM3NThmZmJlNzFiODlkYzp7Il9hdXRoX3VzZXJfaWQiOiIyIiwiX2F1dGhfdXNlcl9oYXNoIjoiNjQxODNiM2JhZWIxMTAxY2Y2OTQ0Zjk3ZmUyYjY0ZjJjZDVkYzY5OSIsIl9hdXRoX3VzZXJfYmFja2VuZCI6ImRqYW5nby5jb250cmliLmF1dGguYmFja2VuZHMuTW9kZWxCYWNrZW5kIn0=	2019-03-27 17:21:16.108143
4ogyud94ibxfulrg6v9swshkszihfvux	OTMyNzUwZTAxOTMwNGYwMzRjM2YxMjllMzU2MzE3MDMyZDgxMTkwMzp7Il9hdXRoX3VzZXJfaGFzaCI6IjM1MjU3MDI0NzVkYTg4NTI1ODY5YzRjNjU2NTNhMzIxN2ZhNmUzODEiLCJfYXV0aF91c2VyX2JhY2tlbmQiOiJkamFuZ28uY29udHJpYi5hdXRoLmJhY2tlbmRzLk1vZGVsQmFja2VuZCIsIl9hdXRoX3VzZXJfaWQiOiIzMCJ9	2018-05-30 16:37:43.633543
4qynx7utxhbf5k88o35lhsnyb2wacign	YWMxNDMyN2YwNTQ2ZDk3OGIyNmM1Y2YwY2U1OGNiYjU0MzQzOWQ5Yjp7Il9hdXRoX3VzZXJfYmFja2VuZCI6ImRqYW5nby5jb250cmliLmF1dGguYmFja2VuZHMuTW9kZWxCYWNrZW5kIiwiX2F1dGhfdXNlcl9oYXNoIjoiNzQxMzliOTY1YTY4MzI1ODU5MzUzYTNhMjg1MjY2NzAzODhjY2Y0NSIsIl9hdXRoX3VzZXJfaWQiOiIyIn0=	2018-05-04 00:31:19.264756
4rr5xzblgei4ymi962t2eukhl1z40rt9	YWMxOWQxYzQzYzkzZjUwOTY4YmY0ZTQ5MDUxOWFhMzBiNzNhZThlZjp7Il9hdXRoX3VzZXJfaWQiOiIyIiwiX2F1dGhfdXNlcl9iYWNrZW5kIjoiZGphbmdvLmNvbnRyaWIuYXV0aC5iYWNrZW5kcy5Nb2RlbEJhY2tlbmQiLCJfYXV0aF91c2VyX2hhc2giOiI3NDEzOWI5NjVhNjgzMjU4NTkzNTNhM2EyODUyNjY3MDM4OGNjZjQ1In0=	2018-12-08 18:09:42.927937
4u36up7rm6egyxb01l2w0mqlony3wiww	MzE1OTEyYzRlNjViYzAyODg0NTUwYzA4YjI1Y2MyYjJmM2Y3OTY4Zjp7Il9hdXRoX3VzZXJfaWQiOiI1OSIsIl9hdXRoX3VzZXJfaGFzaCI6IjkzMGU4ZGMxMmYyNTY5N2Q4OTY0MDgxM2QwOTA3YzQ4YWJlMjNkMDEiLCJfYXV0aF91c2VyX2JhY2tlbmQiOiJkamFuZ28uY29udHJpYi5hdXRoLmJhY2tlbmRzLk1vZGVsQmFja2VuZCJ9	2019-01-03 03:55:28.597644
4upwr6bcvtecaklf0ij3aecas7bd6lp1	MWFlNDc0MTc5YWVjMTUzOGUzOTBkYmE3YjI5ZWFhMWRlMWJjOWExMTp7Il9hdXRoX3VzZXJfaGFzaCI6IjY0MTgzYjNiYWViMTEwMWNmNjk0NGY5N2ZlMmI2NGYyY2Q1ZGM2OTkiLCJfYXV0aF91c2VyX2JhY2tlbmQiOiJkamFuZ28uY29udHJpYi5hdXRoLmJhY2tlbmRzLk1vZGVsQmFja2VuZCIsIl9hdXRoX3VzZXJfaWQiOiIyIn0=	2019-10-09 17:16:17.256572
4vhlnjfelpdq4yxsuqtpn6y0wq7qvfvi	YzAxYzRhZTUyNjkwMjgyNTM4ZjYwYTUzMDM2MDE5ZGMzMTI3NTE2Yjp7Il9hdXRoX3VzZXJfaWQiOiIyIiwiX2F1dGhfdXNlcl9iYWNrZW5kIjoiZGphbmdvLmNvbnRyaWIuYXV0aC5iYWNrZW5kcy5Nb2RlbEJhY2tlbmQiLCJfYXV0aF91c2VyX2hhc2giOiI2NDE4M2IzYmFlYjExMDFjZjY5NDRmOTdmZTJiNjRmMmNkNWRjNjk5In0=	2019-06-11 19:53:50.798587
4yy2jgvey01rditdv80f6n6sboq9n8dj	NmJiZmVlYzVkYzZkNmJiMTc2MDhiYmNhYjRhM2UwY2NkNGRmNzkyZDp7Il9hdXRoX3VzZXJfaWQiOiIyIiwiX2F1dGhfdXNlcl9oYXNoIjoiNzQxMzliOTY1YTY4MzI1ODU5MzUzYTNhMjg1MjY2NzAzODhjY2Y0NSIsIl9hdXRoX3VzZXJfYmFja2VuZCI6ImRqYW5nby5jb250cmliLmF1dGguYmFja2VuZHMuTW9kZWxCYWNrZW5kIn0=	2019-02-18 23:55:36.319759
514iju6gfg71ssgzk4lbs7qj2a59qv6a	NmJiZmVlYzVkYzZkNmJiMTc2MDhiYmNhYjRhM2UwY2NkNGRmNzkyZDp7Il9hdXRoX3VzZXJfaWQiOiIyIiwiX2F1dGhfdXNlcl9oYXNoIjoiNzQxMzliOTY1YTY4MzI1ODU5MzUzYTNhMjg1MjY2NzAzODhjY2Y0NSIsIl9hdXRoX3VzZXJfYmFja2VuZCI6ImRqYW5nby5jb250cmliLmF1dGguYmFja2VuZHMuTW9kZWxCYWNrZW5kIn0=	2018-09-10 13:42:27.470183
55bdzqgpovl8b6b5ybb9lwucd3ttevh1	OWM4NjI2NzZiYzRkYzc1MTY3YWQwZWUxMDgwOTBiNzM5NzMxOWRkODp7Il9wYXNzd29yZF9yZXNldF90b2tlbiI6IjR3OS0yZTcxNWFiYzA3ZTE2MTFmNjQ4YSJ9	2018-05-31 11:57:29.953833
55g8p60wh48uazctyrsx72tultswsg5y	NmJiZmVlYzVkYzZkNmJiMTc2MDhiYmNhYjRhM2UwY2NkNGRmNzkyZDp7Il9hdXRoX3VzZXJfaWQiOiIyIiwiX2F1dGhfdXNlcl9oYXNoIjoiNzQxMzliOTY1YTY4MzI1ODU5MzUzYTNhMjg1MjY2NzAzODhjY2Y0NSIsIl9hdXRoX3VzZXJfYmFja2VuZCI6ImRqYW5nby5jb250cmliLmF1dGguYmFja2VuZHMuTW9kZWxCYWNrZW5kIn0=	2018-10-29 16:20:10.593557
56inihtk4r5bpdbg89n1mb0k1n7uoho5	N2Q3NzdhNDVjMzhhNWM0OTU3Y2MxNjJmZjlkNGFkOTEyNmM5NzQ5MTp7Il9hdXRoX3VzZXJfYmFja2VuZCI6ImRqYW5nby5jb250cmliLmF1dGguYmFja2VuZHMuTW9kZWxCYWNrZW5kIiwiX2F1dGhfdXNlcl9oYXNoIjoiNjQxODNiM2JhZWIxMTAxY2Y2OTQ0Zjk3ZmUyYjY0ZjJjZDVkYzY5OSIsIl9hdXRoX3VzZXJfaWQiOiIyIn0=	2019-05-23 11:59:23.873801
56vv6jdusb9rvsm1vmkymy9utofby4dc	NzlhNDY5MWZmYzBkYWRlYjUyY2Y3MjBiZWM3NThmZmJlNzFiODlkYzp7Il9hdXRoX3VzZXJfaWQiOiIyIiwiX2F1dGhfdXNlcl9oYXNoIjoiNjQxODNiM2JhZWIxMTAxY2Y2OTQ0Zjk3ZmUyYjY0ZjJjZDVkYzY5OSIsIl9hdXRoX3VzZXJfYmFja2VuZCI6ImRqYW5nby5jb250cmliLmF1dGguYmFja2VuZHMuTW9kZWxCYWNrZW5kIn0=	2019-07-08 17:13:09.108699
58pb9bw1mrfadfkfjxrmsfpxol7fscg0	YWMxOWQxYzQzYzkzZjUwOTY4YmY0ZTQ5MDUxOWFhMzBiNzNhZThlZjp7Il9hdXRoX3VzZXJfaWQiOiIyIiwiX2F1dGhfdXNlcl9iYWNrZW5kIjoiZGphbmdvLmNvbnRyaWIuYXV0aC5iYWNrZW5kcy5Nb2RlbEJhY2tlbmQiLCJfYXV0aF91c2VyX2hhc2giOiI3NDEzOWI5NjVhNjgzMjU4NTkzNTNhM2EyODUyNjY3MDM4OGNjZjQ1In0=	2018-07-30 23:42:10.863338
5fwlmnoghf2vy9fm8j36po61boj497lu	OGVlNWExNTBiMDdjYWI0OGY4MzNjM2UyMDFmODUzOGYxZDhiZGRkNjp7Il9hdXRoX3VzZXJfYmFja2VuZCI6ImRqYW5nby5jb250cmliLmF1dGguYmFja2VuZHMuTW9kZWxCYWNrZW5kIiwiX2F1dGhfdXNlcl9pZCI6IjIiLCJfYXV0aF91c2VyX2hhc2giOiI2NDE4M2IzYmFlYjExMDFjZjY5NDRmOTdmZTJiNjRmMmNkNWRjNjk5In0=	2019-04-25 02:27:06.068802
5hysv8qgd641gmgc9gwc47na7mjjcfo8	NzlhNDY5MWZmYzBkYWRlYjUyY2Y3MjBiZWM3NThmZmJlNzFiODlkYzp7Il9hdXRoX3VzZXJfaWQiOiIyIiwiX2F1dGhfdXNlcl9oYXNoIjoiNjQxODNiM2JhZWIxMTAxY2Y2OTQ0Zjk3ZmUyYjY0ZjJjZDVkYzY5OSIsIl9hdXRoX3VzZXJfYmFja2VuZCI6ImRqYW5nby5jb250cmliLmF1dGguYmFja2VuZHMuTW9kZWxCYWNrZW5kIn0=	2019-06-10 12:20:53.410429
5i2wek5hjp6ibiwzcziokbq1v237039l	ZjM1OTk3NGNiOTA2NWE1NWMwMDFhMDAzYWE4ZjE1N2ZlNTUzYjliZDp7Il9hdXRoX3VzZXJfaGFzaCI6ImVjMTA5NGZlMjE5NDI2NWYyYTkyMzAxNTU2NDQ4NGFkZGFhNWM3ZmEiLCJfYXV0aF91c2VyX2lkIjoiMTgiLCJfYXV0aF91c2VyX2JhY2tlbmQiOiJkamFuZ28uY29udHJpYi5hdXRoLmJhY2tlbmRzLk1vZGVsQmFja2VuZCJ9	2018-12-27 02:04:34.779768
5ip6wlhylnh8ngw35y29u5s760g07ak6	N2Q3NzdhNDVjMzhhNWM0OTU3Y2MxNjJmZjlkNGFkOTEyNmM5NzQ5MTp7Il9hdXRoX3VzZXJfYmFja2VuZCI6ImRqYW5nby5jb250cmliLmF1dGguYmFja2VuZHMuTW9kZWxCYWNrZW5kIiwiX2F1dGhfdXNlcl9oYXNoIjoiNjQxODNiM2JhZWIxMTAxY2Y2OTQ0Zjk3ZmUyYjY0ZjJjZDVkYzY5OSIsIl9hdXRoX3VzZXJfaWQiOiIyIn0=	2020-01-13 17:49:39.445939
5k4k97wccm58j9stp1ao6m58bghh7mea	ZTQ2MTRjN2Q0OWY3YzI1MmVlODJiZmE2MmNkODdmNTRiNTNkNjdiNDp7Il9hdXRoX3VzZXJfYmFja2VuZCI6ImRqYW5nby5jb250cmliLmF1dGguYmFja2VuZHMuTW9kZWxCYWNrZW5kIiwiX2F1dGhfdXNlcl9oYXNoIjoiY2YyYzBkMWQyNzQ1NDdhMjJmMDRiNjlmMmM1NjAwMDBiZTQ1YmQ2MSIsIl9hdXRoX3VzZXJfaWQiOiIxOCJ9	2019-04-20 16:01:32.390652
5lvakk221e72syl87kr8q6ti30njp67u	OGVlNWExNTBiMDdjYWI0OGY4MzNjM2UyMDFmODUzOGYxZDhiZGRkNjp7Il9hdXRoX3VzZXJfYmFja2VuZCI6ImRqYW5nby5jb250cmliLmF1dGguYmFja2VuZHMuTW9kZWxCYWNrZW5kIiwiX2F1dGhfdXNlcl9pZCI6IjIiLCJfYXV0aF91c2VyX2hhc2giOiI2NDE4M2IzYmFlYjExMDFjZjY5NDRmOTdmZTJiNjRmMmNkNWRjNjk5In0=	2019-08-21 19:58:20.36484
5q45z1z2lyc5pk7sg3xmnp26upehnr4o	ZGUwYjk0NjRkYTYyODlhYjJlNjJlNzU5NzNjNzE0Y2ZkZThjYmIzZDp7Il9hdXRoX3VzZXJfaGFzaCI6IjY0MTgzYjNiYWViMTEwMWNmNjk0NGY5N2ZlMmI2NGYyY2Q1ZGM2OTkiLCJfYXV0aF91c2VyX2lkIjoiMiIsIl9hdXRoX3VzZXJfYmFja2VuZCI6ImRqYW5nby5jb250cmliLmF1dGguYmFja2VuZHMuTW9kZWxCYWNrZW5kIn0=	2019-06-21 20:59:06.449406
5sk6jaoy2m9l8lvdeo4p7hgw6em0rduk	YWMxNDMyN2YwNTQ2ZDk3OGIyNmM1Y2YwY2U1OGNiYjU0MzQzOWQ5Yjp7Il9hdXRoX3VzZXJfYmFja2VuZCI6ImRqYW5nby5jb250cmliLmF1dGguYmFja2VuZHMuTW9kZWxCYWNrZW5kIiwiX2F1dGhfdXNlcl9oYXNoIjoiNzQxMzliOTY1YTY4MzI1ODU5MzUzYTNhMjg1MjY2NzAzODhjY2Y0NSIsIl9hdXRoX3VzZXJfaWQiOiIyIn0=	2018-11-19 20:52:57.392119
5ujflkh4frjcv08am9i7qiyujrgzpk9m	YzAxYzRhZTUyNjkwMjgyNTM4ZjYwYTUzMDM2MDE5ZGMzMTI3NTE2Yjp7Il9hdXRoX3VzZXJfaWQiOiIyIiwiX2F1dGhfdXNlcl9iYWNrZW5kIjoiZGphbmdvLmNvbnRyaWIuYXV0aC5iYWNrZW5kcy5Nb2RlbEJhY2tlbmQiLCJfYXV0aF91c2VyX2hhc2giOiI2NDE4M2IzYmFlYjExMDFjZjY5NDRmOTdmZTJiNjRmMmNkNWRjNjk5In0=	2019-05-02 02:28:41.517023
5xkfjkay2z3ifrazvi1tq2hgj52pnq62	OTVlODlkNGZhYjBlNTBhZmU4Y2NkOWNiYWIzYjkyZDNiYWVmZWY0OTp7Il9hdXRoX3VzZXJfaGFzaCI6Ijc0MTM5Yjk2NWE2ODMyNTg1OTM1M2EzYTI4NTI2NjcwMzg4Y2NmNDUiLCJfYXV0aF91c2VyX2JhY2tlbmQiOiJkamFuZ28uY29udHJpYi5hdXRoLmJhY2tlbmRzLk1vZGVsQmFja2VuZCIsIl9hdXRoX3VzZXJfaWQiOiIyIn0=	2018-10-10 14:46:34.069752
63eptygs0u6ak1b78gjhcjaz45sw8uzi	YzAxYzRhZTUyNjkwMjgyNTM4ZjYwYTUzMDM2MDE5ZGMzMTI3NTE2Yjp7Il9hdXRoX3VzZXJfaWQiOiIyIiwiX2F1dGhfdXNlcl9iYWNrZW5kIjoiZGphbmdvLmNvbnRyaWIuYXV0aC5iYWNrZW5kcy5Nb2RlbEJhY2tlbmQiLCJfYXV0aF91c2VyX2hhc2giOiI2NDE4M2IzYmFlYjExMDFjZjY5NDRmOTdmZTJiNjRmMmNkNWRjNjk5In0=	2019-06-12 18:21:07.850153
65wlkbpyu4tu5my5jlx66sdq7wdt2msm	N2Q3NzdhNDVjMzhhNWM0OTU3Y2MxNjJmZjlkNGFkOTEyNmM5NzQ5MTp7Il9hdXRoX3VzZXJfYmFja2VuZCI6ImRqYW5nby5jb250cmliLmF1dGguYmFja2VuZHMuTW9kZWxCYWNrZW5kIiwiX2F1dGhfdXNlcl9oYXNoIjoiNjQxODNiM2JhZWIxMTAxY2Y2OTQ0Zjk3ZmUyYjY0ZjJjZDVkYzY5OSIsIl9hdXRoX3VzZXJfaWQiOiIyIn0=	2019-07-09 17:15:05.047098
6a8u9yowuqznwbxk6gprgsr6iy2zjg03	OWZjYjg3YzA0NDA5OGYwYWRhYjU3Yjc5ZmI3NTkyODk3NjZjNzUwNDp7Il9hdXRoX3VzZXJfYmFja2VuZCI6ImRqYW5nby5jb250cmliLmF1dGguYmFja2VuZHMuTW9kZWxCYWNrZW5kIiwiX2F1dGhfdXNlcl9pZCI6IjIiLCJfYXV0aF91c2VyX2hhc2giOiI3NDEzOWI5NjVhNjgzMjU4NTkzNTNhM2EyODUyNjY3MDM4OGNjZjQ1In0=	2019-02-28 16:40:45.472863
6alwcez95g7osfmtf24vuocojoqmvymf	MTY1ZTQxYTJmZjMxMmUyNWI0Mjk5MjNhYzAyNmFmYzRiNDM5ZDMyNDp7Il9hdXRoX3VzZXJfYmFja2VuZCI6ImRqYW5nby5jb250cmliLmF1dGguYmFja2VuZHMuTW9kZWxCYWNrZW5kIiwiX2F1dGhfdXNlcl9oYXNoIjoiNGNmNzZhM2FmMGNhZTRiYjVkMmRjZmFhMmMxZjhkNjAwZThlNjI3ZSIsIl9hdXRoX3VzZXJfaWQiOiIxNiJ9	2018-04-04 18:55:32.334
6b5dkv69xxbih3qfuzasvaetbnni2fce	NmE4NDU4MjMzZTQyYzBiYzA0ZGY1NTEwZTE3OWNmOTQ5YWUxZjBhNjp7Il9hdXRoX3VzZXJfYmFja2VuZCI6ImRqYW5nby5jb250cmliLmF1dGguYmFja2VuZHMuTW9kZWxCYWNrZW5kIiwiX2F1dGhfdXNlcl9oYXNoIjoiYWY2YzI0MTlkMGFhODRlNTEwNzJjOTc2NmQ4OGMxMWMyYTY5MDVhOCIsIl9hdXRoX3VzZXJfaWQiOiIzOCJ9	2018-07-24 15:49:47.273209
6ienv8vtgb4gztztfszvfd7iwfenkof2	NzlhNDY5MWZmYzBkYWRlYjUyY2Y3MjBiZWM3NThmZmJlNzFiODlkYzp7Il9hdXRoX3VzZXJfaWQiOiIyIiwiX2F1dGhfdXNlcl9oYXNoIjoiNjQxODNiM2JhZWIxMTAxY2Y2OTQ0Zjk3ZmUyYjY0ZjJjZDVkYzY5OSIsIl9hdXRoX3VzZXJfYmFja2VuZCI6ImRqYW5nby5jb250cmliLmF1dGguYmFja2VuZHMuTW9kZWxCYWNrZW5kIn0=	2020-01-03 16:05:04.177725
6mrcqe88pxs9m0j676v7s93csud385q6	YzFiOTRhMWQwNGM4NmYyODlhOWZhZmRmZDYwYjQ2ZDQ0MmZjNGYxNzp7Il9hdXRoX3VzZXJfaWQiOiIxNSIsIl9hdXRoX3VzZXJfYmFja2VuZCI6ImRqYW5nby5jb250cmliLmF1dGguYmFja2VuZHMuTW9kZWxCYWNrZW5kIiwiX2F1dGhfdXNlcl9oYXNoIjoiOTZjNzQyM2JlZTE4ZGMwMjk5ZDFjMzAzYTU5MWJmYTNiOWE0YTcyYSJ9	2018-03-29 20:39:09.047
6ngkqcsdm67zuq6tk4t20w4j6ld5wfis	ZGUwYjk0NjRkYTYyODlhYjJlNjJlNzU5NzNjNzE0Y2ZkZThjYmIzZDp7Il9hdXRoX3VzZXJfaGFzaCI6IjY0MTgzYjNiYWViMTEwMWNmNjk0NGY5N2ZlMmI2NGYyY2Q1ZGM2OTkiLCJfYXV0aF91c2VyX2lkIjoiMiIsIl9hdXRoX3VzZXJfYmFja2VuZCI6ImRqYW5nby5jb250cmliLmF1dGguYmFja2VuZHMuTW9kZWxCYWNrZW5kIn0=	2019-10-12 23:39:52.59552
6p5y4t3rj9j2p6aikr0n7q5ut3yrdeoe	ZGUwYjk0NjRkYTYyODlhYjJlNjJlNzU5NzNjNzE0Y2ZkZThjYmIzZDp7Il9hdXRoX3VzZXJfaGFzaCI6IjY0MTgzYjNiYWViMTEwMWNmNjk0NGY5N2ZlMmI2NGYyY2Q1ZGM2OTkiLCJfYXV0aF91c2VyX2lkIjoiMiIsIl9hdXRoX3VzZXJfYmFja2VuZCI6ImRqYW5nby5jb250cmliLmF1dGguYmFja2VuZHMuTW9kZWxCYWNrZW5kIn0=	2019-11-26 18:30:36.903171
6qlwjznk0n2cjs2mkz3ko2slpd7gfyh2	NGVkMWViODA2Yzk1YTViOGJjY2M0ZDFiYTdhN2I1ZmYxZjdhOTUxMjp7Il9hdXRoX3VzZXJfaGFzaCI6Ijc0MTM5Yjk2NWE2ODMyNTg1OTM1M2EzYTI4NTI2NjcwMzg4Y2NmNDUiLCJfYXV0aF91c2VyX2lkIjoiMiIsIl9hdXRoX3VzZXJfYmFja2VuZCI6ImRqYW5nby5jb250cmliLmF1dGguYmFja2VuZHMuTW9kZWxCYWNrZW5kIn0=	2018-12-27 02:31:36.502133
6qoa3xwt0co8m71oz1d92zwasxsiustz	NzlhNDY5MWZmYzBkYWRlYjUyY2Y3MjBiZWM3NThmZmJlNzFiODlkYzp7Il9hdXRoX3VzZXJfaWQiOiIyIiwiX2F1dGhfdXNlcl9oYXNoIjoiNjQxODNiM2JhZWIxMTAxY2Y2OTQ0Zjk3ZmUyYjY0ZjJjZDVkYzY5OSIsIl9hdXRoX3VzZXJfYmFja2VuZCI6ImRqYW5nby5jb250cmliLmF1dGguYmFja2VuZHMuTW9kZWxCYWNrZW5kIn0=	2019-10-30 18:04:07.563963
6xjp74rdi9dfvnzxmogf78fol1yb4h8t	MjMyYjAyOGU4YTNlOGUyMjFiMjE1NjA4NDA2NzNjY2ZlZDQ0ODk0NTp7Il9hdXRoX3VzZXJfYmFja2VuZCI6ImRqYW5nby5jb250cmliLmF1dGguYmFja2VuZHMuTW9kZWxCYWNrZW5kIiwiX2F1dGhfdXNlcl9pZCI6IjYwIiwiX2F1dGhfdXNlcl9oYXNoIjoiNzg2ZTQwOGFhYzlhNjI4MTRlYjc4MDA3ZjFhZjNjMGQ2Nzk4MmQ4ZiJ9	2019-03-07 21:29:28.344843
6xn1vjk3bjit7u22jgsyltnqg3y20ue7	NGJkMDI3ZDVhMWQzMWFhNTk3ZGE2ODg1MGU1OGQ4ZTY2ZTQ0N2RjMjp7Il9hdXRoX3VzZXJfaGFzaCI6ImEyODJhNTY5MTJlNzMxNTE4MTMyMTUwMTVlN2IxYWRjOTIwZDJhZTYiLCJfYXV0aF91c2VyX2JhY2tlbmQiOiJkamFuZ28uY29udHJpYi5hdXRoLmJhY2tlbmRzLk1vZGVsQmFja2VuZCIsIl9hdXRoX3VzZXJfaWQiOiI0NCJ9	2018-08-23 15:31:09.463611
6ydd35exyeeidmggoe8is94e5asg8rxn	NzlhNDY5MWZmYzBkYWRlYjUyY2Y3MjBiZWM3NThmZmJlNzFiODlkYzp7Il9hdXRoX3VzZXJfaWQiOiIyIiwiX2F1dGhfdXNlcl9oYXNoIjoiNjQxODNiM2JhZWIxMTAxY2Y2OTQ0Zjk3ZmUyYjY0ZjJjZDVkYzY5OSIsIl9hdXRoX3VzZXJfYmFja2VuZCI6ImRqYW5nby5jb250cmliLmF1dGguYmFja2VuZHMuTW9kZWxCYWNrZW5kIn0=	2019-06-11 13:36:46.29624
6z10d963g599stsm3d4mtf22rk706yqg	YTc5OWQwMGFhYjNjN2UyZGRiMjY4MWY0MTE2NGEwMWJmNjlmNDFkOTp7Il9hdXRoX3VzZXJfaGFzaCI6ImE2ODBlYTMyM2Y5MDRmNzc0NDIyMWEzMGIxZDI1ZjlhZjQwYmE3YzYiLCJfYXV0aF91c2VyX2JhY2tlbmQiOiJkamFuZ28uY29udHJpYi5hdXRoLmJhY2tlbmRzLk1vZGVsQmFja2VuZCIsIl9hdXRoX3VzZXJfaWQiOiI0OCJ9	2019-02-07 17:39:08.684482
6zl4d297zodok2dmt9zo10cufgm9n9bo	OWZjYjg3YzA0NDA5OGYwYWRhYjU3Yjc5ZmI3NTkyODk3NjZjNzUwNDp7Il9hdXRoX3VzZXJfYmFja2VuZCI6ImRqYW5nby5jb250cmliLmF1dGguYmFja2VuZHMuTW9kZWxCYWNrZW5kIiwiX2F1dGhfdXNlcl9pZCI6IjIiLCJfYXV0aF91c2VyX2hhc2giOiI3NDEzOWI5NjVhNjgzMjU4NTkzNTNhM2EyODUyNjY3MDM4OGNjZjQ1In0=	2019-02-14 02:48:47.609039
77emu42prjxaoj88xu2ddyyyhd662qlt	NzlhNDY5MWZmYzBkYWRlYjUyY2Y3MjBiZWM3NThmZmJlNzFiODlkYzp7Il9hdXRoX3VzZXJfaWQiOiIyIiwiX2F1dGhfdXNlcl9oYXNoIjoiNjQxODNiM2JhZWIxMTAxY2Y2OTQ0Zjk3ZmUyYjY0ZjJjZDVkYzY5OSIsIl9hdXRoX3VzZXJfYmFja2VuZCI6ImRqYW5nby5jb250cmliLmF1dGguYmFja2VuZHMuTW9kZWxCYWNrZW5kIn0=	2019-10-05 00:07:32.567
7963xvz55rtzbd4wau83uaq2de9k4xnu	NGVkMWViODA2Yzk1YTViOGJjY2M0ZDFiYTdhN2I1ZmYxZjdhOTUxMjp7Il9hdXRoX3VzZXJfaGFzaCI6Ijc0MTM5Yjk2NWE2ODMyNTg1OTM1M2EzYTI4NTI2NjcwMzg4Y2NmNDUiLCJfYXV0aF91c2VyX2lkIjoiMiIsIl9hdXRoX3VzZXJfYmFja2VuZCI6ImRqYW5nby5jb250cmliLmF1dGguYmFja2VuZHMuTW9kZWxCYWNrZW5kIn0=	2018-03-28 17:09:00.234
7b9fe6p7tad5g9pv9f0sw3kzps41kgr0	NzlhNDY5MWZmYzBkYWRlYjUyY2Y3MjBiZWM3NThmZmJlNzFiODlkYzp7Il9hdXRoX3VzZXJfaWQiOiIyIiwiX2F1dGhfdXNlcl9oYXNoIjoiNjQxODNiM2JhZWIxMTAxY2Y2OTQ0Zjk3ZmUyYjY0ZjJjZDVkYzY5OSIsIl9hdXRoX3VzZXJfYmFja2VuZCI6ImRqYW5nby5jb250cmliLmF1dGguYmFja2VuZHMuTW9kZWxCYWNrZW5kIn0=	2019-08-05 20:52:18.471437
7e3gzbxnstqdnnme5dtyp5ud7vtdasnh	MTVkOTYyYTg5Mjg3MjI4ZWI1N2FlOWU4MTViMTRmM2U0YjEzZDQ5Mjp7Il9hdXRoX3VzZXJfaWQiOiIxOCIsIl9hdXRoX3VzZXJfYmFja2VuZCI6ImRqYW5nby5jb250cmliLmF1dGguYmFja2VuZHMuTW9kZWxCYWNrZW5kIiwiX2F1dGhfdXNlcl9oYXNoIjoiZWMxMDk0ZmUyMTk0MjY1ZjJhOTIzMDE1NTY0NDg0YWRkYWE1YzdmYSJ9	2019-03-20 23:48:37.921875
7j6kjohp9hvyipwnlabbxmh23ms9vpa1	OTVlODlkNGZhYjBlNTBhZmU4Y2NkOWNiYWIzYjkyZDNiYWVmZWY0OTp7Il9hdXRoX3VzZXJfaGFzaCI6Ijc0MTM5Yjk2NWE2ODMyNTg1OTM1M2EzYTI4NTI2NjcwMzg4Y2NmNDUiLCJfYXV0aF91c2VyX2JhY2tlbmQiOiJkamFuZ28uY29udHJpYi5hdXRoLmJhY2tlbmRzLk1vZGVsQmFja2VuZCIsIl9hdXRoX3VzZXJfaWQiOiIyIn0=	2018-04-05 03:30:45.816
7j90fzti5svf7lc2eql4ptv1ho4ibgrd	NzlhNDY5MWZmYzBkYWRlYjUyY2Y3MjBiZWM3NThmZmJlNzFiODlkYzp7Il9hdXRoX3VzZXJfaWQiOiIyIiwiX2F1dGhfdXNlcl9oYXNoIjoiNjQxODNiM2JhZWIxMTAxY2Y2OTQ0Zjk3ZmUyYjY0ZjJjZDVkYzY5OSIsIl9hdXRoX3VzZXJfYmFja2VuZCI6ImRqYW5nby5jb250cmliLmF1dGguYmFja2VuZHMuTW9kZWxCYWNrZW5kIn0=	2019-10-29 18:23:27.372093
7jjbkw242gn0lqt2234n14yfwf8711fy	ZGUwYjk0NjRkYTYyODlhYjJlNjJlNzU5NzNjNzE0Y2ZkZThjYmIzZDp7Il9hdXRoX3VzZXJfaGFzaCI6IjY0MTgzYjNiYWViMTEwMWNmNjk0NGY5N2ZlMmI2NGYyY2Q1ZGM2OTkiLCJfYXV0aF91c2VyX2lkIjoiMiIsIl9hdXRoX3VzZXJfYmFja2VuZCI6ImRqYW5nby5jb250cmliLmF1dGguYmFja2VuZHMuTW9kZWxCYWNrZW5kIn0=	2020-01-01 19:43:27.331535
7kzfhcoxcuokirgvwnkfsn38v6ulzqye	YTc5OWQwMGFhYjNjN2UyZGRiMjY4MWY0MTE2NGEwMWJmNjlmNDFkOTp7Il9hdXRoX3VzZXJfaGFzaCI6ImE2ODBlYTMyM2Y5MDRmNzc0NDIyMWEzMGIxZDI1ZjlhZjQwYmE3YzYiLCJfYXV0aF91c2VyX2JhY2tlbmQiOiJkamFuZ28uY29udHJpYi5hdXRoLmJhY2tlbmRzLk1vZGVsQmFja2VuZCIsIl9hdXRoX3VzZXJfaWQiOiI0OCJ9	2018-09-21 14:05:07.000115
7l8ocnwpemnpupx5k4ywgospymozl33g	NmJiZmVlYzVkYzZkNmJiMTc2MDhiYmNhYjRhM2UwY2NkNGRmNzkyZDp7Il9hdXRoX3VzZXJfaWQiOiIyIiwiX2F1dGhfdXNlcl9oYXNoIjoiNzQxMzliOTY1YTY4MzI1ODU5MzUzYTNhMjg1MjY2NzAzODhjY2Y0NSIsIl9hdXRoX3VzZXJfYmFja2VuZCI6ImRqYW5nby5jb250cmliLmF1dGguYmFja2VuZHMuTW9kZWxCYWNrZW5kIn0=	2018-11-06 19:40:29.466258
7qo6nhdboi0e3dhlcezraawigaooslu4	NmJiZmVlYzVkYzZkNmJiMTc2MDhiYmNhYjRhM2UwY2NkNGRmNzkyZDp7Il9hdXRoX3VzZXJfaWQiOiIyIiwiX2F1dGhfdXNlcl9oYXNoIjoiNzQxMzliOTY1YTY4MzI1ODU5MzUzYTNhMjg1MjY2NzAzODhjY2Y0NSIsIl9hdXRoX3VzZXJfYmFja2VuZCI6ImRqYW5nby5jb250cmliLmF1dGguYmFja2VuZHMuTW9kZWxCYWNrZW5kIn0=	2018-10-23 18:06:41.591057
7ve69aws9c23hn3q56ilkg8offpzk3ti	YWMxOWQxYzQzYzkzZjUwOTY4YmY0ZTQ5MDUxOWFhMzBiNzNhZThlZjp7Il9hdXRoX3VzZXJfaWQiOiIyIiwiX2F1dGhfdXNlcl9iYWNrZW5kIjoiZGphbmdvLmNvbnRyaWIuYXV0aC5iYWNrZW5kcy5Nb2RlbEJhY2tlbmQiLCJfYXV0aF91c2VyX2hhc2giOiI3NDEzOWI5NjVhNjgzMjU4NTkzNTNhM2EyODUyNjY3MDM4OGNjZjQ1In0=	2018-05-23 01:20:45.37362
81rmu03gyexz00t0lrh8zxjcz3lk4x4i	ZWYzNzU3OTVhZTRkODc5OTBiMTZmNjVjY2I1MTE0NTZiZjc0MmI3OTp7Il9hdXRoX3VzZXJfYmFja2VuZCI6ImRqYW5nby5jb250cmliLmF1dGguYmFja2VuZHMuTW9kZWxCYWNrZW5kIiwiX2F1dGhfdXNlcl9pZCI6IjYxIiwiX2F1dGhfdXNlcl9oYXNoIjoiMWIzOGM0NzYyMzczOTI1ZGQ3YzVhZjMyOWJmZWI4ODc3NzIzZGNkNSJ9	2019-01-09 17:31:05.973728
85bgoqtv0nkc5ly1jml75ohb4swfil45	NzFjYzlmMjlhNGE1YWY1ZTJjYzRiYjY5ZjA4Mzk3ZGVmZmZkYzY1NDp7Il9hdXRoX3VzZXJfaWQiOiIxNSIsIl9hdXRoX3VzZXJfaGFzaCI6Ijg3MDQ1Njk5OWJkY2IxNTVlYjk1OTFmZDFkMDBjZjcxNzUxNmFmOTMiLCJfYXV0aF91c2VyX2JhY2tlbmQiOiJkamFuZ28uY29udHJpYi5hdXRoLmJhY2tlbmRzLk1vZGVsQmFja2VuZCJ9	2019-09-10 20:25:30.976687
89jwn7b8ousrxm4k3u6vx0z297r9ky0b	YzAxYzRhZTUyNjkwMjgyNTM4ZjYwYTUzMDM2MDE5ZGMzMTI3NTE2Yjp7Il9hdXRoX3VzZXJfaWQiOiIyIiwiX2F1dGhfdXNlcl9iYWNrZW5kIjoiZGphbmdvLmNvbnRyaWIuYXV0aC5iYWNrZW5kcy5Nb2RlbEJhY2tlbmQiLCJfYXV0aF91c2VyX2hhc2giOiI2NDE4M2IzYmFlYjExMDFjZjY5NDRmOTdmZTJiNjRmMmNkNWRjNjk5In0=	2019-06-04 17:38:18.299967
89z925woatbid87617wk5csmqo1do89e	OWZjYjg3YzA0NDA5OGYwYWRhYjU3Yjc5ZmI3NTkyODk3NjZjNzUwNDp7Il9hdXRoX3VzZXJfYmFja2VuZCI6ImRqYW5nby5jb250cmliLmF1dGguYmFja2VuZHMuTW9kZWxCYWNrZW5kIiwiX2F1dGhfdXNlcl9pZCI6IjIiLCJfYXV0aF91c2VyX2hhc2giOiI3NDEzOWI5NjVhNjgzMjU4NTkzNTNhM2EyODUyNjY3MDM4OGNjZjQ1In0=	2018-11-10 00:22:21.574189
8aim8jh7lko5o7vne8csiwz3oijvn7yw	YWZlZDNlOGJmMGQzMGZjYjFhMzU3NTE1ZDk1MjVkNWM3M2M2OGU5Zjp7Il9hdXRoX3VzZXJfaGFzaCI6IjkyY2FmYTkyN2IyNzQzZjA3NTFmY2I1NmYwNmIyODdlMDNmODJlOTciLCJfYXV0aF91c2VyX2lkIjoiMSIsIl9hdXRoX3VzZXJfYmFja2VuZCI6ImRqYW5nby5jb250cmliLmF1dGguYmFja2VuZHMuTW9kZWxCYWNrZW5kIn0=	2018-05-21 20:27:55.601697
8b0aiq2jpvb1ma9c6ex9u78nym0akgxf	NzlhNDY5MWZmYzBkYWRlYjUyY2Y3MjBiZWM3NThmZmJlNzFiODlkYzp7Il9hdXRoX3VzZXJfaWQiOiIyIiwiX2F1dGhfdXNlcl9oYXNoIjoiNjQxODNiM2JhZWIxMTAxY2Y2OTQ0Zjk3ZmUyYjY0ZjJjZDVkYzY5OSIsIl9hdXRoX3VzZXJfYmFja2VuZCI6ImRqYW5nby5jb250cmliLmF1dGguYmFja2VuZHMuTW9kZWxCYWNrZW5kIn0=	2019-09-04 18:10:23.09154
8hhlkzgmy0vn7xvwrqkcxdf542cxbxmh	NWUxNmFiMjcyNmNiNGQzNDQzMDE5MDcwMzFjNzEzMzQ2MDdmODg1Mzp7Il9hdXRoX3VzZXJfaWQiOiIzNCIsIl9hdXRoX3VzZXJfYmFja2VuZCI6ImRqYW5nby5jb250cmliLmF1dGguYmFja2VuZHMuTW9kZWxCYWNrZW5kIiwiX2F1dGhfdXNlcl9oYXNoIjoiZDFlNTY5NjhkNzk1YjQzMTRkMjFkZGQ4MDk3N2NmMDIwODE4NGI0OSJ9	2019-01-02 18:25:22.655456
8mrzptax0bovarwb21pv0k4v7hson4mn	ZGUwYjk0NjRkYTYyODlhYjJlNjJlNzU5NzNjNzE0Y2ZkZThjYmIzZDp7Il9hdXRoX3VzZXJfaGFzaCI6IjY0MTgzYjNiYWViMTEwMWNmNjk0NGY5N2ZlMmI2NGYyY2Q1ZGM2OTkiLCJfYXV0aF91c2VyX2lkIjoiMiIsIl9hdXRoX3VzZXJfYmFja2VuZCI6ImRqYW5nby5jb250cmliLmF1dGguYmFja2VuZHMuTW9kZWxCYWNrZW5kIn0=	2019-04-27 00:10:36.194623
8r28tgn22hw3mhf7agpw6eyy0m0iy4sr	N2Q3NzdhNDVjMzhhNWM0OTU3Y2MxNjJmZjlkNGFkOTEyNmM5NzQ5MTp7Il9hdXRoX3VzZXJfYmFja2VuZCI6ImRqYW5nby5jb250cmliLmF1dGguYmFja2VuZHMuTW9kZWxCYWNrZW5kIiwiX2F1dGhfdXNlcl9oYXNoIjoiNjQxODNiM2JhZWIxMTAxY2Y2OTQ0Zjk3ZmUyYjY0ZjJjZDVkYzY5OSIsIl9hdXRoX3VzZXJfaWQiOiIyIn0=	2019-09-11 21:12:55.75044
8uaak50y1kksxj5mtrd3hlyogtfb8hmt	NzlhNDY5MWZmYzBkYWRlYjUyY2Y3MjBiZWM3NThmZmJlNzFiODlkYzp7Il9hdXRoX3VzZXJfaWQiOiIyIiwiX2F1dGhfdXNlcl9oYXNoIjoiNjQxODNiM2JhZWIxMTAxY2Y2OTQ0Zjk3ZmUyYjY0ZjJjZDVkYzY5OSIsIl9hdXRoX3VzZXJfYmFja2VuZCI6ImRqYW5nby5jb250cmliLmF1dGguYmFja2VuZHMuTW9kZWxCYWNrZW5kIn0=	2020-01-04 14:14:19.323572
8xg0kh9f8vkzee2dg3yn51g2h4y7uuxk	YWMxOWQxYzQzYzkzZjUwOTY4YmY0ZTQ5MDUxOWFhMzBiNzNhZThlZjp7Il9hdXRoX3VzZXJfaWQiOiIyIiwiX2F1dGhfdXNlcl9iYWNrZW5kIjoiZGphbmdvLmNvbnRyaWIuYXV0aC5iYWNrZW5kcy5Nb2RlbEJhY2tlbmQiLCJfYXV0aF91c2VyX2hhc2giOiI3NDEzOWI5NjVhNjgzMjU4NTkzNTNhM2EyODUyNjY3MDM4OGNjZjQ1In0=	2019-03-21 19:47:04.312725
914qe7nyyiugusrhcql9muml8l5kz1uj	Y2YyMzY2MDgwYjRiZWU2YWNjOWI0NzAzNTBmNWQ2NGFjMjIyNDAzZTp7Il9hdXRoX3VzZXJfaWQiOiIzIiwiX2F1dGhfdXNlcl9iYWNrZW5kIjoiZGphbmdvLmNvbnRyaWIuYXV0aC5iYWNrZW5kcy5Nb2RlbEJhY2tlbmQiLCJfYXV0aF91c2VyX2hhc2giOiI0MDM3ODAyMWRkZGFlYmE3NzI1ODhmNWNmNmQxNDA2ZTkzZDNmZTE1In0=	2018-04-25 23:48:20.239461
91fvwi84du5if5ibuzfge4l01ni2cyub	YzAxYzRhZTUyNjkwMjgyNTM4ZjYwYTUzMDM2MDE5ZGMzMTI3NTE2Yjp7Il9hdXRoX3VzZXJfaWQiOiIyIiwiX2F1dGhfdXNlcl9iYWNrZW5kIjoiZGphbmdvLmNvbnRyaWIuYXV0aC5iYWNrZW5kcy5Nb2RlbEJhY2tlbmQiLCJfYXV0aF91c2VyX2hhc2giOiI2NDE4M2IzYmFlYjExMDFjZjY5NDRmOTdmZTJiNjRmMmNkNWRjNjk5In0=	2019-07-02 14:06:04.255033
94g3wfgmqb6cn4p2osuwd7nxi6d6khqq	YzAxYzRhZTUyNjkwMjgyNTM4ZjYwYTUzMDM2MDE5ZGMzMTI3NTE2Yjp7Il9hdXRoX3VzZXJfaWQiOiIyIiwiX2F1dGhfdXNlcl9iYWNrZW5kIjoiZGphbmdvLmNvbnRyaWIuYXV0aC5iYWNrZW5kcy5Nb2RlbEJhY2tlbmQiLCJfYXV0aF91c2VyX2hhc2giOiI2NDE4M2IzYmFlYjExMDFjZjY5NDRmOTdmZTJiNjRmMmNkNWRjNjk5In0=	2019-07-16 21:45:49.296627
95ygg7iffu00ytw63u2u7o202b6sgakr	NDVmODNkNzYxNjI2N2QxNzUwNGZlYjQyNTRhNzA1MTRiNjhjYTUwNjp7Il9hdXRoX3VzZXJfYmFja2VuZCI6ImRqYW5nby5jb250cmliLmF1dGguYmFja2VuZHMuTW9kZWxCYWNrZW5kIiwiX2F1dGhfdXNlcl9pZCI6IjM5IiwiX2F1dGhfdXNlcl9oYXNoIjoiYmIzNGE1Y2RiOTNiOGZlYjMyYjQ4MzQ0N2E2MDFjOWZmOGU3ZDk1YSJ9	2018-08-01 14:19:36.675573
96a9jvm4dxk5hil8u3dco0bxdzotc3di	MGUxYzk3ZDZkZTZkYjc5MWNmMzZmYTc3MzRjZGI2OGNjYjFhMzFkMzp7Il9hdXRoX3VzZXJfYmFja2VuZCI6ImRqYW5nby5jb250cmliLmF1dGguYmFja2VuZHMuTW9kZWxCYWNrZW5kIiwiX2F1dGhfdXNlcl9oYXNoIjoiODcwNDU2OTk5YmRjYjE1NWViOTU5MWZkMWQwMGNmNzE3NTE2YWY5MyIsIl9hdXRoX3VzZXJfaWQiOiIxNSJ9	2019-12-23 16:52:46.522382
96ybd0kdqy81hcktbramktjr8zb6nbwc	MzU2MDg5YzU1MzA2MTNhNDBmMDgzMTBmNmM0ZDIyZjhiNjhmNTVkZjp7Il9hdXRoX3VzZXJfaWQiOiIxIiwiX2F1dGhfdXNlcl9iYWNrZW5kIjoiZGphbmdvLmNvbnRyaWIuYXV0aC5iYWNrZW5kcy5Nb2RlbEJhY2tlbmQiLCJfYXV0aF91c2VyX2hhc2giOiI5MmNhZmE5MjdiMjc0M2YwNzUxZmNiNTZmMDZiMjg3ZTAzZjgyZTk3In0=	2018-07-04 20:44:04.752831
9a6g5xf8zg93upwit0aw5w2icdoe0jkw	YzAxYzRhZTUyNjkwMjgyNTM4ZjYwYTUzMDM2MDE5ZGMzMTI3NTE2Yjp7Il9hdXRoX3VzZXJfaWQiOiIyIiwiX2F1dGhfdXNlcl9iYWNrZW5kIjoiZGphbmdvLmNvbnRyaWIuYXV0aC5iYWNrZW5kcy5Nb2RlbEJhY2tlbmQiLCJfYXV0aF91c2VyX2hhc2giOiI2NDE4M2IzYmFlYjExMDFjZjY5NDRmOTdmZTJiNjRmMmNkNWRjNjk5In0=	2019-06-14 16:38:50.101313
9bj5pj0aoisvfjfq32871j0l6wmfdqc3	YWMxOWQxYzQzYzkzZjUwOTY4YmY0ZTQ5MDUxOWFhMzBiNzNhZThlZjp7Il9hdXRoX3VzZXJfaWQiOiIyIiwiX2F1dGhfdXNlcl9iYWNrZW5kIjoiZGphbmdvLmNvbnRyaWIuYXV0aC5iYWNrZW5kcy5Nb2RlbEJhY2tlbmQiLCJfYXV0aF91c2VyX2hhc2giOiI3NDEzOWI5NjVhNjgzMjU4NTkzNTNhM2EyODUyNjY3MDM4OGNjZjQ1In0=	2018-08-30 20:40:35.186285
9dcum51m41skwld87uayws9selonw4br	ZWZhYzM2NTU3MGZiNDMxMWQ4NGRmY2UxZTJlYTNkYmY0NWMzNmFhOTp7Il9hdXRoX3VzZXJfaGFzaCI6ImE4MWZjMGE4ZmE4MmM5OTU4MzYwODdjYzhiODBjYjE4YzUzMjBkZWEiLCJfYXV0aF91c2VyX2lkIjoiNDAiLCJfYXV0aF91c2VyX2JhY2tlbmQiOiJkamFuZ28uY29udHJpYi5hdXRoLmJhY2tlbmRzLk1vZGVsQmFja2VuZCJ9	2018-08-30 14:51:57.419829
9dxb39g23lzxt8p9k9j5aqtoitevrz1j	N2Q3NzdhNDVjMzhhNWM0OTU3Y2MxNjJmZjlkNGFkOTEyNmM5NzQ5MTp7Il9hdXRoX3VzZXJfYmFja2VuZCI6ImRqYW5nby5jb250cmliLmF1dGguYmFja2VuZHMuTW9kZWxCYWNrZW5kIiwiX2F1dGhfdXNlcl9oYXNoIjoiNjQxODNiM2JhZWIxMTAxY2Y2OTQ0Zjk3ZmUyYjY0ZjJjZDVkYzY5OSIsIl9hdXRoX3VzZXJfaWQiOiIyIn0=	2019-05-30 00:19:29.24284
9ehs9oxzous30ss46zraar4n56hwy2sp	OWZjYjg3YzA0NDA5OGYwYWRhYjU3Yjc5ZmI3NTkyODk3NjZjNzUwNDp7Il9hdXRoX3VzZXJfYmFja2VuZCI6ImRqYW5nby5jb250cmliLmF1dGguYmFja2VuZHMuTW9kZWxCYWNrZW5kIiwiX2F1dGhfdXNlcl9pZCI6IjIiLCJfYXV0aF91c2VyX2hhc2giOiI3NDEzOWI5NjVhNjgzMjU4NTkzNTNhM2EyODUyNjY3MDM4OGNjZjQ1In0=	2018-11-16 13:17:46.404514
9ezpv085jncszfn3lc5rj05rl2gq91gr	NzlhNDY5MWZmYzBkYWRlYjUyY2Y3MjBiZWM3NThmZmJlNzFiODlkYzp7Il9hdXRoX3VzZXJfaWQiOiIyIiwiX2F1dGhfdXNlcl9oYXNoIjoiNjQxODNiM2JhZWIxMTAxY2Y2OTQ0Zjk3ZmUyYjY0ZjJjZDVkYzY5OSIsIl9hdXRoX3VzZXJfYmFja2VuZCI6ImRqYW5nby5jb250cmliLmF1dGguYmFja2VuZHMuTW9kZWxCYWNrZW5kIn0=	2019-06-28 14:51:09.402764
9fo43zxx1rei1rqercbv9fwf3w297jtb	ZGUwYjk0NjRkYTYyODlhYjJlNjJlNzU5NzNjNzE0Y2ZkZThjYmIzZDp7Il9hdXRoX3VzZXJfaGFzaCI6IjY0MTgzYjNiYWViMTEwMWNmNjk0NGY5N2ZlMmI2NGYyY2Q1ZGM2OTkiLCJfYXV0aF91c2VyX2lkIjoiMiIsIl9hdXRoX3VzZXJfYmFja2VuZCI6ImRqYW5nby5jb250cmliLmF1dGguYmFja2VuZHMuTW9kZWxCYWNrZW5kIn0=	2019-04-11 03:06:52.312837
9hokl8dnylf9os9tg0o3huolwc3iqhpp	YWMxOWQxYzQzYzkzZjUwOTY4YmY0ZTQ5MDUxOWFhMzBiNzNhZThlZjp7Il9hdXRoX3VzZXJfaWQiOiIyIiwiX2F1dGhfdXNlcl9iYWNrZW5kIjoiZGphbmdvLmNvbnRyaWIuYXV0aC5iYWNrZW5kcy5Nb2RlbEJhY2tlbmQiLCJfYXV0aF91c2VyX2hhc2giOiI3NDEzOWI5NjVhNjgzMjU4NTkzNTNhM2EyODUyNjY3MDM4OGNjZjQ1In0=	2018-07-30 21:43:01.290272
9jax4zmy2wgm1y0btc11w76eid3zpm9k	ZGUwYjk0NjRkYTYyODlhYjJlNjJlNzU5NzNjNzE0Y2ZkZThjYmIzZDp7Il9hdXRoX3VzZXJfaGFzaCI6IjY0MTgzYjNiYWViMTEwMWNmNjk0NGY5N2ZlMmI2NGYyY2Q1ZGM2OTkiLCJfYXV0aF91c2VyX2lkIjoiMiIsIl9hdXRoX3VzZXJfYmFja2VuZCI6ImRqYW5nby5jb250cmliLmF1dGguYmFja2VuZHMuTW9kZWxCYWNrZW5kIn0=	2019-10-03 04:08:48.891204
9mkmzowijejq6lbx3zt42tsi48mavp79	YzAxYzRhZTUyNjkwMjgyNTM4ZjYwYTUzMDM2MDE5ZGMzMTI3NTE2Yjp7Il9hdXRoX3VzZXJfaWQiOiIyIiwiX2F1dGhfdXNlcl9iYWNrZW5kIjoiZGphbmdvLmNvbnRyaWIuYXV0aC5iYWNrZW5kcy5Nb2RlbEJhY2tlbmQiLCJfYXV0aF91c2VyX2hhc2giOiI2NDE4M2IzYmFlYjExMDFjZjY5NDRmOTdmZTJiNjRmMmNkNWRjNjk5In0=	2019-07-31 19:31:49.194767
9novfqnx43eupj98pst779qwph1oxlg7	MzU2MDg5YzU1MzA2MTNhNDBmMDgzMTBmNmM0ZDIyZjhiNjhmNTVkZjp7Il9hdXRoX3VzZXJfaWQiOiIxIiwiX2F1dGhfdXNlcl9iYWNrZW5kIjoiZGphbmdvLmNvbnRyaWIuYXV0aC5iYWNrZW5kcy5Nb2RlbEJhY2tlbmQiLCJfYXV0aF91c2VyX2hhc2giOiI5MmNhZmE5MjdiMjc0M2YwNzUxZmNiNTZmMDZiMjg3ZTAzZjgyZTk3In0=	2018-04-24 23:52:58.097177
9qzxhotmlwffthj60sgz1zlkbhgwmyu9	OTkxN2QzYTIwNjE4MzY0NmFlNDZjY2NlOTcyZDUwZmQ4YjRkNDk3Zjp7Il9hdXRoX3VzZXJfYmFja2VuZCI6ImRqYW5nby5jb250cmliLmF1dGguYmFja2VuZHMuTW9kZWxCYWNrZW5kIiwiX2F1dGhfdXNlcl9pZCI6IjQzIiwiX2F1dGhfdXNlcl9oYXNoIjoiYzVmOTQwNTBkN2Y5Y2NmODMyMjgzYjBlZTdhYjkwMjM2OGM1NmZhZiJ9	2019-06-18 18:00:43.765782
9r1i7rarel7s5e2ihwfwyitcigqwvc15	ZjYxOTgwMmU5OGE2ZWI2NzlkMzU4NzlmN2ExYTM5YTI4MzcxMmUxMTp7Il9hdXRoX3VzZXJfaWQiOiI1MSIsIl9hdXRoX3VzZXJfYmFja2VuZCI6ImRqYW5nby5jb250cmliLmF1dGguYmFja2VuZHMuTW9kZWxCYWNrZW5kIiwiX2F1dGhfdXNlcl9oYXNoIjoiNzU2MDg5NTYxYjdmMTU0ZTM1OTE3YTg3Njc1OTFmMmZlNjY4MTZlYSJ9	2018-10-29 20:51:50.791277
9r5tqk72zeoka88h0syf2a3oconuvie6	OTFhMDJlNWU1OGM3YTE3ZGQ3MmNhOTZjNzkwYjI0NThhOGFkODljYzp7Il9hdXRoX3VzZXJfYmFja2VuZCI6ImRqYW5nby5jb250cmliLmF1dGguYmFja2VuZHMuTW9kZWxCYWNrZW5kIiwiX2F1dGhfdXNlcl9pZCI6IjUiLCJfYXV0aF91c2VyX2hhc2giOiI0MDk3NDEzYzM0NWQ1YzAwMGFiZmI2MTIwYTM2NTY5Mzc0Y2EzMzdkIn0=	2018-03-15 02:02:48.225
9rxn8laa7ccfab8wr5ivdsi5klnxgfjd	ZGUwYjk0NjRkYTYyODlhYjJlNjJlNzU5NzNjNzE0Y2ZkZThjYmIzZDp7Il9hdXRoX3VzZXJfaGFzaCI6IjY0MTgzYjNiYWViMTEwMWNmNjk0NGY5N2ZlMmI2NGYyY2Q1ZGM2OTkiLCJfYXV0aF91c2VyX2lkIjoiMiIsIl9hdXRoX3VzZXJfYmFja2VuZCI6ImRqYW5nby5jb250cmliLmF1dGguYmFja2VuZHMuTW9kZWxCYWNrZW5kIn0=	2019-04-27 18:49:23.037819
9u5dvemroy8px3eudv6pcd77ta2wyvuy	ZjhjZjdjOWZiOGU1MWNlZTVlOTQzZTg3NWEwMDAyNzM2NmVlMzMwYzp7Il9hdXRoX3VzZXJfaWQiOiI0OSIsIl9hdXRoX3VzZXJfaGFzaCI6IjRhZTVmZWZiNWUyNjYxODQ5N2MyZTQxZmJhYjA0YzFlN2U0MTQ4YmIiLCJfYXV0aF91c2VyX2JhY2tlbmQiOiJkamFuZ28uY29udHJpYi5hdXRoLmJhY2tlbmRzLk1vZGVsQmFja2VuZCJ9	2018-09-12 16:48:43.004675
9uh417o4d9dng9uh4a1heurosghp5n4r	ZGUwYjk0NjRkYTYyODlhYjJlNjJlNzU5NzNjNzE0Y2ZkZThjYmIzZDp7Il9hdXRoX3VzZXJfaGFzaCI6IjY0MTgzYjNiYWViMTEwMWNmNjk0NGY5N2ZlMmI2NGYyY2Q1ZGM2OTkiLCJfYXV0aF91c2VyX2lkIjoiMiIsIl9hdXRoX3VzZXJfYmFja2VuZCI6ImRqYW5nby5jb250cmliLmF1dGguYmFja2VuZHMuTW9kZWxCYWNrZW5kIn0=	2019-04-18 01:41:28.73224
9vefmud4arl686mcsb5ooqjr6zwm8j7r	OGVlNWExNTBiMDdjYWI0OGY4MzNjM2UyMDFmODUzOGYxZDhiZGRkNjp7Il9hdXRoX3VzZXJfYmFja2VuZCI6ImRqYW5nby5jb250cmliLmF1dGguYmFja2VuZHMuTW9kZWxCYWNrZW5kIiwiX2F1dGhfdXNlcl9pZCI6IjIiLCJfYXV0aF91c2VyX2hhc2giOiI2NDE4M2IzYmFlYjExMDFjZjY5NDRmOTdmZTJiNjRmMmNkNWRjNjk5In0=	2019-12-16 18:26:40.492882
9yu8c1v7r2z2qpq9t5panjc5yk7xojug	M2UxYTJlZWQ3NTcyODM5Mjg1NmU0OTA5YjBmMzM5MTliMTkzN2JkZDp7Il9hdXRoX3VzZXJfYmFja2VuZCI6ImRqYW5nby5jb250cmliLmF1dGguYmFja2VuZHMuTW9kZWxCYWNrZW5kIiwiX2F1dGhfdXNlcl9pZCI6IjEyIiwiX2F1dGhfdXNlcl9oYXNoIjoiYTg4ZTEwZDUwMTg4ZDFhOTE5NmJjMWRiYTliODk0Yjg0NzViMWU1ZiJ9	2018-03-29 04:35:14.702
9zba1g9wcutc97x7non9wgftakolisxk	NzlhNDY5MWZmYzBkYWRlYjUyY2Y3MjBiZWM3NThmZmJlNzFiODlkYzp7Il9hdXRoX3VzZXJfaWQiOiIyIiwiX2F1dGhfdXNlcl9oYXNoIjoiNjQxODNiM2JhZWIxMTAxY2Y2OTQ0Zjk3ZmUyYjY0ZjJjZDVkYzY5OSIsIl9hdXRoX3VzZXJfYmFja2VuZCI6ImRqYW5nby5jb250cmliLmF1dGguYmFja2VuZHMuTW9kZWxCYWNrZW5kIn0=	2019-09-11 15:49:08.095444
a2lwetre1tg422aqri0x8zz8p8m9jlw3	ODg3NTM0MDQwOWNhZjg4NDNjY2QwYWYxZjkzMDdjODhmYzMwMTFmZDp7Il9hdXRoX3VzZXJfYmFja2VuZCI6ImRqYW5nby5jb250cmliLmF1dGguYmFja2VuZHMuTW9kZWxCYWNrZW5kIiwiX2F1dGhfdXNlcl9oYXNoIjoiMTVmZTAxOGRjYjI4ZDZjZmNlZDFmMmEyM2FiNmUyM2RmZTZkODFkZSIsIl9hdXRoX3VzZXJfaWQiOiI5In0=	2018-12-01 02:53:26.538184
a3af86so2rv3sctx1vkeuradsdvyl5p8	MmQ0ODNiYjNiYmFhYmYxMjVhYTQ3YzFmNTQ5NjBjZjBlZTRiMzg1Yjp7Il9hdXRoX3VzZXJfaWQiOiI0NCIsIl9hdXRoX3VzZXJfaGFzaCI6ImEyODJhNTY5MTJlNzMxNTE4MTMyMTUwMTVlN2IxYWRjOTIwZDJhZTYiLCJfYXV0aF91c2VyX2JhY2tlbmQiOiJkamFuZ28uY29udHJpYi5hdXRoLmJhY2tlbmRzLk1vZGVsQmFja2VuZCJ9	2018-08-23 15:50:28.188667
a44m0ncbscj6j8p7ce8c71rvqh41f0jp	NmJiZmVlYzVkYzZkNmJiMTc2MDhiYmNhYjRhM2UwY2NkNGRmNzkyZDp7Il9hdXRoX3VzZXJfaWQiOiIyIiwiX2F1dGhfdXNlcl9oYXNoIjoiNzQxMzliOTY1YTY4MzI1ODU5MzUzYTNhMjg1MjY2NzAzODhjY2Y0NSIsIl9hdXRoX3VzZXJfYmFja2VuZCI6ImRqYW5nby5jb250cmliLmF1dGguYmFja2VuZHMuTW9kZWxCYWNrZW5kIn0=	2018-04-27 18:22:31.368947
a5pel5gu0uquxfkqeavdwimiv5ksgw4e	OWNkNDE0NzNkOWNhZDM2NmYzYzUyMmZiYWYwMGM0N2Q1MTA1ZGY2Zjp7Il9hdXRoX3VzZXJfYmFja2VuZCI6ImRqYW5nby5jb250cmliLmF1dGguYmFja2VuZHMuTW9kZWxCYWNrZW5kIiwiX2F1dGhfdXNlcl9pZCI6IjYwIiwiX2F1dGhfdXNlcl9oYXNoIjoiZjRlNWFkZTg1NGViYjQ0MmJiODVhMDFlZDFkY2I5ZDU1Y2QyNGRjNSJ9	2019-02-11 18:33:32.615127
a7o4ao8j1kqyrw9sb1ges784n2ocfqhq	MTVkOTYyYTg5Mjg3MjI4ZWI1N2FlOWU4MTViMTRmM2U0YjEzZDQ5Mjp7Il9hdXRoX3VzZXJfaWQiOiIxOCIsIl9hdXRoX3VzZXJfYmFja2VuZCI6ImRqYW5nby5jb250cmliLmF1dGguYmFja2VuZHMuTW9kZWxCYWNrZW5kIiwiX2F1dGhfdXNlcl9oYXNoIjoiZWMxMDk0ZmUyMTk0MjY1ZjJhOTIzMDE1NTY0NDg0YWRkYWE1YzdmYSJ9	2019-02-07 03:02:59.340611
ab9awdm4072dbtwamryiw0w14hdxt0yu	OGVlNWExNTBiMDdjYWI0OGY4MzNjM2UyMDFmODUzOGYxZDhiZGRkNjp7Il9hdXRoX3VzZXJfYmFja2VuZCI6ImRqYW5nby5jb250cmliLmF1dGguYmFja2VuZHMuTW9kZWxCYWNrZW5kIiwiX2F1dGhfdXNlcl9pZCI6IjIiLCJfYXV0aF91c2VyX2hhc2giOiI2NDE4M2IzYmFlYjExMDFjZjY5NDRmOTdmZTJiNjRmMmNkNWRjNjk5In0=	2019-06-26 20:18:06.90707
ah7mpeteqy7r9ig8ej68z8ho8giwszfm	ZGUwYjk0NjRkYTYyODlhYjJlNjJlNzU5NzNjNzE0Y2ZkZThjYmIzZDp7Il9hdXRoX3VzZXJfaGFzaCI6IjY0MTgzYjNiYWViMTEwMWNmNjk0NGY5N2ZlMmI2NGYyY2Q1ZGM2OTkiLCJfYXV0aF91c2VyX2lkIjoiMiIsIl9hdXRoX3VzZXJfYmFja2VuZCI6ImRqYW5nby5jb250cmliLmF1dGguYmFja2VuZHMuTW9kZWxCYWNrZW5kIn0=	2020-01-03 03:52:24.236654
aj2e1e2pt2eau1opnx0lwhwjsgxaqejc	NzlhNDY5MWZmYzBkYWRlYjUyY2Y3MjBiZWM3NThmZmJlNzFiODlkYzp7Il9hdXRoX3VzZXJfaWQiOiIyIiwiX2F1dGhfdXNlcl9oYXNoIjoiNjQxODNiM2JhZWIxMTAxY2Y2OTQ0Zjk3ZmUyYjY0ZjJjZDVkYzY5OSIsIl9hdXRoX3VzZXJfYmFja2VuZCI6ImRqYW5nby5jb250cmliLmF1dGguYmFja2VuZHMuTW9kZWxCYWNrZW5kIn0=	2019-06-28 15:49:41.3779
ap930cixbyemxiznj5vrz1vsuw0xqbm5	OWZjYjg3YzA0NDA5OGYwYWRhYjU3Yjc5ZmI3NTkyODk3NjZjNzUwNDp7Il9hdXRoX3VzZXJfYmFja2VuZCI6ImRqYW5nby5jb250cmliLmF1dGguYmFja2VuZHMuTW9kZWxCYWNrZW5kIiwiX2F1dGhfdXNlcl9pZCI6IjIiLCJfYXV0aF91c2VyX2hhc2giOiI3NDEzOWI5NjVhNjgzMjU4NTkzNTNhM2EyODUyNjY3MDM4OGNjZjQ1In0=	2019-02-28 01:42:28.604631
apv7btuhh4i3rum62icbqqho8th5njpc	NzlhNDY5MWZmYzBkYWRlYjUyY2Y3MjBiZWM3NThmZmJlNzFiODlkYzp7Il9hdXRoX3VzZXJfaWQiOiIyIiwiX2F1dGhfdXNlcl9oYXNoIjoiNjQxODNiM2JhZWIxMTAxY2Y2OTQ0Zjk3ZmUyYjY0ZjJjZDVkYzY5OSIsIl9hdXRoX3VzZXJfYmFja2VuZCI6ImRqYW5nby5jb250cmliLmF1dGguYmFja2VuZHMuTW9kZWxCYWNrZW5kIn0=	2019-06-27 16:14:15.58501
aqgixazyp37gnphemhzyn58e8n8qge8j	OWZjYjg3YzA0NDA5OGYwYWRhYjU3Yjc5ZmI3NTkyODk3NjZjNzUwNDp7Il9hdXRoX3VzZXJfYmFja2VuZCI6ImRqYW5nby5jb250cmliLmF1dGguYmFja2VuZHMuTW9kZWxCYWNrZW5kIiwiX2F1dGhfdXNlcl9pZCI6IjIiLCJfYXV0aF91c2VyX2hhc2giOiI3NDEzOWI5NjVhNjgzMjU4NTkzNTNhM2EyODUyNjY3MDM4OGNjZjQ1In0=	2018-10-24 23:37:40.827335
aqip3ja2uhhbkkrryw7qa2eqrrl6drkn	N2Q3NzdhNDVjMzhhNWM0OTU3Y2MxNjJmZjlkNGFkOTEyNmM5NzQ5MTp7Il9hdXRoX3VzZXJfYmFja2VuZCI6ImRqYW5nby5jb250cmliLmF1dGguYmFja2VuZHMuTW9kZWxCYWNrZW5kIiwiX2F1dGhfdXNlcl9oYXNoIjoiNjQxODNiM2JhZWIxMTAxY2Y2OTQ0Zjk3ZmUyYjY0ZjJjZDVkYzY5OSIsIl9hdXRoX3VzZXJfaWQiOiIyIn0=	2019-09-19 00:23:00.613583
aqzgfd8k9v6iqcm8cbiddjfxdoqdjeyy	NjcxMDg5NTI3NDE5YTQ5YzMwZGQ4NTQ3OThiOThkMmZjOWQ5Y2YzMDp7Il9hdXRoX3VzZXJfaGFzaCI6IjE1ZmUwMThkY2IyOGQ2Y2ZjZWQxZjJhMjNhYjZlMjNkZmU2ZDgxZGUiLCJfYXV0aF91c2VyX2lkIjoiMTQiLCJfYXV0aF91c2VyX2JhY2tlbmQiOiJkamFuZ28uY29udHJpYi5hdXRoLmJhY2tlbmRzLk1vZGVsQmFja2VuZCJ9	2018-04-12 02:54:11.451
arc7gpeg64dusfc18f2maqvmbh369qcg	YWMxOWQxYzQzYzkzZjUwOTY4YmY0ZTQ5MDUxOWFhMzBiNzNhZThlZjp7Il9hdXRoX3VzZXJfaWQiOiIyIiwiX2F1dGhfdXNlcl9iYWNrZW5kIjoiZGphbmdvLmNvbnRyaWIuYXV0aC5iYWNrZW5kcy5Nb2RlbEJhY2tlbmQiLCJfYXV0aF91c2VyX2hhc2giOiI3NDEzOWI5NjVhNjgzMjU4NTkzNTNhM2EyODUyNjY3MDM4OGNjZjQ1In0=	2018-11-26 18:23:28.412734
atnl4ay55tkt2apb0c7gp7pr7qwqu5qt	M2ExOWIzMTQyM2M4MDY4ZGMzYzllNDU1NjU2NTcxZGNjM2FiNDU0Nzp7Il9hdXRoX3VzZXJfYmFja2VuZCI6ImRqYW5nby5jb250cmliLmF1dGguYmFja2VuZHMuTW9kZWxCYWNrZW5kIiwiX2F1dGhfdXNlcl9pZCI6IjE1IiwiX2F1dGhfdXNlcl9oYXNoIjoiODcwNDU2OTk5YmRjYjE1NWViOTU5MWZkMWQwMGNmNzE3NTE2YWY5MyJ9	2019-06-19 03:44:45.561348
avwhhaet6eyx262cy0qbvotrq3fzec7e	N2Q3NzdhNDVjMzhhNWM0OTU3Y2MxNjJmZjlkNGFkOTEyNmM5NzQ5MTp7Il9hdXRoX3VzZXJfYmFja2VuZCI6ImRqYW5nby5jb250cmliLmF1dGguYmFja2VuZHMuTW9kZWxCYWNrZW5kIiwiX2F1dGhfdXNlcl9oYXNoIjoiNjQxODNiM2JhZWIxMTAxY2Y2OTQ0Zjk3ZmUyYjY0ZjJjZDVkYzY5OSIsIl9hdXRoX3VzZXJfaWQiOiIyIn0=	2019-09-19 20:05:40.797748
awi04w5f7ycoqrvii45zs5juhkwad0ye	MGVlYzM2ZmYwOGFmN2VlNGFmN2UwNzhiMjMzYWQyZjM4OGIwYzM2ZDp7Il9hdXRoX3VzZXJfaGFzaCI6ImJjNmU1YjNiOWEyMTU1OWJkYjdlYjRkMGRmNGI3NGZhNjMzYjY0NTgiLCJfYXV0aF91c2VyX2JhY2tlbmQiOiJkamFuZ28uY29udHJpYi5hdXRoLmJhY2tlbmRzLk1vZGVsQmFja2VuZCIsIl9hdXRoX3VzZXJfaWQiOiI2MiJ9	2019-01-17 17:00:24.691259
b0hwhwlvvsqnxrqzdp2g8go5l960px72	ZGUwYjk0NjRkYTYyODlhYjJlNjJlNzU5NzNjNzE0Y2ZkZThjYmIzZDp7Il9hdXRoX3VzZXJfaGFzaCI6IjY0MTgzYjNiYWViMTEwMWNmNjk0NGY5N2ZlMmI2NGYyY2Q1ZGM2OTkiLCJfYXV0aF91c2VyX2lkIjoiMiIsIl9hdXRoX3VzZXJfYmFja2VuZCI6ImRqYW5nby5jb250cmliLmF1dGguYmFja2VuZHMuTW9kZWxCYWNrZW5kIn0=	2019-10-13 16:26:56.132477
b2kxjp79xbn98ch6cmcsvsfzb5xskn1p	Nzc2NTQyNzRjMWJlMTA2ZTJkMzYwMDAwODFjMzQ5NTI0NGM5ZGMzYTp7Il9hdXRoX3VzZXJfaGFzaCI6ImJjYjQ3MjExMjkxYzQ1NzVlYWYyYzlkZmMyNGQ1Y2FiNTY0N2MwYjYiLCJfYXV0aF91c2VyX2lkIjoiMjEiLCJfYXV0aF91c2VyX2JhY2tlbmQiOiJkamFuZ28uY29udHJpYi5hdXRoLmJhY2tlbmRzLk1vZGVsQmFja2VuZCJ9	2018-05-08 14:55:38.031984
b3fs3tjb26bg90yv458ew3ess2j5p4ao	YzAxYzRhZTUyNjkwMjgyNTM4ZjYwYTUzMDM2MDE5ZGMzMTI3NTE2Yjp7Il9hdXRoX3VzZXJfaWQiOiIyIiwiX2F1dGhfdXNlcl9iYWNrZW5kIjoiZGphbmdvLmNvbnRyaWIuYXV0aC5iYWNrZW5kcy5Nb2RlbEJhY2tlbmQiLCJfYXV0aF91c2VyX2hhc2giOiI2NDE4M2IzYmFlYjExMDFjZjY5NDRmOTdmZTJiNjRmMmNkNWRjNjk5In0=	2019-08-07 19:18:27.580522
b4gounl8bwqd03b9dir4z9o41f2dagnv	YWMxNDMyN2YwNTQ2ZDk3OGIyNmM1Y2YwY2U1OGNiYjU0MzQzOWQ5Yjp7Il9hdXRoX3VzZXJfYmFja2VuZCI6ImRqYW5nby5jb250cmliLmF1dGguYmFja2VuZHMuTW9kZWxCYWNrZW5kIiwiX2F1dGhfdXNlcl9oYXNoIjoiNzQxMzliOTY1YTY4MzI1ODU5MzUzYTNhMjg1MjY2NzAzODhjY2Y0NSIsIl9hdXRoX3VzZXJfaWQiOiIyIn0=	2018-05-04 18:23:56.071615
b7kn7rguar5wnc9sv8c0qb748pmm3rnr	NzlhNDY5MWZmYzBkYWRlYjUyY2Y3MjBiZWM3NThmZmJlNzFiODlkYzp7Il9hdXRoX3VzZXJfaWQiOiIyIiwiX2F1dGhfdXNlcl9oYXNoIjoiNjQxODNiM2JhZWIxMTAxY2Y2OTQ0Zjk3ZmUyYjY0ZjJjZDVkYzY5OSIsIl9hdXRoX3VzZXJfYmFja2VuZCI6ImRqYW5nby5jb250cmliLmF1dGguYmFja2VuZHMuTW9kZWxCYWNrZW5kIn0=	2020-01-04 14:14:19.966575
bf5ozap3ytz80f5nt0bkmf7oh4h9a5se	Y2YyMzY2MDgwYjRiZWU2YWNjOWI0NzAzNTBmNWQ2NGFjMjIyNDAzZTp7Il9hdXRoX3VzZXJfaWQiOiIzIiwiX2F1dGhfdXNlcl9iYWNrZW5kIjoiZGphbmdvLmNvbnRyaWIuYXV0aC5iYWNrZW5kcy5Nb2RlbEJhY2tlbmQiLCJfYXV0aF91c2VyX2hhc2giOiI0MDM3ODAyMWRkZGFlYmE3NzI1ODhmNWNmNmQxNDA2ZTkzZDNmZTE1In0=	2018-04-26 18:10:08.216244
bl26tc8i6znrrsywy606i67y3aikz85d	OWZjYjg3YzA0NDA5OGYwYWRhYjU3Yjc5ZmI3NTkyODk3NjZjNzUwNDp7Il9hdXRoX3VzZXJfYmFja2VuZCI6ImRqYW5nby5jb250cmliLmF1dGguYmFja2VuZHMuTW9kZWxCYWNrZW5kIiwiX2F1dGhfdXNlcl9pZCI6IjIiLCJfYXV0aF91c2VyX2hhc2giOiI3NDEzOWI5NjVhNjgzMjU4NTkzNTNhM2EyODUyNjY3MDM4OGNjZjQ1In0=	2019-03-18 14:04:35.406369
blyhn7eq2krul8n8g5pbn3r3d3rezfl1	N2M3OGEzYWExZWY2MDZmNzYwNjE4MWNiYjk4NjJiYzBmMzI5N2I1Zjp7Il9hdXRoX3VzZXJfaGFzaCI6IjE1ZmUwMThkY2IyOGQ2Y2ZjZWQxZjJhMjNhYjZlMjNkZmU2ZDgxZGUiLCJfYXV0aF91c2VyX2lkIjoiOSIsIl9hdXRoX3VzZXJfYmFja2VuZCI6ImRqYW5nby5jb250cmliLmF1dGguYmFja2VuZHMuTW9kZWxCYWNrZW5kIn0=	2018-05-08 14:38:15.566114
bn0cetkaatwmc8qhxv09fbpq7s31jhos	YzAxYzRhZTUyNjkwMjgyNTM4ZjYwYTUzMDM2MDE5ZGMzMTI3NTE2Yjp7Il9hdXRoX3VzZXJfaWQiOiIyIiwiX2F1dGhfdXNlcl9iYWNrZW5kIjoiZGphbmdvLmNvbnRyaWIuYXV0aC5iYWNrZW5kcy5Nb2RlbEJhY2tlbmQiLCJfYXV0aF91c2VyX2hhc2giOiI2NDE4M2IzYmFlYjExMDFjZjY5NDRmOTdmZTJiNjRmMmNkNWRjNjk5In0=	2019-11-19 02:55:01.538817
bnyvjyiiuqf5zw7dh28pfdgifeecac8r	ODg3NTM0MDQwOWNhZjg4NDNjY2QwYWYxZjkzMDdjODhmYzMwMTFmZDp7Il9hdXRoX3VzZXJfYmFja2VuZCI6ImRqYW5nby5jb250cmliLmF1dGguYmFja2VuZHMuTW9kZWxCYWNrZW5kIiwiX2F1dGhfdXNlcl9oYXNoIjoiMTVmZTAxOGRjYjI4ZDZjZmNlZDFmMmEyM2FiNmUyM2RmZTZkODFkZSIsIl9hdXRoX3VzZXJfaWQiOiI5In0=	2018-05-16 14:47:47.134537
bqv5yk78gthlt660uadwuappdpov9wtt	OTVlODlkNGZhYjBlNTBhZmU4Y2NkOWNiYWIzYjkyZDNiYWVmZWY0OTp7Il9hdXRoX3VzZXJfaGFzaCI6Ijc0MTM5Yjk2NWE2ODMyNTg1OTM1M2EzYTI4NTI2NjcwMzg4Y2NmNDUiLCJfYXV0aF91c2VyX2JhY2tlbmQiOiJkamFuZ28uY29udHJpYi5hdXRoLmJhY2tlbmRzLk1vZGVsQmFja2VuZCIsIl9hdXRoX3VzZXJfaWQiOiIyIn0=	2018-11-30 16:46:11.601476
bqw629g83iz70h6c71ahegnnibo9gza3	YWMxNDMyN2YwNTQ2ZDk3OGIyNmM1Y2YwY2U1OGNiYjU0MzQzOWQ5Yjp7Il9hdXRoX3VzZXJfYmFja2VuZCI6ImRqYW5nby5jb250cmliLmF1dGguYmFja2VuZHMuTW9kZWxCYWNrZW5kIiwiX2F1dGhfdXNlcl9oYXNoIjoiNzQxMzliOTY1YTY4MzI1ODU5MzUzYTNhMjg1MjY2NzAzODhjY2Y0NSIsIl9hdXRoX3VzZXJfaWQiOiIyIn0=	2018-06-29 00:59:39.000612
brp0hafojw2kzu9z0dnedf5yjux2q8j8	NzlhNDY5MWZmYzBkYWRlYjUyY2Y3MjBiZWM3NThmZmJlNzFiODlkYzp7Il9hdXRoX3VzZXJfaWQiOiIyIiwiX2F1dGhfdXNlcl9oYXNoIjoiNjQxODNiM2JhZWIxMTAxY2Y2OTQ0Zjk3ZmUyYjY0ZjJjZDVkYzY5OSIsIl9hdXRoX3VzZXJfYmFja2VuZCI6ImRqYW5nby5jb250cmliLmF1dGguYmFja2VuZHMuTW9kZWxCYWNrZW5kIn0=	2019-08-06 15:45:00.000876
bx7wb95oothl0473tq6amkjzwperdklv	OWZjYjg3YzA0NDA5OGYwYWRhYjU3Yjc5ZmI3NTkyODk3NjZjNzUwNDp7Il9hdXRoX3VzZXJfYmFja2VuZCI6ImRqYW5nby5jb250cmliLmF1dGguYmFja2VuZHMuTW9kZWxCYWNrZW5kIiwiX2F1dGhfdXNlcl9pZCI6IjIiLCJfYXV0aF91c2VyX2hhc2giOiI3NDEzOWI5NjVhNjgzMjU4NTkzNTNhM2EyODUyNjY3MDM4OGNjZjQ1In0=	2018-10-24 23:15:39.332711
c08ejbor3tlo0mux62aeyalffnzrqlqj	ZWFkMWZlNTA0ODM5YmMxYWFjZDc2MWQzMDUwNzAwMjVkZTY2M2VhNDp7Il9hdXRoX3VzZXJfYmFja2VuZCI6ImRqYW5nby5jb250cmliLmF1dGguYmFja2VuZHMuTW9kZWxCYWNrZW5kIiwiX2F1dGhfdXNlcl9oYXNoIjoiNzQ5MTIxYzZiMDQ3NmFmNGYwYjVjZGNhNmEwZTJmNGVmM2IwODRhOCIsIl9hdXRoX3VzZXJfaWQiOiIxNSJ9	2019-01-23 21:39:26.880262
c0mi67x8skoldm4un2gseqrns8wqqdgp	OGVlNWExNTBiMDdjYWI0OGY4MzNjM2UyMDFmODUzOGYxZDhiZGRkNjp7Il9hdXRoX3VzZXJfYmFja2VuZCI6ImRqYW5nby5jb250cmliLmF1dGguYmFja2VuZHMuTW9kZWxCYWNrZW5kIiwiX2F1dGhfdXNlcl9pZCI6IjIiLCJfYXV0aF91c2VyX2hhc2giOiI2NDE4M2IzYmFlYjExMDFjZjY5NDRmOTdmZTJiNjRmMmNkNWRjNjk5In0=	2020-01-01 17:54:07.122142
c0mtkbi8vtxi2f1xpfwe0a5lf8af3utj	MTVkOTYyYTg5Mjg3MjI4ZWI1N2FlOWU4MTViMTRmM2U0YjEzZDQ5Mjp7Il9hdXRoX3VzZXJfaWQiOiIxOCIsIl9hdXRoX3VzZXJfYmFja2VuZCI6ImRqYW5nby5jb250cmliLmF1dGguYmFja2VuZHMuTW9kZWxCYWNrZW5kIiwiX2F1dGhfdXNlcl9oYXNoIjoiZWMxMDk0ZmUyMTk0MjY1ZjJhOTIzMDE1NTY0NDg0YWRkYWE1YzdmYSJ9	2018-11-21 20:27:23.268315
c1wqv0hmm6c6s18kvlitev5zmy9agy6g	ZGUwYjk0NjRkYTYyODlhYjJlNjJlNzU5NzNjNzE0Y2ZkZThjYmIzZDp7Il9hdXRoX3VzZXJfaGFzaCI6IjY0MTgzYjNiYWViMTEwMWNmNjk0NGY5N2ZlMmI2NGYyY2Q1ZGM2OTkiLCJfYXV0aF91c2VyX2lkIjoiMiIsIl9hdXRoX3VzZXJfYmFja2VuZCI6ImRqYW5nby5jb250cmliLmF1dGguYmFja2VuZHMuTW9kZWxCYWNrZW5kIn0=	2019-12-13 19:45:00.272419
c3vttc0z6b56upuv1u5sb0i0oq5wsca0	YWMxOWQxYzQzYzkzZjUwOTY4YmY0ZTQ5MDUxOWFhMzBiNzNhZThlZjp7Il9hdXRoX3VzZXJfaWQiOiIyIiwiX2F1dGhfdXNlcl9iYWNrZW5kIjoiZGphbmdvLmNvbnRyaWIuYXV0aC5iYWNrZW5kcy5Nb2RlbEJhY2tlbmQiLCJfYXV0aF91c2VyX2hhc2giOiI3NDEzOWI5NjVhNjgzMjU4NTkzNTNhM2EyODUyNjY3MDM4OGNjZjQ1In0=	2018-05-23 20:42:17.154272
c47n5b495xtokxf07vjamq2a0uwc6wwn	MmYzMGMzYjE4MGNhYTI1YTEwNzBiYjM2NTFjYTNiMWVhMTQ4MTNhNzp7Il9hdXRoX3VzZXJfaWQiOiIzNSIsIl9hdXRoX3VzZXJfYmFja2VuZCI6ImRqYW5nby5jb250cmliLmF1dGguYmFja2VuZHMuTW9kZWxCYWNrZW5kIiwiX2F1dGhfdXNlcl9oYXNoIjoiMjVhZmJhMjg1Y2YyMzBjZjdjMTM0ZDJkNTgzNGYzNmRlYjMwMGMyYSJ9	2018-06-13 13:52:56.789692
c54nqaoygvwh192gr2dpnwa8pbpk3bkv	NzlhNDY5MWZmYzBkYWRlYjUyY2Y3MjBiZWM3NThmZmJlNzFiODlkYzp7Il9hdXRoX3VzZXJfaWQiOiIyIiwiX2F1dGhfdXNlcl9oYXNoIjoiNjQxODNiM2JhZWIxMTAxY2Y2OTQ0Zjk3ZmUyYjY0ZjJjZDVkYzY5OSIsIl9hdXRoX3VzZXJfYmFja2VuZCI6ImRqYW5nby5jb250cmliLmF1dGguYmFja2VuZHMuTW9kZWxCYWNrZW5kIn0=	2019-09-09 20:20:05.504601
c78yq5gut09nfhks1ce3lo5n5wcx9ipu	ZGJlMjY5NjFmNGE3NjljZjkwOTgyZDIwZTliODY0ZWYxZDU0ZDc2NTp7Il9hdXRoX3VzZXJfaWQiOiIzNCIsIl9hdXRoX3VzZXJfYmFja2VuZCI6ImRqYW5nby5jb250cmliLmF1dGguYmFja2VuZHMuTW9kZWxCYWNrZW5kIiwiX2F1dGhfdXNlcl9oYXNoIjoiNjhiMGQwNmNkMTZkOGY5MzQ5YmUxOTdlNDlhOTI2ZDlmMzAxMTAxNCJ9	2019-10-16 22:18:54.88813
ccrb1i60fqnv96l3t9bi0cylh9awhswt	YzAxYzRhZTUyNjkwMjgyNTM4ZjYwYTUzMDM2MDE5ZGMzMTI3NTE2Yjp7Il9hdXRoX3VzZXJfaWQiOiIyIiwiX2F1dGhfdXNlcl9iYWNrZW5kIjoiZGphbmdvLmNvbnRyaWIuYXV0aC5iYWNrZW5kcy5Nb2RlbEJhY2tlbmQiLCJfYXV0aF91c2VyX2hhc2giOiI2NDE4M2IzYmFlYjExMDFjZjY5NDRmOTdmZTJiNjRmMmNkNWRjNjk5In0=	2019-06-17 21:47:03.045301
cf4177dwj9q0fxe6xhenq3u59wh3ukkg	ZDE5MDM2ZWQxNjlhY2E0YjdiN2UzMzM4N2JhMTBhMGNiM2E2MGUzYjp7Il9hdXRoX3VzZXJfaGFzaCI6ImVjMTA5NGZlMjE5NDI2NWYyYTkyMzAxNTU2NDQ4NGFkZGFhNWM3ZmEiLCJfYXV0aF91c2VyX2JhY2tlbmQiOiJkamFuZ28uY29udHJpYi5hdXRoLmJhY2tlbmRzLk1vZGVsQmFja2VuZCIsIl9hdXRoX3VzZXJfaWQiOiIxOCJ9	2018-09-19 22:37:16.964919
ci5se6palahwzjm0k2vvknw88cunr027	YWMxNDMyN2YwNTQ2ZDk3OGIyNmM1Y2YwY2U1OGNiYjU0MzQzOWQ5Yjp7Il9hdXRoX3VzZXJfYmFja2VuZCI6ImRqYW5nby5jb250cmliLmF1dGguYmFja2VuZHMuTW9kZWxCYWNrZW5kIiwiX2F1dGhfdXNlcl9oYXNoIjoiNzQxMzliOTY1YTY4MzI1ODU5MzUzYTNhMjg1MjY2NzAzODhjY2Y0NSIsIl9hdXRoX3VzZXJfaWQiOiIyIn0=	2019-01-23 18:59:28.73131
cj8hqdyt14z7lt125xxnd2h1hvx0hl6w	NWUxNmFiMjcyNmNiNGQzNDQzMDE5MDcwMzFjNzEzMzQ2MDdmODg1Mzp7Il9hdXRoX3VzZXJfaWQiOiIzNCIsIl9hdXRoX3VzZXJfYmFja2VuZCI6ImRqYW5nby5jb250cmliLmF1dGguYmFja2VuZHMuTW9kZWxCYWNrZW5kIiwiX2F1dGhfdXNlcl9oYXNoIjoiZDFlNTY5NjhkNzk1YjQzMTRkMjFkZGQ4MDk3N2NmMDIwODE4NGI0OSJ9	2019-03-21 16:46:25.276955
clamsgtdl9s1a57z8mju5gi3ow61i8sh	N2Q3NzdhNDVjMzhhNWM0OTU3Y2MxNjJmZjlkNGFkOTEyNmM5NzQ5MTp7Il9hdXRoX3VzZXJfYmFja2VuZCI6ImRqYW5nby5jb250cmliLmF1dGguYmFja2VuZHMuTW9kZWxCYWNrZW5kIiwiX2F1dGhfdXNlcl9oYXNoIjoiNjQxODNiM2JhZWIxMTAxY2Y2OTQ0Zjk3ZmUyYjY0ZjJjZDVkYzY5OSIsIl9hdXRoX3VzZXJfaWQiOiIyIn0=	2019-09-30 18:01:34.192224
cnj3ul80atrb8hmmhrqcnvi7sy3i1z6d	OGU3YTc0MjI4N2UwNjJkYzJkODM0ZTJkNzc1MjRlZjJjOWRjZmIzMjp7Il9hdXRoX3VzZXJfYmFja2VuZCI6ImRqYW5nby5jb250cmliLmF1dGguYmFja2VuZHMuTW9kZWxCYWNrZW5kIiwiX2F1dGhfdXNlcl9oYXNoIjoiOWE4MWM0YjFiMGZmZDk0MmI5Mzg2NzVmODkxYjk0OGNiNjAxMDI2NyIsIl9hdXRoX3VzZXJfaWQiOiIzMSJ9	2018-06-01 00:46:38.634489
cpnmz4xu0vxg43uacvhrco09t2hlyyyj	NzlhNDY5MWZmYzBkYWRlYjUyY2Y3MjBiZWM3NThmZmJlNzFiODlkYzp7Il9hdXRoX3VzZXJfaWQiOiIyIiwiX2F1dGhfdXNlcl9oYXNoIjoiNjQxODNiM2JhZWIxMTAxY2Y2OTQ0Zjk3ZmUyYjY0ZjJjZDVkYzY5OSIsIl9hdXRoX3VzZXJfYmFja2VuZCI6ImRqYW5nby5jb250cmliLmF1dGguYmFja2VuZHMuTW9kZWxCYWNrZW5kIn0=	2019-07-27 17:02:49.630498
cu4z3niqwwrap8ytfe4rkl7y44uudjkk	ODg3NTM0MDQwOWNhZjg4NDNjY2QwYWYxZjkzMDdjODhmYzMwMTFmZDp7Il9hdXRoX3VzZXJfYmFja2VuZCI6ImRqYW5nby5jb250cmliLmF1dGguYmFja2VuZHMuTW9kZWxCYWNrZW5kIiwiX2F1dGhfdXNlcl9oYXNoIjoiMTVmZTAxOGRjYjI4ZDZjZmNlZDFmMmEyM2FiNmUyM2RmZTZkODFkZSIsIl9hdXRoX3VzZXJfaWQiOiI5In0=	2018-11-07 17:11:24.745522
cz97lbyfwr088m8nf4ltxmwf2p57oy7r	YWMxOWQxYzQzYzkzZjUwOTY4YmY0ZTQ5MDUxOWFhMzBiNzNhZThlZjp7Il9hdXRoX3VzZXJfaWQiOiIyIiwiX2F1dGhfdXNlcl9iYWNrZW5kIjoiZGphbmdvLmNvbnRyaWIuYXV0aC5iYWNrZW5kcy5Nb2RlbEJhY2tlbmQiLCJfYXV0aF91c2VyX2hhc2giOiI3NDEzOWI5NjVhNjgzMjU4NTkzNTNhM2EyODUyNjY3MDM4OGNjZjQ1In0=	2018-05-03 21:15:58.430722
czl6uofvfolbz5o63sysl7d2bf1f97k5	OWZjYjg3YzA0NDA5OGYwYWRhYjU3Yjc5ZmI3NTkyODk3NjZjNzUwNDp7Il9hdXRoX3VzZXJfYmFja2VuZCI6ImRqYW5nby5jb250cmliLmF1dGguYmFja2VuZHMuTW9kZWxCYWNrZW5kIiwiX2F1dGhfdXNlcl9pZCI6IjIiLCJfYXV0aF91c2VyX2hhc2giOiI3NDEzOWI5NjVhNjgzMjU4NTkzNTNhM2EyODUyNjY3MDM4OGNjZjQ1In0=	2019-01-11 03:10:28.416689
d2o2tjbh7vu9lcqvmwfhcptw11x0erg4	NGVkMWViODA2Yzk1YTViOGJjY2M0ZDFiYTdhN2I1ZmYxZjdhOTUxMjp7Il9hdXRoX3VzZXJfaGFzaCI6Ijc0MTM5Yjk2NWE2ODMyNTg1OTM1M2EzYTI4NTI2NjcwMzg4Y2NmNDUiLCJfYXV0aF91c2VyX2lkIjoiMiIsIl9hdXRoX3VzZXJfYmFja2VuZCI6ImRqYW5nby5jb250cmliLmF1dGguYmFja2VuZHMuTW9kZWxCYWNrZW5kIn0=	2018-11-07 14:04:49.162088
d31fjacjrpqnayn7m767oauhkhs4jhtu	M2Q0NzI1MWQ2Y2M3OGQxMTVkMzk4MmI5ZjhkNjBmYjdmMTJkMjMyZjp7Il9hdXRoX3VzZXJfaWQiOiIxNSIsIl9hdXRoX3VzZXJfYmFja2VuZCI6ImRqYW5nby5jb250cmliLmF1dGguYmFja2VuZHMuTW9kZWxCYWNrZW5kIiwiX2F1dGhfdXNlcl9oYXNoIjoiNzQ5MTIxYzZiMDQ3NmFmNGYwYjVjZGNhNmEwZTJmNGVmM2IwODRhOCJ9	2019-03-21 01:10:42.85744
d3pzyqjgbez4wdljvbm77oohhi6feb4k	MWFlNDc0MTc5YWVjMTUzOGUzOTBkYmE3YjI5ZWFhMWRlMWJjOWExMTp7Il9hdXRoX3VzZXJfaGFzaCI6IjY0MTgzYjNiYWViMTEwMWNmNjk0NGY5N2ZlMmI2NGYyY2Q1ZGM2OTkiLCJfYXV0aF91c2VyX2JhY2tlbmQiOiJkamFuZ28uY29udHJpYi5hdXRoLmJhY2tlbmRzLk1vZGVsQmFja2VuZCIsIl9hdXRoX3VzZXJfaWQiOiIyIn0=	2019-07-29 22:16:42.423422
d7tddwwv6uyebql71ou81tnzwibni1ta	OWZjYjg3YzA0NDA5OGYwYWRhYjU3Yjc5ZmI3NTkyODk3NjZjNzUwNDp7Il9hdXRoX3VzZXJfYmFja2VuZCI6ImRqYW5nby5jb250cmliLmF1dGguYmFja2VuZHMuTW9kZWxCYWNrZW5kIiwiX2F1dGhfdXNlcl9pZCI6IjIiLCJfYXV0aF91c2VyX2hhc2giOiI3NDEzOWI5NjVhNjgzMjU4NTkzNTNhM2EyODUyNjY3MDM4OGNjZjQ1In0=	2018-08-09 22:37:25.149348
d89ghzmk4b5bb9jhsz9tg6498yy2wfi0	OGVlNWExNTBiMDdjYWI0OGY4MzNjM2UyMDFmODUzOGYxZDhiZGRkNjp7Il9hdXRoX3VzZXJfYmFja2VuZCI6ImRqYW5nby5jb250cmliLmF1dGguYmFja2VuZHMuTW9kZWxCYWNrZW5kIiwiX2F1dGhfdXNlcl9pZCI6IjIiLCJfYXV0aF91c2VyX2hhc2giOiI2NDE4M2IzYmFlYjExMDFjZjY5NDRmOTdmZTJiNjRmMmNkNWRjNjk5In0=	2019-06-19 13:13:05.356375
d8j0nizss8pggrwo81se72b8drqa8ify	ODUyMDczNzgyZDkyZDMxODNlNDcxMWIyMmM2YjRhOGVhZDA3NzcyYjp7Il9hdXRoX3VzZXJfaWQiOiI2NCIsIl9hdXRoX3VzZXJfYmFja2VuZCI6ImRqYW5nby5jb250cmliLmF1dGguYmFja2VuZHMuTW9kZWxCYWNrZW5kIiwiX2F1dGhfdXNlcl9oYXNoIjoiMDFmMDAxZTcyM2UxMWI0NDIwZWQ2OWZkY2U4MjdkY2FlNWViZThkZSJ9	2019-05-02 22:33:11.781867
d9mwm4p5l4m3oyvw7vmowelhrljjtzma	OTNkMTUyODJhMWQwN2Q3OTVjOGUyNzE4MzA0ODMyMmM3Mjc1NzA2ODp7Il9hdXRoX3VzZXJfYmFja2VuZCI6ImRqYW5nby5jb250cmliLmF1dGguYmFja2VuZHMuTW9kZWxCYWNrZW5kIiwiX2F1dGhfdXNlcl9pZCI6IjE4IiwiX2F1dGhfdXNlcl9oYXNoIjoiNDA5NmQ4MWQ2MmRkMTM5M2FlMWI4ZjAyOTRmNjA2ZjFmMWMyOWE0MCJ9	2018-04-12 13:34:37.333
dcnvgt2kk7gaf5o4i39nkhl48kzy1ni3	YWMxOWQxYzQzYzkzZjUwOTY4YmY0ZTQ5MDUxOWFhMzBiNzNhZThlZjp7Il9hdXRoX3VzZXJfaWQiOiIyIiwiX2F1dGhfdXNlcl9iYWNrZW5kIjoiZGphbmdvLmNvbnRyaWIuYXV0aC5iYWNrZW5kcy5Nb2RlbEJhY2tlbmQiLCJfYXV0aF91c2VyX2hhc2giOiI3NDEzOWI5NjVhNjgzMjU4NTkzNTNhM2EyODUyNjY3MDM4OGNjZjQ1In0=	2018-05-03 21:14:19.896934
denu2ropvaz4rzbtflgbsp11n452jive	MWFlNDc0MTc5YWVjMTUzOGUzOTBkYmE3YjI5ZWFhMWRlMWJjOWExMTp7Il9hdXRoX3VzZXJfaGFzaCI6IjY0MTgzYjNiYWViMTEwMWNmNjk0NGY5N2ZlMmI2NGYyY2Q1ZGM2OTkiLCJfYXV0aF91c2VyX2JhY2tlbmQiOiJkamFuZ28uY29udHJpYi5hdXRoLmJhY2tlbmRzLk1vZGVsQmFja2VuZCIsIl9hdXRoX3VzZXJfaWQiOiIyIn0=	2019-10-09 19:40:29.508305
dikv88iydu927asg17yy9p19sx46z6dj	MWFlNDc0MTc5YWVjMTUzOGUzOTBkYmE3YjI5ZWFhMWRlMWJjOWExMTp7Il9hdXRoX3VzZXJfaGFzaCI6IjY0MTgzYjNiYWViMTEwMWNmNjk0NGY5N2ZlMmI2NGYyY2Q1ZGM2OTkiLCJfYXV0aF91c2VyX2JhY2tlbmQiOiJkamFuZ28uY29udHJpYi5hdXRoLmJhY2tlbmRzLk1vZGVsQmFja2VuZCIsIl9hdXRoX3VzZXJfaWQiOiIyIn0=	2019-07-25 18:20:40.634449
dilve2804k7ocx7t06xtv5mp24g2t7ry	YWMxOWQxYzQzYzkzZjUwOTY4YmY0ZTQ5MDUxOWFhMzBiNzNhZThlZjp7Il9hdXRoX3VzZXJfaWQiOiIyIiwiX2F1dGhfdXNlcl9iYWNrZW5kIjoiZGphbmdvLmNvbnRyaWIuYXV0aC5iYWNrZW5kcy5Nb2RlbEJhY2tlbmQiLCJfYXV0aF91c2VyX2hhc2giOiI3NDEzOWI5NjVhNjgzMjU4NTkzNTNhM2EyODUyNjY3MDM4OGNjZjQ1In0=	2018-08-11 17:44:14.38883
dk1y5so3k2o7ne5b5fcakyah3hhkg50g	OWZjYjg3YzA0NDA5OGYwYWRhYjU3Yjc5ZmI3NTkyODk3NjZjNzUwNDp7Il9hdXRoX3VzZXJfYmFja2VuZCI6ImRqYW5nby5jb250cmliLmF1dGguYmFja2VuZHMuTW9kZWxCYWNrZW5kIiwiX2F1dGhfdXNlcl9pZCI6IjIiLCJfYXV0aF91c2VyX2hhc2giOiI3NDEzOWI5NjVhNjgzMjU4NTkzNTNhM2EyODUyNjY3MDM4OGNjZjQ1In0=	2018-04-09 16:33:56.917
dkxqo4mw9mrnkxtjpn0ydo42htggs4fc	MzQ2NWIwNzcwMjgxNDI4NDcxZDA3MTBlZjYwMmY4NDJhN2YyODc0MDp7Il9hdXRoX3VzZXJfaWQiOiI5IiwiX2F1dGhfdXNlcl9iYWNrZW5kIjoiZGphbmdvLmNvbnRyaWIuYXV0aC5iYWNrZW5kcy5Nb2RlbEJhY2tlbmQiLCJfYXV0aF91c2VyX2hhc2giOiIxNWZlMDE4ZGNiMjhkNmNmY2VkMWYyYTIzYWI2ZTIzZGZlNmQ4MWRlIn0=	2018-12-08 17:41:25.576349
dluxgwcwx2dboon0k91xvp0s5z7go1rl	OTVlODlkNGZhYjBlNTBhZmU4Y2NkOWNiYWIzYjkyZDNiYWVmZWY0OTp7Il9hdXRoX3VzZXJfaGFzaCI6Ijc0MTM5Yjk2NWE2ODMyNTg1OTM1M2EzYTI4NTI2NjcwMzg4Y2NmNDUiLCJfYXV0aF91c2VyX2JhY2tlbmQiOiJkamFuZ28uY29udHJpYi5hdXRoLmJhY2tlbmRzLk1vZGVsQmFja2VuZCIsIl9hdXRoX3VzZXJfaWQiOiIyIn0=	2018-04-09 19:42:35.181
dnzzh4h1irxwugkx8152yalzmvqlbb9j	NWUxNmFiMjcyNmNiNGQzNDQzMDE5MDcwMzFjNzEzMzQ2MDdmODg1Mzp7Il9hdXRoX3VzZXJfaWQiOiIzNCIsIl9hdXRoX3VzZXJfYmFja2VuZCI6ImRqYW5nby5jb250cmliLmF1dGguYmFja2VuZHMuTW9kZWxCYWNrZW5kIiwiX2F1dGhfdXNlcl9oYXNoIjoiZDFlNTY5NjhkNzk1YjQzMTRkMjFkZGQ4MDk3N2NmMDIwODE4NGI0OSJ9	2018-06-06 02:15:29.591894
drw1z3nl2gbzifiy59szzks5v8vhlost	OTVlODlkNGZhYjBlNTBhZmU4Y2NkOWNiYWIzYjkyZDNiYWVmZWY0OTp7Il9hdXRoX3VzZXJfaGFzaCI6Ijc0MTM5Yjk2NWE2ODMyNTg1OTM1M2EzYTI4NTI2NjcwMzg4Y2NmNDUiLCJfYXV0aF91c2VyX2JhY2tlbmQiOiJkamFuZ28uY29udHJpYi5hdXRoLmJhY2tlbmRzLk1vZGVsQmFja2VuZCIsIl9hdXRoX3VzZXJfaWQiOiIyIn0=	2018-09-05 21:20:17.196972
ds2n6h0hxv1994240zrnb4h4xkw9cywr	NmJiZmVlYzVkYzZkNmJiMTc2MDhiYmNhYjRhM2UwY2NkNGRmNzkyZDp7Il9hdXRoX3VzZXJfaWQiOiIyIiwiX2F1dGhfdXNlcl9oYXNoIjoiNzQxMzliOTY1YTY4MzI1ODU5MzUzYTNhMjg1MjY2NzAzODhjY2Y0NSIsIl9hdXRoX3VzZXJfYmFja2VuZCI6ImRqYW5nby5jb250cmliLmF1dGguYmFja2VuZHMuTW9kZWxCYWNrZW5kIn0=	2018-09-11 18:26:03.554923
dssfooncfg7b0nif0p251p6vaj60je7o	Y2NhYTIxY2E3N2I4OTFkNWFlMzI1MzcwMmY5Mzk0Y2JhYjgwYmQwZTp7Il9hdXRoX3VzZXJfYmFja2VuZCI6ImRqYW5nby5jb250cmliLmF1dGguYmFja2VuZHMuTW9kZWxCYWNrZW5kIiwiX2F1dGhfdXNlcl9oYXNoIjoiNmVjZmVlMGJiNGVjYThjMGI1ODdmNDRhYmM4Njg5ZTc3M2JlZWYyYiIsIl9hdXRoX3VzZXJfaWQiOiIxMyJ9	2019-05-23 13:33:11.461512
e2f8a3xj4wrthx87hsgdb02z2i06fv9t	MWFlNDc0MTc5YWVjMTUzOGUzOTBkYmE3YjI5ZWFhMWRlMWJjOWExMTp7Il9hdXRoX3VzZXJfaGFzaCI6IjY0MTgzYjNiYWViMTEwMWNmNjk0NGY5N2ZlMmI2NGYyY2Q1ZGM2OTkiLCJfYXV0aF91c2VyX2JhY2tlbmQiOiJkamFuZ28uY29udHJpYi5hdXRoLmJhY2tlbmRzLk1vZGVsQmFja2VuZCIsIl9hdXRoX3VzZXJfaWQiOiIyIn0=	2019-08-28 14:16:16.997702
e48x1xhlaonyd1qa3nzxuud8jygla6z6	N2Q3NzdhNDVjMzhhNWM0OTU3Y2MxNjJmZjlkNGFkOTEyNmM5NzQ5MTp7Il9hdXRoX3VzZXJfYmFja2VuZCI6ImRqYW5nby5jb250cmliLmF1dGguYmFja2VuZHMuTW9kZWxCYWNrZW5kIiwiX2F1dGhfdXNlcl9oYXNoIjoiNjQxODNiM2JhZWIxMTAxY2Y2OTQ0Zjk3ZmUyYjY0ZjJjZDVkYzY5OSIsIl9hdXRoX3VzZXJfaWQiOiIyIn0=	2019-08-28 19:36:12.682762
e8afmqhgvjv3zh6da4xatuhezjkknlbp	MTVkOTYyYTg5Mjg3MjI4ZWI1N2FlOWU4MTViMTRmM2U0YjEzZDQ5Mjp7Il9hdXRoX3VzZXJfaWQiOiIxOCIsIl9hdXRoX3VzZXJfYmFja2VuZCI6ImRqYW5nby5jb250cmliLmF1dGguYmFja2VuZHMuTW9kZWxCYWNrZW5kIiwiX2F1dGhfdXNlcl9oYXNoIjoiZWMxMDk0ZmUyMTk0MjY1ZjJhOTIzMDE1NTY0NDg0YWRkYWE1YzdmYSJ9	2019-02-14 02:20:27.505477
e93bonpjwdajr2r0gxa82ieaslbp7kzb	YWMxOWQxYzQzYzkzZjUwOTY4YmY0ZTQ5MDUxOWFhMzBiNzNhZThlZjp7Il9hdXRoX3VzZXJfaWQiOiIyIiwiX2F1dGhfdXNlcl9iYWNrZW5kIjoiZGphbmdvLmNvbnRyaWIuYXV0aC5iYWNrZW5kcy5Nb2RlbEJhY2tlbmQiLCJfYXV0aF91c2VyX2hhc2giOiI3NDEzOWI5NjVhNjgzMjU4NTkzNTNhM2EyODUyNjY3MDM4OGNjZjQ1In0=	2018-11-26 18:15:48.78508
earvfj03cp1isvmzcypnim7vmp0kjnuf	YWMxOWQxYzQzYzkzZjUwOTY4YmY0ZTQ5MDUxOWFhMzBiNzNhZThlZjp7Il9hdXRoX3VzZXJfaWQiOiIyIiwiX2F1dGhfdXNlcl9iYWNrZW5kIjoiZGphbmdvLmNvbnRyaWIuYXV0aC5iYWNrZW5kcy5Nb2RlbEJhY2tlbmQiLCJfYXV0aF91c2VyX2hhc2giOiI3NDEzOWI5NjVhNjgzMjU4NTkzNTNhM2EyODUyNjY3MDM4OGNjZjQ1In0=	2018-05-23 01:21:28.049559
ef113vcc0ir7y2buav6wnpek3te1d1yx	N2NkNzAwMGNmMjJlNjdkNmQ4OWI3OGYzODkwMzNkYWNmZjkxYWQyNjp7Il9hdXRoX3VzZXJfaGFzaCI6IjQwMzc4MDIxZGRkYWViYTc3MjU4OGY1Y2Y2ZDE0MDZlOTNkM2ZlMTUiLCJfYXV0aF91c2VyX2JhY2tlbmQiOiJkamFuZ28uY29udHJpYi5hdXRoLmJhY2tlbmRzLk1vZGVsQmFja2VuZCIsIl9hdXRoX3VzZXJfaWQiOiI2In0=	2018-04-05 14:39:32.309
ef6ouqnzc9obybd0cq98oatdsah59cwm	OTVlODlkNGZhYjBlNTBhZmU4Y2NkOWNiYWIzYjkyZDNiYWVmZWY0OTp7Il9hdXRoX3VzZXJfaGFzaCI6Ijc0MTM5Yjk2NWE2ODMyNTg1OTM1M2EzYTI4NTI2NjcwMzg4Y2NmNDUiLCJfYXV0aF91c2VyX2JhY2tlbmQiOiJkamFuZ28uY29udHJpYi5hdXRoLmJhY2tlbmRzLk1vZGVsQmFja2VuZCIsIl9hdXRoX3VzZXJfaWQiOiIyIn0=	2018-09-07 16:33:48.601127
ehn9z0106zsu0ufrgpi0m538cfkekie5	NjUyNzU3YmM2MzI1MWE3NjU1YTliNDM3M2JjODdiOWRjMWNkMjYwMjp7Il9hdXRoX3VzZXJfaGFzaCI6ImUxZjlmMzAxZGY5MDgxMjlmYzgwNmJiN2FlZGEzMjhjYzIxYWU5ZjIiLCJfYXV0aF91c2VyX2lkIjoiOCIsIl9hdXRoX3VzZXJfYmFja2VuZCI6ImRqYW5nby5jb250cmliLmF1dGguYmFja2VuZHMuTW9kZWxCYWNrZW5kIn0=	2018-03-27 21:27:27.401
eic10xzjv5ute1mec7ndx74m27wtv87u	OGVlNWExNTBiMDdjYWI0OGY4MzNjM2UyMDFmODUzOGYxZDhiZGRkNjp7Il9hdXRoX3VzZXJfYmFja2VuZCI6ImRqYW5nby5jb250cmliLmF1dGguYmFja2VuZHMuTW9kZWxCYWNrZW5kIiwiX2F1dGhfdXNlcl9pZCI6IjIiLCJfYXV0aF91c2VyX2hhc2giOiI2NDE4M2IzYmFlYjExMDFjZjY5NDRmOTdmZTJiNjRmMmNkNWRjNjk5In0=	2019-05-30 15:22:55.068248
ep56nzwkagw60qghgozupat2zya6wyit	NGVkMWViODA2Yzk1YTViOGJjY2M0ZDFiYTdhN2I1ZmYxZjdhOTUxMjp7Il9hdXRoX3VzZXJfaGFzaCI6Ijc0MTM5Yjk2NWE2ODMyNTg1OTM1M2EzYTI4NTI2NjcwMzg4Y2NmNDUiLCJfYXV0aF91c2VyX2lkIjoiMiIsIl9hdXRoX3VzZXJfYmFja2VuZCI6ImRqYW5nby5jb250cmliLmF1dGguYmFja2VuZHMuTW9kZWxCYWNrZW5kIn0=	2018-11-23 13:12:45.098275
epsanil2id5byd5316dycy8cxs5lupjg	YWMxNDMyN2YwNTQ2ZDk3OGIyNmM1Y2YwY2U1OGNiYjU0MzQzOWQ5Yjp7Il9hdXRoX3VzZXJfYmFja2VuZCI6ImRqYW5nby5jb250cmliLmF1dGguYmFja2VuZHMuTW9kZWxCYWNrZW5kIiwiX2F1dGhfdXNlcl9oYXNoIjoiNzQxMzliOTY1YTY4MzI1ODU5MzUzYTNhMjg1MjY2NzAzODhjY2Y0NSIsIl9hdXRoX3VzZXJfaWQiOiIyIn0=	2018-06-01 19:08:27.194122
etn53qbzkdjbsmrexvq24k8yhdc5xb0l	YWMxOWQxYzQzYzkzZjUwOTY4YmY0ZTQ5MDUxOWFhMzBiNzNhZThlZjp7Il9hdXRoX3VzZXJfaWQiOiIyIiwiX2F1dGhfdXNlcl9iYWNrZW5kIjoiZGphbmdvLmNvbnRyaWIuYXV0aC5iYWNrZW5kcy5Nb2RlbEJhY2tlbmQiLCJfYXV0aF91c2VyX2hhc2giOiI3NDEzOWI5NjVhNjgzMjU4NTkzNTNhM2EyODUyNjY3MDM4OGNjZjQ1In0=	2018-06-08 16:28:21.029208
evfslx5rxmb8goh2sx972h95j0dstr2p	NGVkMWViODA2Yzk1YTViOGJjY2M0ZDFiYTdhN2I1ZmYxZjdhOTUxMjp7Il9hdXRoX3VzZXJfaGFzaCI6Ijc0MTM5Yjk2NWE2ODMyNTg1OTM1M2EzYTI4NTI2NjcwMzg4Y2NmNDUiLCJfYXV0aF91c2VyX2lkIjoiMiIsIl9hdXRoX3VzZXJfYmFja2VuZCI6ImRqYW5nby5jb250cmliLmF1dGguYmFja2VuZHMuTW9kZWxCYWNrZW5kIn0=	2018-08-06 16:04:53.291711
exkmjmnblrhr2tw5hh58t0g6txjj84tg	OTVlODlkNGZhYjBlNTBhZmU4Y2NkOWNiYWIzYjkyZDNiYWVmZWY0OTp7Il9hdXRoX3VzZXJfaGFzaCI6Ijc0MTM5Yjk2NWE2ODMyNTg1OTM1M2EzYTI4NTI2NjcwMzg4Y2NmNDUiLCJfYXV0aF91c2VyX2JhY2tlbmQiOiJkamFuZ28uY29udHJpYi5hdXRoLmJhY2tlbmRzLk1vZGVsQmFja2VuZCIsIl9hdXRoX3VzZXJfaWQiOiIyIn0=	2019-02-07 21:46:16.596412
ezlioe6vab9pbm0o9dz4qzz705u0xeu0	YWMxOWQxYzQzYzkzZjUwOTY4YmY0ZTQ5MDUxOWFhMzBiNzNhZThlZjp7Il9hdXRoX3VzZXJfaWQiOiIyIiwiX2F1dGhfdXNlcl9iYWNrZW5kIjoiZGphbmdvLmNvbnRyaWIuYXV0aC5iYWNrZW5kcy5Nb2RlbEJhY2tlbmQiLCJfYXV0aF91c2VyX2hhc2giOiI3NDEzOWI5NjVhNjgzMjU4NTkzNTNhM2EyODUyNjY3MDM4OGNjZjQ1In0=	2019-01-03 01:43:17.293142
f2eq4q0xy9azkow3xy8xokyyvi9s3sqr	YWMxOWQxYzQzYzkzZjUwOTY4YmY0ZTQ5MDUxOWFhMzBiNzNhZThlZjp7Il9hdXRoX3VzZXJfaWQiOiIyIiwiX2F1dGhfdXNlcl9iYWNrZW5kIjoiZGphbmdvLmNvbnRyaWIuYXV0aC5iYWNrZW5kcy5Nb2RlbEJhY2tlbmQiLCJfYXV0aF91c2VyX2hhc2giOiI3NDEzOWI5NjVhNjgzMjU4NTkzNTNhM2EyODUyNjY3MDM4OGNjZjQ1In0=	2018-05-26 02:53:37.69321
f2iirmj8700zwo0vaicqm8jkirpw1ws2	OTVlODlkNGZhYjBlNTBhZmU4Y2NkOWNiYWIzYjkyZDNiYWVmZWY0OTp7Il9hdXRoX3VzZXJfaGFzaCI6Ijc0MTM5Yjk2NWE2ODMyNTg1OTM1M2EzYTI4NTI2NjcwMzg4Y2NmNDUiLCJfYXV0aF91c2VyX2JhY2tlbmQiOiJkamFuZ28uY29udHJpYi5hdXRoLmJhY2tlbmRzLk1vZGVsQmFja2VuZCIsIl9hdXRoX3VzZXJfaWQiOiIyIn0=	2018-04-09 23:34:33.566
f34ohxgi5bbagpnzkzgsp7xsis8zzdtq	NzlhNDY5MWZmYzBkYWRlYjUyY2Y3MjBiZWM3NThmZmJlNzFiODlkYzp7Il9hdXRoX3VzZXJfaWQiOiIyIiwiX2F1dGhfdXNlcl9oYXNoIjoiNjQxODNiM2JhZWIxMTAxY2Y2OTQ0Zjk3ZmUyYjY0ZjJjZDVkYzY5OSIsIl9hdXRoX3VzZXJfYmFja2VuZCI6ImRqYW5nby5jb250cmliLmF1dGguYmFja2VuZHMuTW9kZWxCYWNrZW5kIn0=	2019-07-26 17:34:05.291467
f630twswpuqww3sd9c2slexb8lquwg4y	NGVkMWViODA2Yzk1YTViOGJjY2M0ZDFiYTdhN2I1ZmYxZjdhOTUxMjp7Il9hdXRoX3VzZXJfaGFzaCI6Ijc0MTM5Yjk2NWE2ODMyNTg1OTM1M2EzYTI4NTI2NjcwMzg4Y2NmNDUiLCJfYXV0aF91c2VyX2lkIjoiMiIsIl9hdXRoX3VzZXJfYmFja2VuZCI6ImRqYW5nby5jb250cmliLmF1dGguYmFja2VuZHMuTW9kZWxCYWNrZW5kIn0=	2018-11-01 14:45:38.17723
f80jbhzgqda8r4865kro50qf66t95onn	NTE5YmFhZTA0YzM2YWIxNTY3OGU2YWVhYjFhMTgzNTZmNThhY2FjZDp7Il9hdXRoX3VzZXJfaGFzaCI6IjZmMGEyYWJhNjQ3MWY2YTFhYzkwZWYwN2FmZTRjOGJkMjNjZDZmZDciLCJfYXV0aF91c2VyX2JhY2tlbmQiOiJkamFuZ28uY29udHJpYi5hdXRoLmJhY2tlbmRzLk1vZGVsQmFja2VuZCIsIl9hdXRoX3VzZXJfaWQiOiI2MyJ9	2019-01-25 17:11:36.379472
f88cwjjuipytwas0kif3jvaubimq5rq6	YjdhYjg4OWMxMGI2NGUxYWI2YjFjZjAwMWI5ZWI2YzcyMDczNzFkMTp7Il9wYXNzd29yZF9yZXNldF90b2tlbiI6IjR3di04YWRmNjNhNjgwOTE0OTEwYWI1NyJ9	2018-06-22 18:44:27.408821
fbd9vvdcpoozymys6r1imi9do5l4m2ca	YWMxOWQxYzQzYzkzZjUwOTY4YmY0ZTQ5MDUxOWFhMzBiNzNhZThlZjp7Il9hdXRoX3VzZXJfaWQiOiIyIiwiX2F1dGhfdXNlcl9iYWNrZW5kIjoiZGphbmdvLmNvbnRyaWIuYXV0aC5iYWNrZW5kcy5Nb2RlbEJhY2tlbmQiLCJfYXV0aF91c2VyX2hhc2giOiI3NDEzOWI5NjVhNjgzMjU4NTkzNTNhM2EyODUyNjY3MDM4OGNjZjQ1In0=	2018-10-14 01:22:25.974561
fer4cv4q758mnj4rlk47arfsiv330s1h	ZDMzMjFiY2Y2OGIxZWEyNzU1NWQyMjUzOGUwOWI5YTcwNmY3ODU2YTp7Il9hdXRoX3VzZXJfYmFja2VuZCI6ImRqYW5nby5jb250cmliLmF1dGguYmFja2VuZHMuTW9kZWxCYWNrZW5kIiwiX2F1dGhfdXNlcl9pZCI6IjQwIiwiX2F1dGhfdXNlcl9oYXNoIjoiYTgxZmMwYThmYTgyYzk5NTgzNjA4N2NjOGI4MGNiMThjNTMyMGRlYSJ9	2018-10-24 15:03:03.315456
ff8l6ivkgjuuctd49ly9inttz0lbka1h	YzAxYzRhZTUyNjkwMjgyNTM4ZjYwYTUzMDM2MDE5ZGMzMTI3NTE2Yjp7Il9hdXRoX3VzZXJfaWQiOiIyIiwiX2F1dGhfdXNlcl9iYWNrZW5kIjoiZGphbmdvLmNvbnRyaWIuYXV0aC5iYWNrZW5kcy5Nb2RlbEJhY2tlbmQiLCJfYXV0aF91c2VyX2hhc2giOiI2NDE4M2IzYmFlYjExMDFjZjY5NDRmOTdmZTJiNjRmMmNkNWRjNjk5In0=	2019-11-18 22:26:24.620845
fk7d465r6ph8myzg31oxxo5rxr87u78d	OGVlNWExNTBiMDdjYWI0OGY4MzNjM2UyMDFmODUzOGYxZDhiZGRkNjp7Il9hdXRoX3VzZXJfYmFja2VuZCI6ImRqYW5nby5jb250cmliLmF1dGguYmFja2VuZHMuTW9kZWxCYWNrZW5kIiwiX2F1dGhfdXNlcl9pZCI6IjIiLCJfYXV0aF91c2VyX2hhc2giOiI2NDE4M2IzYmFlYjExMDFjZjY5NDRmOTdmZTJiNjRmMmNkNWRjNjk5In0=	2019-05-03 17:38:35.329832
fmkauqd852saq6ea5izoyztdwoepwtln	OTVlODlkNGZhYjBlNTBhZmU4Y2NkOWNiYWIzYjkyZDNiYWVmZWY0OTp7Il9hdXRoX3VzZXJfaGFzaCI6Ijc0MTM5Yjk2NWE2ODMyNTg1OTM1M2EzYTI4NTI2NjcwMzg4Y2NmNDUiLCJfYXV0aF91c2VyX2JhY2tlbmQiOiJkamFuZ28uY29udHJpYi5hdXRoLmJhY2tlbmRzLk1vZGVsQmFja2VuZCIsIl9hdXRoX3VzZXJfaWQiOiIyIn0=	2019-01-17 01:45:02.400346
fnz4aqzqkoxmuk55sa67ra8oujpztw8q	ZDYxNjM2ZDI1NjAwNGZlNDA1MzUzMzhhNjhiM2E3YTViMjcxMzQyZDp7Il9hdXRoX3VzZXJfaWQiOiIxOCIsIl9hdXRoX3VzZXJfYmFja2VuZCI6ImRqYW5nby5jb250cmliLmF1dGguYmFja2VuZHMuTW9kZWxCYWNrZW5kIiwiX2F1dGhfdXNlcl9oYXNoIjoiY2YyYzBkMWQyNzQ1NDdhMjJmMDRiNjlmMmM1NjAwMDBiZTQ1YmQ2MSJ9	2019-10-09 19:45:33.447178
fpzbkzd3shklcac3gz43fy2dkt6ddpr7	OTVlODlkNGZhYjBlNTBhZmU4Y2NkOWNiYWIzYjkyZDNiYWVmZWY0OTp7Il9hdXRoX3VzZXJfaGFzaCI6Ijc0MTM5Yjk2NWE2ODMyNTg1OTM1M2EzYTI4NTI2NjcwMzg4Y2NmNDUiLCJfYXV0aF91c2VyX2JhY2tlbmQiOiJkamFuZ28uY29udHJpYi5hdXRoLmJhY2tlbmRzLk1vZGVsQmFja2VuZCIsIl9hdXRoX3VzZXJfaWQiOiIyIn0=	2018-11-30 16:48:55.944284
frszxu3820lpos7c1q4r7tje7d6jn2i9	ZGUwYjk0NjRkYTYyODlhYjJlNjJlNzU5NzNjNzE0Y2ZkZThjYmIzZDp7Il9hdXRoX3VzZXJfaGFzaCI6IjY0MTgzYjNiYWViMTEwMWNmNjk0NGY5N2ZlMmI2NGYyY2Q1ZGM2OTkiLCJfYXV0aF91c2VyX2lkIjoiMiIsIl9hdXRoX3VzZXJfYmFja2VuZCI6ImRqYW5nby5jb250cmliLmF1dGguYmFja2VuZHMuTW9kZWxCYWNrZW5kIn0=	2019-09-18 17:02:51.644537
fujx44jrlypqch79lkfwdiq3mg2634sg	OTVlODlkNGZhYjBlNTBhZmU4Y2NkOWNiYWIzYjkyZDNiYWVmZWY0OTp7Il9hdXRoX3VzZXJfaGFzaCI6Ijc0MTM5Yjk2NWE2ODMyNTg1OTM1M2EzYTI4NTI2NjcwMzg4Y2NmNDUiLCJfYXV0aF91c2VyX2JhY2tlbmQiOiJkamFuZ28uY29udHJpYi5hdXRoLmJhY2tlbmRzLk1vZGVsQmFja2VuZCIsIl9hdXRoX3VzZXJfaWQiOiIyIn0=	2018-05-10 01:30:26.011226
fx206277ddrnbs4t954atwgorjfqy8xl	YzAxYzRhZTUyNjkwMjgyNTM4ZjYwYTUzMDM2MDE5ZGMzMTI3NTE2Yjp7Il9hdXRoX3VzZXJfaWQiOiIyIiwiX2F1dGhfdXNlcl9iYWNrZW5kIjoiZGphbmdvLmNvbnRyaWIuYXV0aC5iYWNrZW5kcy5Nb2RlbEJhY2tlbmQiLCJfYXV0aF91c2VyX2hhc2giOiI2NDE4M2IzYmFlYjExMDFjZjY5NDRmOTdmZTJiNjRmMmNkNWRjNjk5In0=	2019-07-16 21:45:49.831205
fx3u5xx7a99epnzotw8ss83qet9h0jq0	MTVkOTYyYTg5Mjg3MjI4ZWI1N2FlOWU4MTViMTRmM2U0YjEzZDQ5Mjp7Il9hdXRoX3VzZXJfaWQiOiIxOCIsIl9hdXRoX3VzZXJfYmFja2VuZCI6ImRqYW5nby5jb250cmliLmF1dGguYmFja2VuZHMuTW9kZWxCYWNrZW5kIiwiX2F1dGhfdXNlcl9oYXNoIjoiZWMxMDk0ZmUyMTk0MjY1ZjJhOTIzMDE1NTY0NDg0YWRkYWE1YzdmYSJ9	2018-11-28 18:38:45.691881
fxasqcthqcu16ptg8e4x6bm4vfldpygm	MWFlNDc0MTc5YWVjMTUzOGUzOTBkYmE3YjI5ZWFhMWRlMWJjOWExMTp7Il9hdXRoX3VzZXJfaGFzaCI6IjY0MTgzYjNiYWViMTEwMWNmNjk0NGY5N2ZlMmI2NGYyY2Q1ZGM2OTkiLCJfYXV0aF91c2VyX2JhY2tlbmQiOiJkamFuZ28uY29udHJpYi5hdXRoLmJhY2tlbmRzLk1vZGVsQmFja2VuZCIsIl9hdXRoX3VzZXJfaWQiOiIyIn0=	2019-05-25 17:56:41.612739
fxvgkblnj5r1nm1aaq2zslq380d0ijkd	YWMxOWQxYzQzYzkzZjUwOTY4YmY0ZTQ5MDUxOWFhMzBiNzNhZThlZjp7Il9hdXRoX3VzZXJfaWQiOiIyIiwiX2F1dGhfdXNlcl9iYWNrZW5kIjoiZGphbmdvLmNvbnRyaWIuYXV0aC5iYWNrZW5kcy5Nb2RlbEJhY2tlbmQiLCJfYXV0aF91c2VyX2hhc2giOiI3NDEzOWI5NjVhNjgzMjU4NTkzNTNhM2EyODUyNjY3MDM4OGNjZjQ1In0=	2018-07-04 21:10:47.635556
fyfeor3us2u774uuv66mq7r0aiqkf675	ZGUwYjk0NjRkYTYyODlhYjJlNjJlNzU5NzNjNzE0Y2ZkZThjYmIzZDp7Il9hdXRoX3VzZXJfaGFzaCI6IjY0MTgzYjNiYWViMTEwMWNmNjk0NGY5N2ZlMmI2NGYyY2Q1ZGM2OTkiLCJfYXV0aF91c2VyX2lkIjoiMiIsIl9hdXRoX3VzZXJfYmFja2VuZCI6ImRqYW5nby5jb250cmliLmF1dGguYmFja2VuZHMuTW9kZWxCYWNrZW5kIn0=	2019-11-25 19:23:59.014008
fyk0yhsnycn12s65sxnsp1lr9pla4h34	NGVkMWViODA2Yzk1YTViOGJjY2M0ZDFiYTdhN2I1ZmYxZjdhOTUxMjp7Il9hdXRoX3VzZXJfaGFzaCI6Ijc0MTM5Yjk2NWE2ODMyNTg1OTM1M2EzYTI4NTI2NjcwMzg4Y2NmNDUiLCJfYXV0aF91c2VyX2lkIjoiMiIsIl9hdXRoX3VzZXJfYmFja2VuZCI6ImRqYW5nby5jb250cmliLmF1dGguYmFja2VuZHMuTW9kZWxCYWNrZW5kIn0=	2018-07-25 21:20:55.735425
g20zl39yl9ctpkasav0ha52saqadp7fy	OGVlNWExNTBiMDdjYWI0OGY4MzNjM2UyMDFmODUzOGYxZDhiZGRkNjp7Il9hdXRoX3VzZXJfYmFja2VuZCI6ImRqYW5nby5jb250cmliLmF1dGguYmFja2VuZHMuTW9kZWxCYWNrZW5kIiwiX2F1dGhfdXNlcl9pZCI6IjIiLCJfYXV0aF91c2VyX2hhc2giOiI2NDE4M2IzYmFlYjExMDFjZjY5NDRmOTdmZTJiNjRmMmNkNWRjNjk5In0=	2019-12-30 22:04:43.011468
g3wdigq55uk7lcq5oknrmzrnxgm63evk	YWMxOWQxYzQzYzkzZjUwOTY4YmY0ZTQ5MDUxOWFhMzBiNzNhZThlZjp7Il9hdXRoX3VzZXJfaWQiOiIyIiwiX2F1dGhfdXNlcl9iYWNrZW5kIjoiZGphbmdvLmNvbnRyaWIuYXV0aC5iYWNrZW5kcy5Nb2RlbEJhY2tlbmQiLCJfYXV0aF91c2VyX2hhc2giOiI3NDEzOWI5NjVhNjgzMjU4NTkzNTNhM2EyODUyNjY3MDM4OGNjZjQ1In0=	2018-07-31 00:34:03.106276
g7dq258dydie00md2215lwmtvsjp9x3k	ZGUwYjk0NjRkYTYyODlhYjJlNjJlNzU5NzNjNzE0Y2ZkZThjYmIzZDp7Il9hdXRoX3VzZXJfaGFzaCI6IjY0MTgzYjNiYWViMTEwMWNmNjk0NGY5N2ZlMmI2NGYyY2Q1ZGM2OTkiLCJfYXV0aF91c2VyX2lkIjoiMiIsIl9hdXRoX3VzZXJfYmFja2VuZCI6ImRqYW5nby5jb250cmliLmF1dGguYmFja2VuZHMuTW9kZWxCYWNrZW5kIn0=	2019-12-13 18:59:29.752849
gat68ll5lrorahsgju99d4my0vmynj2y	ODg3NTM0MDQwOWNhZjg4NDNjY2QwYWYxZjkzMDdjODhmYzMwMTFmZDp7Il9hdXRoX3VzZXJfYmFja2VuZCI6ImRqYW5nby5jb250cmliLmF1dGguYmFja2VuZHMuTW9kZWxCYWNrZW5kIiwiX2F1dGhfdXNlcl9oYXNoIjoiMTVmZTAxOGRjYjI4ZDZjZmNlZDFmMmEyM2FiNmUyM2RmZTZkODFkZSIsIl9hdXRoX3VzZXJfaWQiOiI5In0=	2018-05-16 14:49:16.216055
gdy8xkfsycx1ewaki0isc0lnvjzmbjml	OWZjYjg3YzA0NDA5OGYwYWRhYjU3Yjc5ZmI3NTkyODk3NjZjNzUwNDp7Il9hdXRoX3VzZXJfYmFja2VuZCI6ImRqYW5nby5jb250cmliLmF1dGguYmFja2VuZHMuTW9kZWxCYWNrZW5kIiwiX2F1dGhfdXNlcl9pZCI6IjIiLCJfYXV0aF91c2VyX2hhc2giOiI3NDEzOWI5NjVhNjgzMjU4NTkzNTNhM2EyODUyNjY3MDM4OGNjZjQ1In0=	2018-05-02 16:51:57.614804
gh6kx62yllz6yhsjibmccek62wo5uqc3	ZGZlMDczYzlhNTkyYjUzZGU0ZTY1MDYzNWMwNjQ1MzhiN2Q3NDVhODp7Il9hdXRoX3VzZXJfaWQiOiIxIiwiX2F1dGhfdXNlcl9oYXNoIjoiOTJjYWZhOTI3YjI3NDNmMDc1MWZjYjU2ZjA2YjI4N2UwM2Y4MmU5NyIsIl9hdXRoX3VzZXJfYmFja2VuZCI6ImRqYW5nby5jb250cmliLmF1dGguYmFja2VuZHMuTW9kZWxCYWNrZW5kIn0=	2018-06-28 12:52:45.999442
gok4wzrlfytvmsdd3pblqz2sqis2p9ma	NzlhNDY5MWZmYzBkYWRlYjUyY2Y3MjBiZWM3NThmZmJlNzFiODlkYzp7Il9hdXRoX3VzZXJfaWQiOiIyIiwiX2F1dGhfdXNlcl9oYXNoIjoiNjQxODNiM2JhZWIxMTAxY2Y2OTQ0Zjk3ZmUyYjY0ZjJjZDVkYzY5OSIsIl9hdXRoX3VzZXJfYmFja2VuZCI6ImRqYW5nby5jb250cmliLmF1dGguYmFja2VuZHMuTW9kZWxCYWNrZW5kIn0=	2019-08-06 11:32:11.268365
govhqlh4uteqmw0vtnwp2qou56x80ygt	ZGUwYjk0NjRkYTYyODlhYjJlNjJlNzU5NzNjNzE0Y2ZkZThjYmIzZDp7Il9hdXRoX3VzZXJfaGFzaCI6IjY0MTgzYjNiYWViMTEwMWNmNjk0NGY5N2ZlMmI2NGYyY2Q1ZGM2OTkiLCJfYXV0aF91c2VyX2lkIjoiMiIsIl9hdXRoX3VzZXJfYmFja2VuZCI6ImRqYW5nby5jb250cmliLmF1dGguYmFja2VuZHMuTW9kZWxCYWNrZW5kIn0=	2019-05-12 21:04:12.890986
gptamtkbmiqkzmwtbkn2b4qnut57axd8	YWMxOWQxYzQzYzkzZjUwOTY4YmY0ZTQ5MDUxOWFhMzBiNzNhZThlZjp7Il9hdXRoX3VzZXJfaWQiOiIyIiwiX2F1dGhfdXNlcl9iYWNrZW5kIjoiZGphbmdvLmNvbnRyaWIuYXV0aC5iYWNrZW5kcy5Nb2RlbEJhY2tlbmQiLCJfYXV0aF91c2VyX2hhc2giOiI3NDEzOWI5NjVhNjgzMjU4NTkzNTNhM2EyODUyNjY3MDM4OGNjZjQ1In0=	2019-02-14 13:40:03.788818
gpvw8lz23h3hdr6zhpp4sul2qwpylgp3	ZGUwYjk0NjRkYTYyODlhYjJlNjJlNzU5NzNjNzE0Y2ZkZThjYmIzZDp7Il9hdXRoX3VzZXJfaGFzaCI6IjY0MTgzYjNiYWViMTEwMWNmNjk0NGY5N2ZlMmI2NGYyY2Q1ZGM2OTkiLCJfYXV0aF91c2VyX2lkIjoiMiIsIl9hdXRoX3VzZXJfYmFja2VuZCI6ImRqYW5nby5jb250cmliLmF1dGguYmFja2VuZHMuTW9kZWxCYWNrZW5kIn0=	2019-07-25 01:28:03.996856
grrccnrvi832ttovfy950c85jdaytcz0	OWZjYjg3YzA0NDA5OGYwYWRhYjU3Yjc5ZmI3NTkyODk3NjZjNzUwNDp7Il9hdXRoX3VzZXJfYmFja2VuZCI6ImRqYW5nby5jb250cmliLmF1dGguYmFja2VuZHMuTW9kZWxCYWNrZW5kIiwiX2F1dGhfdXNlcl9pZCI6IjIiLCJfYXV0aF91c2VyX2hhc2giOiI3NDEzOWI5NjVhNjgzMjU4NTkzNTNhM2EyODUyNjY3MDM4OGNjZjQ1In0=	2018-08-22 22:14:06.270507
gsbtga3bhb04f547eywqfpfe2k1nndrp	N2Q3NzdhNDVjMzhhNWM0OTU3Y2MxNjJmZjlkNGFkOTEyNmM5NzQ5MTp7Il9hdXRoX3VzZXJfYmFja2VuZCI6ImRqYW5nby5jb250cmliLmF1dGguYmFja2VuZHMuTW9kZWxCYWNrZW5kIiwiX2F1dGhfdXNlcl9oYXNoIjoiNjQxODNiM2JhZWIxMTAxY2Y2OTQ0Zjk3ZmUyYjY0ZjJjZDVkYzY5OSIsIl9hdXRoX3VzZXJfaWQiOiIyIn0=	2019-04-29 14:25:34.582746
gsjabimzuvdqa796gkgtr8eyud6ru458	NmJiZmVlYzVkYzZkNmJiMTc2MDhiYmNhYjRhM2UwY2NkNGRmNzkyZDp7Il9hdXRoX3VzZXJfaWQiOiIyIiwiX2F1dGhfdXNlcl9oYXNoIjoiNzQxMzliOTY1YTY4MzI1ODU5MzUzYTNhMjg1MjY2NzAzODhjY2Y0NSIsIl9hdXRoX3VzZXJfYmFja2VuZCI6ImRqYW5nby5jb250cmliLmF1dGguYmFja2VuZHMuTW9kZWxCYWNrZW5kIn0=	2019-01-03 02:16:23.757734
gu50gl718wlfcvk7nh977rod2qfguau9	ZGUwYjk0NjRkYTYyODlhYjJlNjJlNzU5NzNjNzE0Y2ZkZThjYmIzZDp7Il9hdXRoX3VzZXJfaGFzaCI6IjY0MTgzYjNiYWViMTEwMWNmNjk0NGY5N2ZlMmI2NGYyY2Q1ZGM2OTkiLCJfYXV0aF91c2VyX2lkIjoiMiIsIl9hdXRoX3VzZXJfYmFja2VuZCI6ImRqYW5nby5jb250cmliLmF1dGguYmFja2VuZHMuTW9kZWxCYWNrZW5kIn0=	2020-01-02 17:08:37.384936
gwyw1dfqnlgn2ia62ut107thevx8082r	YWMxOWQxYzQzYzkzZjUwOTY4YmY0ZTQ5MDUxOWFhMzBiNzNhZThlZjp7Il9hdXRoX3VzZXJfaWQiOiIyIiwiX2F1dGhfdXNlcl9iYWNrZW5kIjoiZGphbmdvLmNvbnRyaWIuYXV0aC5iYWNrZW5kcy5Nb2RlbEJhY2tlbmQiLCJfYXV0aF91c2VyX2hhc2giOiI3NDEzOWI5NjVhNjgzMjU4NTkzNTNhM2EyODUyNjY3MDM4OGNjZjQ1In0=	2018-06-06 19:23:24.505368
gxqy7z60grmik5476m3e0ikdyioznlj8	N2Q3NzdhNDVjMzhhNWM0OTU3Y2MxNjJmZjlkNGFkOTEyNmM5NzQ5MTp7Il9hdXRoX3VzZXJfYmFja2VuZCI6ImRqYW5nby5jb250cmliLmF1dGguYmFja2VuZHMuTW9kZWxCYWNrZW5kIiwiX2F1dGhfdXNlcl9oYXNoIjoiNjQxODNiM2JhZWIxMTAxY2Y2OTQ0Zjk3ZmUyYjY0ZjJjZDVkYzY5OSIsIl9hdXRoX3VzZXJfaWQiOiIyIn0=	2019-06-24 17:08:08.379944
gxxvlzquywf112p21mdi1mo96xndqym8	MmFkZDdlZjVmOTZhN2Y1Yjc2MDRjOTlkZjVlYTIyNjg0YjA2NGQ3Yjp7Il9hdXRoX3VzZXJfYmFja2VuZCI6ImRqYW5nby5jb250cmliLmF1dGguYmFja2VuZHMuTW9kZWxCYWNrZW5kIiwiX2F1dGhfdXNlcl9pZCI6IjM0IiwiX2F1dGhfdXNlcl9oYXNoIjoiZDFlNTY5NjhkNzk1YjQzMTRkMjFkZGQ4MDk3N2NmMDIwODE4NGI0OSJ9	2018-11-14 12:48:36.061913
gzejpgf5on29aaktd3324fgbt017v5mv	YWMxOWQxYzQzYzkzZjUwOTY4YmY0ZTQ5MDUxOWFhMzBiNzNhZThlZjp7Il9hdXRoX3VzZXJfaWQiOiIyIiwiX2F1dGhfdXNlcl9iYWNrZW5kIjoiZGphbmdvLmNvbnRyaWIuYXV0aC5iYWNrZW5kcy5Nb2RlbEJhY2tlbmQiLCJfYXV0aF91c2VyX2hhc2giOiI3NDEzOWI5NjVhNjgzMjU4NTkzNTNhM2EyODUyNjY3MDM4OGNjZjQ1In0=	2018-11-21 22:10:29.316238
h1g4xez58mc58lxxwvg5ze6g8ibl1x82	YzAxYzRhZTUyNjkwMjgyNTM4ZjYwYTUzMDM2MDE5ZGMzMTI3NTE2Yjp7Il9hdXRoX3VzZXJfaWQiOiIyIiwiX2F1dGhfdXNlcl9iYWNrZW5kIjoiZGphbmdvLmNvbnRyaWIuYXV0aC5iYWNrZW5kcy5Nb2RlbEJhY2tlbmQiLCJfYXV0aF91c2VyX2hhc2giOiI2NDE4M2IzYmFlYjExMDFjZjY5NDRmOTdmZTJiNjRmMmNkNWRjNjk5In0=	2019-05-09 12:55:21.498809
h2tptq5grrx2b6orhxu39tg8bzromb8l	ODBjOWE1NTRmYmFmMzRhMGQyZGMxYmNkNmMyODE2OGMyNTdjYmI5NTp7Il9hdXRoX3VzZXJfaGFzaCI6IjkzMGU4ZGMxMmYyNTY5N2Q4OTY0MDgxM2QwOTA3YzQ4YWJlMjNkMDEiLCJfYXV0aF91c2VyX2lkIjoiNTkiLCJfYXV0aF91c2VyX2JhY2tlbmQiOiJkamFuZ28uY29udHJpYi5hdXRoLmJhY2tlbmRzLk1vZGVsQmFja2VuZCJ9	2019-01-16 18:02:19.739917
h3m0kgj71erd496pk195xy7tcn9w6psx	OWZjYjg3YzA0NDA5OGYwYWRhYjU3Yjc5ZmI3NTkyODk3NjZjNzUwNDp7Il9hdXRoX3VzZXJfYmFja2VuZCI6ImRqYW5nby5jb250cmliLmF1dGguYmFja2VuZHMuTW9kZWxCYWNrZW5kIiwiX2F1dGhfdXNlcl9pZCI6IjIiLCJfYXV0aF91c2VyX2hhc2giOiI3NDEzOWI5NjVhNjgzMjU4NTkzNTNhM2EyODUyNjY3MDM4OGNjZjQ1In0=	2018-04-15 15:38:17.867
h3vp0af2tv3ezwyafji5d3dqzh87bhgu	MzVmNzJiNjU1NDFjMmIyNTdmOTE5YzUyYjhmZjM0ZDJiYjQxMTUxMjp7Il9hdXRoX3VzZXJfaGFzaCI6Ijg3MDQ1Njk5OWJkY2IxNTVlYjk1OTFmZDFkMDBjZjcxNzUxNmFmOTMiLCJfYXV0aF91c2VyX2lkIjoiMTUiLCJfYXV0aF91c2VyX2JhY2tlbmQiOiJkamFuZ28uY29udHJpYi5hdXRoLmJhY2tlbmRzLk1vZGVsQmFja2VuZCJ9	2019-04-09 14:40:52.725427
h4g5xamn1lu6cu98p64x3gsf10amh01c	OTNkMTUyODJhMWQwN2Q3OTVjOGUyNzE4MzA0ODMyMmM3Mjc1NzA2ODp7Il9hdXRoX3VzZXJfYmFja2VuZCI6ImRqYW5nby5jb250cmliLmF1dGguYmFja2VuZHMuTW9kZWxCYWNrZW5kIiwiX2F1dGhfdXNlcl9pZCI6IjE4IiwiX2F1dGhfdXNlcl9oYXNoIjoiNDA5NmQ4MWQ2MmRkMTM5M2FlMWI4ZjAyOTRmNjA2ZjFmMWMyOWE0MCJ9	2018-04-12 13:33:35.668
h8vqdjmyks7j8grzbgrpxk2jbt2zidgm	ZGUwYjk0NjRkYTYyODlhYjJlNjJlNzU5NzNjNzE0Y2ZkZThjYmIzZDp7Il9hdXRoX3VzZXJfaGFzaCI6IjY0MTgzYjNiYWViMTEwMWNmNjk0NGY5N2ZlMmI2NGYyY2Q1ZGM2OTkiLCJfYXV0aF91c2VyX2lkIjoiMiIsIl9hdXRoX3VzZXJfYmFja2VuZCI6ImRqYW5nby5jb250cmliLmF1dGguYmFja2VuZHMuTW9kZWxCYWNrZW5kIn0=	2019-10-08 23:38:22.21905
h8xn1m3exdd6x1rltzy6gbhutoym2n85	YWMxOWQxYzQzYzkzZjUwOTY4YmY0ZTQ5MDUxOWFhMzBiNzNhZThlZjp7Il9hdXRoX3VzZXJfaWQiOiIyIiwiX2F1dGhfdXNlcl9iYWNrZW5kIjoiZGphbmdvLmNvbnRyaWIuYXV0aC5iYWNrZW5kcy5Nb2RlbEJhY2tlbmQiLCJfYXV0aF91c2VyX2hhc2giOiI3NDEzOWI5NjVhNjgzMjU4NTkzNTNhM2EyODUyNjY3MDM4OGNjZjQ1In0=	2018-05-21 21:26:59.558
h9h00tk8loojn0vhz79eyoezzomeftfe	YWMxOWQxYzQzYzkzZjUwOTY4YmY0ZTQ5MDUxOWFhMzBiNzNhZThlZjp7Il9hdXRoX3VzZXJfaWQiOiIyIiwiX2F1dGhfdXNlcl9iYWNrZW5kIjoiZGphbmdvLmNvbnRyaWIuYXV0aC5iYWNrZW5kcy5Nb2RlbEJhY2tlbmQiLCJfYXV0aF91c2VyX2hhc2giOiI3NDEzOWI5NjVhNjgzMjU4NTkzNTNhM2EyODUyNjY3MDM4OGNjZjQ1In0=	2018-12-17 17:38:17.038189
h9z9ajqu07suvdydttegq4lug5l9r8ij	OGVlNWExNTBiMDdjYWI0OGY4MzNjM2UyMDFmODUzOGYxZDhiZGRkNjp7Il9hdXRoX3VzZXJfYmFja2VuZCI6ImRqYW5nby5jb250cmliLmF1dGguYmFja2VuZHMuTW9kZWxCYWNrZW5kIiwiX2F1dGhfdXNlcl9pZCI6IjIiLCJfYXV0aF91c2VyX2hhc2giOiI2NDE4M2IzYmFlYjExMDFjZjY5NDRmOTdmZTJiNjRmMmNkNWRjNjk5In0=	2019-12-16 03:38:26.338693
hdzxckbs6tz17a787b8f9hubc08vr4yr	NzlhNDY5MWZmYzBkYWRlYjUyY2Y3MjBiZWM3NThmZmJlNzFiODlkYzp7Il9hdXRoX3VzZXJfaWQiOiIyIiwiX2F1dGhfdXNlcl9oYXNoIjoiNjQxODNiM2JhZWIxMTAxY2Y2OTQ0Zjk3ZmUyYjY0ZjJjZDVkYzY5OSIsIl9hdXRoX3VzZXJfYmFja2VuZCI6ImRqYW5nby5jb250cmliLmF1dGguYmFja2VuZHMuTW9kZWxCYWNrZW5kIn0=	2019-07-24 19:17:56.797687
hewueq9b94ihvyf4o8nqzy1hequlwe5h	YWMxOWQxYzQzYzkzZjUwOTY4YmY0ZTQ5MDUxOWFhMzBiNzNhZThlZjp7Il9hdXRoX3VzZXJfaWQiOiIyIiwiX2F1dGhfdXNlcl9iYWNrZW5kIjoiZGphbmdvLmNvbnRyaWIuYXV0aC5iYWNrZW5kcy5Nb2RlbEJhY2tlbmQiLCJfYXV0aF91c2VyX2hhc2giOiI3NDEzOWI5NjVhNjgzMjU4NTkzNTNhM2EyODUyNjY3MDM4OGNjZjQ1In0=	2018-11-27 19:10:14.560588
hhvcnvydb6s50xem0xztz720wf7jn9ng	YzA3OTE4MjViNDBlZmJjMGNkODVkYzAyY2YxYTdjMGNjZjNlY2NhYTp7Il9hdXRoX3VzZXJfYmFja2VuZCI6ImRqYW5nby5jb250cmliLmF1dGguYmFja2VuZHMuTW9kZWxCYWNrZW5kIiwiX2F1dGhfdXNlcl9pZCI6IjYwIiwiX2F1dGhfdXNlcl9oYXNoIjoiN2U5MmUyZDY4ZDdlYzg5ZGIwYTRiMTY4OTU3Y2JmNDg0ODc1MGI5NCJ9	2019-01-10 16:07:25.511473
hidkez0043n3hl3uibykbpqzye1ev2yb	OTVlODlkNGZhYjBlNTBhZmU4Y2NkOWNiYWIzYjkyZDNiYWVmZWY0OTp7Il9hdXRoX3VzZXJfaGFzaCI6Ijc0MTM5Yjk2NWE2ODMyNTg1OTM1M2EzYTI4NTI2NjcwMzg4Y2NmNDUiLCJfYXV0aF91c2VyX2JhY2tlbmQiOiJkamFuZ28uY29udHJpYi5hdXRoLmJhY2tlbmRzLk1vZGVsQmFja2VuZCIsIl9hdXRoX3VzZXJfaWQiOiIyIn0=	2019-01-29 02:47:11.898036
hku4w3bizqihhq1s6ll9ml2gxq6iyymk	ZGUwYjk0NjRkYTYyODlhYjJlNjJlNzU5NzNjNzE0Y2ZkZThjYmIzZDp7Il9hdXRoX3VzZXJfaGFzaCI6IjY0MTgzYjNiYWViMTEwMWNmNjk0NGY5N2ZlMmI2NGYyY2Q1ZGM2OTkiLCJfYXV0aF91c2VyX2lkIjoiMiIsIl9hdXRoX3VzZXJfYmFja2VuZCI6ImRqYW5nby5jb250cmliLmF1dGguYmFja2VuZHMuTW9kZWxCYWNrZW5kIn0=	2019-04-30 18:04:58.995833
hlt6zv1jhapfwavezc8hxjik5roshsx9	NGVkMWViODA2Yzk1YTViOGJjY2M0ZDFiYTdhN2I1ZmYxZjdhOTUxMjp7Il9hdXRoX3VzZXJfaGFzaCI6Ijc0MTM5Yjk2NWE2ODMyNTg1OTM1M2EzYTI4NTI2NjcwMzg4Y2NmNDUiLCJfYXV0aF91c2VyX2lkIjoiMiIsIl9hdXRoX3VzZXJfYmFja2VuZCI6ImRqYW5nby5jb250cmliLmF1dGguYmFja2VuZHMuTW9kZWxCYWNrZW5kIn0=	2019-02-21 02:36:38.053787
hn7fjvbf677ozo54wsqowaq8e41ydvn0	YWMxNDMyN2YwNTQ2ZDk3OGIyNmM1Y2YwY2U1OGNiYjU0MzQzOWQ5Yjp7Il9hdXRoX3VzZXJfYmFja2VuZCI6ImRqYW5nby5jb250cmliLmF1dGguYmFja2VuZHMuTW9kZWxCYWNrZW5kIiwiX2F1dGhfdXNlcl9oYXNoIjoiNzQxMzliOTY1YTY4MzI1ODU5MzUzYTNhMjg1MjY2NzAzODhjY2Y0NSIsIl9hdXRoX3VzZXJfaWQiOiIyIn0=	2019-02-15 13:29:36.574215
hp45h4m6qqwbqwvncadv702dj0o2eyv0	MTIzMjUzZDQwMjc2M2MzOWNjZjg2Mjc3YTE4MjkxZTcxNmJlN2E0MDp7Il9hdXRoX3VzZXJfaGFzaCI6IjY4YjBkMDZjZDE2ZDhmOTM0OWJlMTk3ZTQ5YTkyNmQ5ZjMwMTEwMTQiLCJfYXV0aF91c2VyX2lkIjoiMzQiLCJfYXV0aF91c2VyX2JhY2tlbmQiOiJkamFuZ28uY29udHJpYi5hdXRoLmJhY2tlbmRzLk1vZGVsQmFja2VuZCJ9	2019-05-01 18:50:59.135726
hu2ge2l3yyu3o71j29r21ljj80fkxrsu	N2Q3NzdhNDVjMzhhNWM0OTU3Y2MxNjJmZjlkNGFkOTEyNmM5NzQ5MTp7Il9hdXRoX3VzZXJfYmFja2VuZCI6ImRqYW5nby5jb250cmliLmF1dGguYmFja2VuZHMuTW9kZWxCYWNrZW5kIiwiX2F1dGhfdXNlcl9oYXNoIjoiNjQxODNiM2JhZWIxMTAxY2Y2OTQ0Zjk3ZmUyYjY0ZjJjZDVkYzY5OSIsIl9hdXRoX3VzZXJfaWQiOiIyIn0=	2019-07-10 20:02:42.618113
hvoq4y7v7kwxny1dgdtexm71oisgequ2	NzlhNDY5MWZmYzBkYWRlYjUyY2Y3MjBiZWM3NThmZmJlNzFiODlkYzp7Il9hdXRoX3VzZXJfaWQiOiIyIiwiX2F1dGhfdXNlcl9oYXNoIjoiNjQxODNiM2JhZWIxMTAxY2Y2OTQ0Zjk3ZmUyYjY0ZjJjZDVkYzY5OSIsIl9hdXRoX3VzZXJfYmFja2VuZCI6ImRqYW5nby5jb250cmliLmF1dGguYmFja2VuZHMuTW9kZWxCYWNrZW5kIn0=	2019-09-25 17:40:11.334209
hw5z2zmdhqb5rs9y0hvnymx0xvs9biae	ZDYxNjM2ZDI1NjAwNGZlNDA1MzUzMzhhNjhiM2E3YTViMjcxMzQyZDp7Il9hdXRoX3VzZXJfaWQiOiIxOCIsIl9hdXRoX3VzZXJfYmFja2VuZCI6ImRqYW5nby5jb250cmliLmF1dGguYmFja2VuZHMuTW9kZWxCYWNrZW5kIiwiX2F1dGhfdXNlcl9oYXNoIjoiY2YyYzBkMWQyNzQ1NDdhMjJmMDRiNjlmMmM1NjAwMDBiZTQ1YmQ2MSJ9	2019-05-02 03:21:57.745334
hytxq7dntp1j6alykzntee6cbdk4irnk	MWYxNGMzNDIwNmJjMjJlZDMxOGQ5ZGJmYTI1ODhkNWM2MTc3MGM0MTp7Il9hdXRoX3VzZXJfaGFzaCI6IjZhOGRmZDA5ZDBhNDAwNzc5ODhiYmMzZGEyMDk3YjEzZGNmN2NkM2MiLCJfYXV0aF91c2VyX2lkIjoiOSIsIl9hdXRoX3VzZXJfYmFja2VuZCI6ImRqYW5nby5jb250cmliLmF1dGguYmFja2VuZHMuTW9kZWxCYWNrZW5kIn0=	2018-03-28 14:07:13.437
i0buzyr8rczdaf8ew378gqxc4xeq4e6z	NzlhNDY5MWZmYzBkYWRlYjUyY2Y3MjBiZWM3NThmZmJlNzFiODlkYzp7Il9hdXRoX3VzZXJfaWQiOiIyIiwiX2F1dGhfdXNlcl9oYXNoIjoiNjQxODNiM2JhZWIxMTAxY2Y2OTQ0Zjk3ZmUyYjY0ZjJjZDVkYzY5OSIsIl9hdXRoX3VzZXJfYmFja2VuZCI6ImRqYW5nby5jb250cmliLmF1dGguYmFja2VuZHMuTW9kZWxCYWNrZW5kIn0=	2019-07-03 15:47:51.951053
i3d6cwou2568gyhxew75tx8yn88pc6ln	NzlhNDY5MWZmYzBkYWRlYjUyY2Y3MjBiZWM3NThmZmJlNzFiODlkYzp7Il9hdXRoX3VzZXJfaWQiOiIyIiwiX2F1dGhfdXNlcl9oYXNoIjoiNjQxODNiM2JhZWIxMTAxY2Y2OTQ0Zjk3ZmUyYjY0ZjJjZDVkYzY5OSIsIl9hdXRoX3VzZXJfYmFja2VuZCI6ImRqYW5nby5jb250cmliLmF1dGguYmFja2VuZHMuTW9kZWxCYWNrZW5kIn0=	2019-06-12 21:03:02.404451
i7r0hdrtllwuglmbstqe3ie99ts6z5w3	OWZjYjg3YzA0NDA5OGYwYWRhYjU3Yjc5ZmI3NTkyODk3NjZjNzUwNDp7Il9hdXRoX3VzZXJfYmFja2VuZCI6ImRqYW5nby5jb250cmliLmF1dGguYmFja2VuZHMuTW9kZWxCYWNrZW5kIiwiX2F1dGhfdXNlcl9pZCI6IjIiLCJfYXV0aF91c2VyX2hhc2giOiI3NDEzOWI5NjVhNjgzMjU4NTkzNTNhM2EyODUyNjY3MDM4OGNjZjQ1In0=	2019-01-10 13:58:40.911584
i8cnx7oc7x5ub5uju3i92lyr3i0avabg	ODRmNGVjNzhkYWQ3MDVjOGU3MjFkMzVkZTJiN2Y5ZGNjYWQ4OTFiZTp7Il9hdXRoX3VzZXJfaGFzaCI6Ijg3MDQ1Njk5OWJkY2IxNTVlYjk1OTFmZDFkMDBjZjcxNzUxNmFmOTMiLCJfYXV0aF91c2VyX2JhY2tlbmQiOiJkamFuZ28uY29udHJpYi5hdXRoLmJhY2tlbmRzLk1vZGVsQmFja2VuZCIsIl9hdXRoX3VzZXJfaWQiOiIxNSJ9	2019-04-18 23:03:12.262276
ibd3gntp0vvo5nvkshh126772rt16sp3	ZTQ2MTRjN2Q0OWY3YzI1MmVlODJiZmE2MmNkODdmNTRiNTNkNjdiNDp7Il9hdXRoX3VzZXJfYmFja2VuZCI6ImRqYW5nby5jb250cmliLmF1dGguYmFja2VuZHMuTW9kZWxCYWNrZW5kIiwiX2F1dGhfdXNlcl9oYXNoIjoiY2YyYzBkMWQyNzQ1NDdhMjJmMDRiNjlmMmM1NjAwMDBiZTQ1YmQ2MSIsIl9hdXRoX3VzZXJfaWQiOiIxOCJ9	2019-05-23 01:36:54.347013
ic4kxpxpuekclmf6zpb6wmah05vvpjs4	MzVmNTJkMjM5OTRhMjNhZTc5Nzk4ODY1YTQ2YzRlOGIzYmI5MjIwYTp7Il9hdXRoX3VzZXJfaWQiOiI0MyIsIl9hdXRoX3VzZXJfYmFja2VuZCI6ImRqYW5nby5jb250cmliLmF1dGguYmFja2VuZHMuTW9kZWxCYWNrZW5kIiwiX2F1dGhfdXNlcl9oYXNoIjoiYzVmOTQwNTBkN2Y5Y2NmODMyMjgzYjBlZTdhYjkwMjM2OGM1NmZhZiJ9	2019-07-16 16:49:50.51293
idvh1w6xte7j4xmpn1riz1t61ro02vnc	ZmY4MzQ4N2E4ZTk2NGYxY2JlY2RiZGJiZGM5N2I3OWYxZWE0MjM0ZTp7Il9hdXRoX3VzZXJfaGFzaCI6IjUxNjM1NTkyNTViNmYzOTlkMDI1MDQzZGQ4MzY1NjA1NWY1OTg3YjAiLCJfYXV0aF91c2VyX2JhY2tlbmQiOiJkamFuZ28uY29udHJpYi5hdXRoLmJhY2tlbmRzLk1vZGVsQmFja2VuZCIsIl9hdXRoX3VzZXJfaWQiOiIxMiJ9	2018-04-25 02:47:10.624891
igs967l7qfcvtgtl71r5rvj4tdjsy5q2	MWFlNDc0MTc5YWVjMTUzOGUzOTBkYmE3YjI5ZWFhMWRlMWJjOWExMTp7Il9hdXRoX3VzZXJfaGFzaCI6IjY0MTgzYjNiYWViMTEwMWNmNjk0NGY5N2ZlMmI2NGYyY2Q1ZGM2OTkiLCJfYXV0aF91c2VyX2JhY2tlbmQiOiJkamFuZ28uY29udHJpYi5hdXRoLmJhY2tlbmRzLk1vZGVsQmFja2VuZCIsIl9hdXRoX3VzZXJfaWQiOiIyIn0=	2019-05-04 22:31:03.629309
iikw3vcuge3tpyoowi59sjicovjq9smp	OTVlODlkNGZhYjBlNTBhZmU4Y2NkOWNiYWIzYjkyZDNiYWVmZWY0OTp7Il9hdXRoX3VzZXJfaGFzaCI6Ijc0MTM5Yjk2NWE2ODMyNTg1OTM1M2EzYTI4NTI2NjcwMzg4Y2NmNDUiLCJfYXV0aF91c2VyX2JhY2tlbmQiOiJkamFuZ28uY29udHJpYi5hdXRoLmJhY2tlbmRzLk1vZGVsQmFja2VuZCIsIl9hdXRoX3VzZXJfaWQiOiIyIn0=	2018-05-16 21:14:09.462487
iiw0lmuj9rnnjwibj0nhxqy2zyevx60m	OTkxN2QzYTIwNjE4MzY0NmFlNDZjY2NlOTcyZDUwZmQ4YjRkNDk3Zjp7Il9hdXRoX3VzZXJfYmFja2VuZCI6ImRqYW5nby5jb250cmliLmF1dGguYmFja2VuZHMuTW9kZWxCYWNrZW5kIiwiX2F1dGhfdXNlcl9pZCI6IjQzIiwiX2F1dGhfdXNlcl9oYXNoIjoiYzVmOTQwNTBkN2Y5Y2NmODMyMjgzYjBlZTdhYjkwMjM2OGM1NmZhZiJ9	2019-05-22 18:41:42.210449
ikm82vyhatbe582zq6pfcfzzga0kxfv4	N2Q3NzdhNDVjMzhhNWM0OTU3Y2MxNjJmZjlkNGFkOTEyNmM5NzQ5MTp7Il9hdXRoX3VzZXJfYmFja2VuZCI6ImRqYW5nby5jb250cmliLmF1dGguYmFja2VuZHMuTW9kZWxCYWNrZW5kIiwiX2F1dGhfdXNlcl9oYXNoIjoiNjQxODNiM2JhZWIxMTAxY2Y2OTQ0Zjk3ZmUyYjY0ZjJjZDVkYzY5OSIsIl9hdXRoX3VzZXJfaWQiOiIyIn0=	2019-07-10 15:52:30.33948
imllf364htffo2bg6ax2dxzxn5ogsnw4	ZGUwYjk0NjRkYTYyODlhYjJlNjJlNzU5NzNjNzE0Y2ZkZThjYmIzZDp7Il9hdXRoX3VzZXJfaGFzaCI6IjY0MTgzYjNiYWViMTEwMWNmNjk0NGY5N2ZlMmI2NGYyY2Q1ZGM2OTkiLCJfYXV0aF91c2VyX2lkIjoiMiIsIl9hdXRoX3VzZXJfYmFja2VuZCI6ImRqYW5nby5jb250cmliLmF1dGguYmFja2VuZHMuTW9kZWxCYWNrZW5kIn0=	2019-03-28 23:10:49.372638
imszt0t9gbig54yrcnv3vyksk3jp8gqp	N2Q3NzdhNDVjMzhhNWM0OTU3Y2MxNjJmZjlkNGFkOTEyNmM5NzQ5MTp7Il9hdXRoX3VzZXJfYmFja2VuZCI6ImRqYW5nby5jb250cmliLmF1dGguYmFja2VuZHMuTW9kZWxCYWNrZW5kIiwiX2F1dGhfdXNlcl9oYXNoIjoiNjQxODNiM2JhZWIxMTAxY2Y2OTQ0Zjk3ZmUyYjY0ZjJjZDVkYzY5OSIsIl9hdXRoX3VzZXJfaWQiOiIyIn0=	2019-09-11 20:07:22.33988
ivmo6mutnj3k0uzz0gi5xnagxyxlj4ik	M2MzZDdiOWI5Zjg2ZTQ0YjgwZDc0ZDUwMmJjMzFlMjdlNTczZTVmNzp7Il9hdXRoX3VzZXJfaGFzaCI6Ijk5NDU1Njk3MjY3NTBiYjYzZDE1OGY2MDk2ZmVjOGFlY2I2ZWQ1ZjMiLCJfYXV0aF91c2VyX2JhY2tlbmQiOiJkamFuZ28uY29udHJpYi5hdXRoLmJhY2tlbmRzLk1vZGVsQmFja2VuZCIsIl9hdXRoX3VzZXJfaWQiOiI0NyJ9	2018-09-07 15:15:35.172301
j0opd3p32icrnxfsmqec6phc4tsibste	OTVlODlkNGZhYjBlNTBhZmU4Y2NkOWNiYWIzYjkyZDNiYWVmZWY0OTp7Il9hdXRoX3VzZXJfaGFzaCI6Ijc0MTM5Yjk2NWE2ODMyNTg1OTM1M2EzYTI4NTI2NjcwMzg4Y2NmNDUiLCJfYXV0aF91c2VyX2JhY2tlbmQiOiJkamFuZ28uY29udHJpYi5hdXRoLmJhY2tlbmRzLk1vZGVsQmFja2VuZCIsIl9hdXRoX3VzZXJfaWQiOiIyIn0=	2018-05-04 16:04:15.918765
j5d1m24ldrdsmtje9hfrjohei8gzy1to	NWUxNmFiMjcyNmNiNGQzNDQzMDE5MDcwMzFjNzEzMzQ2MDdmODg1Mzp7Il9hdXRoX3VzZXJfaWQiOiIzNCIsIl9hdXRoX3VzZXJfYmFja2VuZCI6ImRqYW5nby5jb250cmliLmF1dGguYmFja2VuZHMuTW9kZWxCYWNrZW5kIiwiX2F1dGhfdXNlcl9oYXNoIjoiZDFlNTY5NjhkNzk1YjQzMTRkMjFkZGQ4MDk3N2NmMDIwODE4NGI0OSJ9	2018-10-31 12:12:43.160069
j6vbej1p4cqtrbpv07ctqfetlyc3xd28	N2Q3NzdhNDVjMzhhNWM0OTU3Y2MxNjJmZjlkNGFkOTEyNmM5NzQ5MTp7Il9hdXRoX3VzZXJfYmFja2VuZCI6ImRqYW5nby5jb250cmliLmF1dGguYmFja2VuZHMuTW9kZWxCYWNrZW5kIiwiX2F1dGhfdXNlcl9oYXNoIjoiNjQxODNiM2JhZWIxMTAxY2Y2OTQ0Zjk3ZmUyYjY0ZjJjZDVkYzY5OSIsIl9hdXRoX3VzZXJfaWQiOiIyIn0=	2019-05-29 16:20:03.286887
j72zgy3g4ww7yaa36mq2i4dus94qiarb	MTVkOTYyYTg5Mjg3MjI4ZWI1N2FlOWU4MTViMTRmM2U0YjEzZDQ5Mjp7Il9hdXRoX3VzZXJfaWQiOiIxOCIsIl9hdXRoX3VzZXJfYmFja2VuZCI6ImRqYW5nby5jb250cmliLmF1dGguYmFja2VuZHMuTW9kZWxCYWNrZW5kIiwiX2F1dGhfdXNlcl9oYXNoIjoiZWMxMDk0ZmUyMTk0MjY1ZjJhOTIzMDE1NTY0NDg0YWRkYWE1YzdmYSJ9	2018-11-21 20:25:42.616999
j7o98va23p9y14qmy0b5i4fyv4cxn0ov	MzU4NzQ1M2RjZWM1YTBmODIwY2ViNTA0MGI0MWI3NDNjODA2ZDdiNjp7Il9hdXRoX3VzZXJfYmFja2VuZCI6ImRqYW5nby5jb250cmliLmF1dGguYmFja2VuZHMuTW9kZWxCYWNrZW5kIiwiX2F1dGhfdXNlcl9pZCI6IjQ4IiwiX2F1dGhfdXNlcl9oYXNoIjoiYTY4MGVhMzIzZjkwNGY3NzQ0MjIxYTMwYjFkMjVmOWFmNDBiYTdjNiJ9	2018-12-19 18:35:26.196712
j7zoqnmc8leud2wbxg6cmcsxaomvyl73	MDhiZTliZmQyNTEwMTZlY2JjZjE2NjljMWRkNTM1NzhkNzEzNzlkMjp7Il9hdXRoX3VzZXJfYmFja2VuZCI6ImRqYW5nby5jb250cmliLmF1dGguYmFja2VuZHMuTW9kZWxCYWNrZW5kIiwiX2F1dGhfdXNlcl9pZCI6IjMiLCJfYXV0aF91c2VyX2hhc2giOiI0MDM3ODAyMWRkZGFlYmE3NzI1ODhmNWNmNmQxNDA2ZTkzZDNmZTE1In0=	2018-05-09 15:56:03.907958
j9bt66nuzteltm0ti7v16g5gahhg64pc	YWMxNDMyN2YwNTQ2ZDk3OGIyNmM1Y2YwY2U1OGNiYjU0MzQzOWQ5Yjp7Il9hdXRoX3VzZXJfYmFja2VuZCI6ImRqYW5nby5jb250cmliLmF1dGguYmFja2VuZHMuTW9kZWxCYWNrZW5kIiwiX2F1dGhfdXNlcl9oYXNoIjoiNzQxMzliOTY1YTY4MzI1ODU5MzUzYTNhMjg1MjY2NzAzODhjY2Y0NSIsIl9hdXRoX3VzZXJfaWQiOiIyIn0=	2018-05-04 02:16:09.684737
jcbuh75xl8cb0k8bc15xy47qd0sexkr2	ZDE5MDM2ZWQxNjlhY2E0YjdiN2UzMzM4N2JhMTBhMGNiM2E2MGUzYjp7Il9hdXRoX3VzZXJfaGFzaCI6ImVjMTA5NGZlMjE5NDI2NWYyYTkyMzAxNTU2NDQ4NGFkZGFhNWM3ZmEiLCJfYXV0aF91c2VyX2JhY2tlbmQiOiJkamFuZ28uY29udHJpYi5hdXRoLmJhY2tlbmRzLk1vZGVsQmFja2VuZCIsIl9hdXRoX3VzZXJfaWQiOiIxOCJ9	2018-11-30 15:24:33.844382
jdivyhytf56yiz13651tpbrb1b91qjgk	OWZjYjg3YzA0NDA5OGYwYWRhYjU3Yjc5ZmI3NTkyODk3NjZjNzUwNDp7Il9hdXRoX3VzZXJfYmFja2VuZCI6ImRqYW5nby5jb250cmliLmF1dGguYmFja2VuZHMuTW9kZWxCYWNrZW5kIiwiX2F1dGhfdXNlcl9pZCI6IjIiLCJfYXV0aF91c2VyX2hhc2giOiI3NDEzOWI5NjVhNjgzMjU4NTkzNTNhM2EyODUyNjY3MDM4OGNjZjQ1In0=	2018-05-02 21:55:46.233386
jkzwa71xij6llw6j5ba5u6zlo69ctgg3	NGVkMWViODA2Yzk1YTViOGJjY2M0ZDFiYTdhN2I1ZmYxZjdhOTUxMjp7Il9hdXRoX3VzZXJfaGFzaCI6Ijc0MTM5Yjk2NWE2ODMyNTg1OTM1M2EzYTI4NTI2NjcwMzg4Y2NmNDUiLCJfYXV0aF91c2VyX2lkIjoiMiIsIl9hdXRoX3VzZXJfYmFja2VuZCI6ImRqYW5nby5jb250cmliLmF1dGguYmFja2VuZHMuTW9kZWxCYWNrZW5kIn0=	2018-11-29 19:02:58.524201
jl4j5r77job519w1z1osxytsrcfz6fns	YWMxOWQxYzQzYzkzZjUwOTY4YmY0ZTQ5MDUxOWFhMzBiNzNhZThlZjp7Il9hdXRoX3VzZXJfaWQiOiIyIiwiX2F1dGhfdXNlcl9iYWNrZW5kIjoiZGphbmdvLmNvbnRyaWIuYXV0aC5iYWNrZW5kcy5Nb2RlbEJhY2tlbmQiLCJfYXV0aF91c2VyX2hhc2giOiI3NDEzOWI5NjVhNjgzMjU4NTkzNTNhM2EyODUyNjY3MDM4OGNjZjQ1In0=	2018-05-23 01:18:53.398734
jp0vf0k5zps5j4e959cgywv008fwj11x	YWMxNDMyN2YwNTQ2ZDk3OGIyNmM1Y2YwY2U1OGNiYjU0MzQzOWQ5Yjp7Il9hdXRoX3VzZXJfYmFja2VuZCI6ImRqYW5nby5jb250cmliLmF1dGguYmFja2VuZHMuTW9kZWxCYWNrZW5kIiwiX2F1dGhfdXNlcl9oYXNoIjoiNzQxMzliOTY1YTY4MzI1ODU5MzUzYTNhMjg1MjY2NzAzODhjY2Y0NSIsIl9hdXRoX3VzZXJfaWQiOiIyIn0=	2019-01-27 16:52:01.000394
jp39zpodc32bt06lvfagjd3i7q81d2se	N2NkNzAwMGNmMjJlNjdkNmQ4OWI3OGYzODkwMzNkYWNmZjkxYWQyNjp7Il9hdXRoX3VzZXJfaGFzaCI6IjQwMzc4MDIxZGRkYWViYTc3MjU4OGY1Y2Y2ZDE0MDZlOTNkM2ZlMTUiLCJfYXV0aF91c2VyX2JhY2tlbmQiOiJkamFuZ28uY29udHJpYi5hdXRoLmJhY2tlbmRzLk1vZGVsQmFja2VuZCIsIl9hdXRoX3VzZXJfaWQiOiI2In0=	2018-03-13 20:21:57.09
jpsgc3gy41y19jarfp82v8ndz9actu9f	NmJiZmVlYzVkYzZkNmJiMTc2MDhiYmNhYjRhM2UwY2NkNGRmNzkyZDp7Il9hdXRoX3VzZXJfaWQiOiIyIiwiX2F1dGhfdXNlcl9oYXNoIjoiNzQxMzliOTY1YTY4MzI1ODU5MzUzYTNhMjg1MjY2NzAzODhjY2Y0NSIsIl9hdXRoX3VzZXJfYmFja2VuZCI6ImRqYW5nby5jb250cmliLmF1dGguYmFja2VuZHMuTW9kZWxCYWNrZW5kIn0=	2018-10-23 18:06:18.260146
jptq7jk2y3uu2xalnj7n0t5z9ssbx3s8	OWZjYjg3YzA0NDA5OGYwYWRhYjU3Yjc5ZmI3NTkyODk3NjZjNzUwNDp7Il9hdXRoX3VzZXJfYmFja2VuZCI6ImRqYW5nby5jb250cmliLmF1dGguYmFja2VuZHMuTW9kZWxCYWNrZW5kIiwiX2F1dGhfdXNlcl9pZCI6IjIiLCJfYXV0aF91c2VyX2hhc2giOiI3NDEzOWI5NjVhNjgzMjU4NTkzNTNhM2EyODUyNjY3MDM4OGNjZjQ1In0=	2019-01-27 15:49:39.328229
jsfiudhazcymow7rs5u7fduur6g9cvxm	OTVlODlkNGZhYjBlNTBhZmU4Y2NkOWNiYWIzYjkyZDNiYWVmZWY0OTp7Il9hdXRoX3VzZXJfaGFzaCI6Ijc0MTM5Yjk2NWE2ODMyNTg1OTM1M2EzYTI4NTI2NjcwMzg4Y2NmNDUiLCJfYXV0aF91c2VyX2JhY2tlbmQiOiJkamFuZ28uY29udHJpYi5hdXRoLmJhY2tlbmRzLk1vZGVsQmFja2VuZCIsIl9hdXRoX3VzZXJfaWQiOiIyIn0=	2018-04-10 16:11:50.938
jtxqos1zv5b7m20ley1nyybh9itsiqge	N2Q3NzdhNDVjMzhhNWM0OTU3Y2MxNjJmZjlkNGFkOTEyNmM5NzQ5MTp7Il9hdXRoX3VzZXJfYmFja2VuZCI6ImRqYW5nby5jb250cmliLmF1dGguYmFja2VuZHMuTW9kZWxCYWNrZW5kIiwiX2F1dGhfdXNlcl9oYXNoIjoiNjQxODNiM2JhZWIxMTAxY2Y2OTQ0Zjk3ZmUyYjY0ZjJjZDVkYzY5OSIsIl9hdXRoX3VzZXJfaWQiOiIyIn0=	2019-09-18 22:25:42.278326
jv1lfsdtutjt8zyanlxucfh10g8yljlv	NzlhNDY5MWZmYzBkYWRlYjUyY2Y3MjBiZWM3NThmZmJlNzFiODlkYzp7Il9hdXRoX3VzZXJfaWQiOiIyIiwiX2F1dGhfdXNlcl9oYXNoIjoiNjQxODNiM2JhZWIxMTAxY2Y2OTQ0Zjk3ZmUyYjY0ZjJjZDVkYzY5OSIsIl9hdXRoX3VzZXJfYmFja2VuZCI6ImRqYW5nby5jb250cmliLmF1dGguYmFja2VuZHMuTW9kZWxCYWNrZW5kIn0=	2020-01-03 18:12:48.592102
jwz84m6pl5anig0t2f1z3x6avclgr5cc	OWZjYjg3YzA0NDA5OGYwYWRhYjU3Yjc5ZmI3NTkyODk3NjZjNzUwNDp7Il9hdXRoX3VzZXJfYmFja2VuZCI6ImRqYW5nby5jb250cmliLmF1dGguYmFja2VuZHMuTW9kZWxCYWNrZW5kIiwiX2F1dGhfdXNlcl9pZCI6IjIiLCJfYXV0aF91c2VyX2hhc2giOiI3NDEzOWI5NjVhNjgzMjU4NTkzNTNhM2EyODUyNjY3MDM4OGNjZjQ1In0=	2018-09-27 18:13:51.78602
jxlafditte45945aiajllez720wp88zx	NGVkMWViODA2Yzk1YTViOGJjY2M0ZDFiYTdhN2I1ZmYxZjdhOTUxMjp7Il9hdXRoX3VzZXJfaGFzaCI6Ijc0MTM5Yjk2NWE2ODMyNTg1OTM1M2EzYTI4NTI2NjcwMzg4Y2NmNDUiLCJfYXV0aF91c2VyX2lkIjoiMiIsIl9hdXRoX3VzZXJfYmFja2VuZCI6ImRqYW5nby5jb250cmliLmF1dGguYmFja2VuZHMuTW9kZWxCYWNrZW5kIn0=	2019-01-27 02:18:16.569076
jy9y1bja95u5hm373f4dk066njbbim5g	MWFlNDc0MTc5YWVjMTUzOGUzOTBkYmE3YjI5ZWFhMWRlMWJjOWExMTp7Il9hdXRoX3VzZXJfaGFzaCI6IjY0MTgzYjNiYWViMTEwMWNmNjk0NGY5N2ZlMmI2NGYyY2Q1ZGM2OTkiLCJfYXV0aF91c2VyX2JhY2tlbmQiOiJkamFuZ28uY29udHJpYi5hdXRoLmJhY2tlbmRzLk1vZGVsQmFja2VuZCIsIl9hdXRoX3VzZXJfaWQiOiIyIn0=	2019-12-01 14:39:53.114111
jzi1rza852x9yma2157om7i1pfawh3bm	MWFlNDc0MTc5YWVjMTUzOGUzOTBkYmE3YjI5ZWFhMWRlMWJjOWExMTp7Il9hdXRoX3VzZXJfaGFzaCI6IjY0MTgzYjNiYWViMTEwMWNmNjk0NGY5N2ZlMmI2NGYyY2Q1ZGM2OTkiLCJfYXV0aF91c2VyX2JhY2tlbmQiOiJkamFuZ28uY29udHJpYi5hdXRoLmJhY2tlbmRzLk1vZGVsQmFja2VuZCIsIl9hdXRoX3VzZXJfaWQiOiIyIn0=	2019-10-12 01:11:14.397465
k06aszxpnp2wsh5b8h6hrjn14ozx0qni	YWMxOWQxYzQzYzkzZjUwOTY4YmY0ZTQ5MDUxOWFhMzBiNzNhZThlZjp7Il9hdXRoX3VzZXJfaWQiOiIyIiwiX2F1dGhfdXNlcl9iYWNrZW5kIjoiZGphbmdvLmNvbnRyaWIuYXV0aC5iYWNrZW5kcy5Nb2RlbEJhY2tlbmQiLCJfYXV0aF91c2VyX2hhc2giOiI3NDEzOWI5NjVhNjgzMjU4NTkzNTNhM2EyODUyNjY3MDM4OGNjZjQ1In0=	2018-06-26 01:40:41.091036
k2cmb5p5zdg7k5mea12fdd4e2rdjtfqv	NmJiZmVlYzVkYzZkNmJiMTc2MDhiYmNhYjRhM2UwY2NkNGRmNzkyZDp7Il9hdXRoX3VzZXJfaWQiOiIyIiwiX2F1dGhfdXNlcl9oYXNoIjoiNzQxMzliOTY1YTY4MzI1ODU5MzUzYTNhMjg1MjY2NzAzODhjY2Y0NSIsIl9hdXRoX3VzZXJfYmFja2VuZCI6ImRqYW5nby5jb250cmliLmF1dGguYmFja2VuZHMuTW9kZWxCYWNrZW5kIn0=	2018-11-12 01:04:49.606067
k2xt9b32d6tmstxiph7h4gqr83wl656x	ZGUwYjk0NjRkYTYyODlhYjJlNjJlNzU5NzNjNzE0Y2ZkZThjYmIzZDp7Il9hdXRoX3VzZXJfaGFzaCI6IjY0MTgzYjNiYWViMTEwMWNmNjk0NGY5N2ZlMmI2NGYyY2Q1ZGM2OTkiLCJfYXV0aF91c2VyX2lkIjoiMiIsIl9hdXRoX3VzZXJfYmFja2VuZCI6ImRqYW5nby5jb250cmliLmF1dGguYmFja2VuZHMuTW9kZWxCYWNrZW5kIn0=	2019-11-06 21:16:21.378144
k3l7f7v51g3a81wyfc7v7muz73xjdkvg	YWMxNDMyN2YwNTQ2ZDk3OGIyNmM1Y2YwY2U1OGNiYjU0MzQzOWQ5Yjp7Il9hdXRoX3VzZXJfYmFja2VuZCI6ImRqYW5nby5jb250cmliLmF1dGguYmFja2VuZHMuTW9kZWxCYWNrZW5kIiwiX2F1dGhfdXNlcl9oYXNoIjoiNzQxMzliOTY1YTY4MzI1ODU5MzUzYTNhMjg1MjY2NzAzODhjY2Y0NSIsIl9hdXRoX3VzZXJfaWQiOiIyIn0=	2018-09-18 18:13:52.477124
k6vvh63x8dl2wzkchv77qp2006d1s34e	OWZjYjg3YzA0NDA5OGYwYWRhYjU3Yjc5ZmI3NTkyODk3NjZjNzUwNDp7Il9hdXRoX3VzZXJfYmFja2VuZCI6ImRqYW5nby5jb250cmliLmF1dGguYmFja2VuZHMuTW9kZWxCYWNrZW5kIiwiX2F1dGhfdXNlcl9pZCI6IjIiLCJfYXV0aF91c2VyX2hhc2giOiI3NDEzOWI5NjVhNjgzMjU4NTkzNTNhM2EyODUyNjY3MDM4OGNjZjQ1In0=	2018-08-09 00:33:54.222004
k7ul6i11mv7qx6496mo7s0tjhalwyyfn	MjU0Njc0OTk1ODU5MTcwOThhZWViNDg2YThhM2JiOTlhNmRlY2JjYTp7Il9hdXRoX3VzZXJfaGFzaCI6ImE4OGUxMGQ1MDE4OGQxYTkxOTZiYzFkYmE5Yjg5NGI4NDc1YjFlNWYiLCJfYXV0aF91c2VyX2JhY2tlbmQiOiJkamFuZ28uY29udHJpYi5hdXRoLmJhY2tlbmRzLk1vZGVsQmFja2VuZCIsIl9hdXRoX3VzZXJfaWQiOiIxMiJ9	2018-04-10 11:38:46.447
kbnkht04szyc2q00qnhet0jgf9dpz0yq	NjhlNzI1NDdlMjlmNDI0YTk1MDhlYmU5YzM2MzRkMjlmNjM3Mzk5MTp7Il9hdXRoX3VzZXJfaWQiOiI0OCIsIl9hdXRoX3VzZXJfYmFja2VuZCI6ImRqYW5nby5jb250cmliLmF1dGguYmFja2VuZHMuTW9kZWxCYWNrZW5kIiwiX2F1dGhfdXNlcl9oYXNoIjoiYTY4MGVhMzIzZjkwNGY3NzQ0MjIxYTMwYjFkMjVmOWFmNDBiYTdjNiJ9	2018-10-11 20:18:55.303014
kex10viviyxywd629tnc97uev5foh86x	OTVlODlkNGZhYjBlNTBhZmU4Y2NkOWNiYWIzYjkyZDNiYWVmZWY0OTp7Il9hdXRoX3VzZXJfaGFzaCI6Ijc0MTM5Yjk2NWE2ODMyNTg1OTM1M2EzYTI4NTI2NjcwMzg4Y2NmNDUiLCJfYXV0aF91c2VyX2JhY2tlbmQiOiJkamFuZ28uY29udHJpYi5hdXRoLmJhY2tlbmRzLk1vZGVsQmFja2VuZCIsIl9hdXRoX3VzZXJfaWQiOiIyIn0=	2019-01-27 14:47:45.329763
kgmgvv4nehglmq79e12wezw6dyor2wk7	OGVlNWExNTBiMDdjYWI0OGY4MzNjM2UyMDFmODUzOGYxZDhiZGRkNjp7Il9hdXRoX3VzZXJfYmFja2VuZCI6ImRqYW5nby5jb250cmliLmF1dGguYmFja2VuZHMuTW9kZWxCYWNrZW5kIiwiX2F1dGhfdXNlcl9pZCI6IjIiLCJfYXV0aF91c2VyX2hhc2giOiI2NDE4M2IzYmFlYjExMDFjZjY5NDRmOTdmZTJiNjRmMmNkNWRjNjk5In0=	2019-06-05 15:02:12.449932
khq5lqwhvn0oe7ikv0mas10j2asamq2j	OTVlODlkNGZhYjBlNTBhZmU4Y2NkOWNiYWIzYjkyZDNiYWVmZWY0OTp7Il9hdXRoX3VzZXJfaGFzaCI6Ijc0MTM5Yjk2NWE2ODMyNTg1OTM1M2EzYTI4NTI2NjcwMzg4Y2NmNDUiLCJfYXV0aF91c2VyX2JhY2tlbmQiOiJkamFuZ28uY29udHJpYi5hdXRoLmJhY2tlbmRzLk1vZGVsQmFja2VuZCIsIl9hdXRoX3VzZXJfaWQiOiIyIn0=	2019-01-31 19:05:40.510243
klhomp83uhj5xbvk2l7r1pz5jjgqe5x7	ZjY3M2U2OGUzNjFlMDc3ZDIzY2NmYjI2ZGIxMGMxZmM3Y2RiZTU4Njp7Il9hdXRoX3VzZXJfaWQiOiIzNiIsIl9hdXRoX3VzZXJfYmFja2VuZCI6ImRqYW5nby5jb250cmliLmF1dGguYmFja2VuZHMuTW9kZWxCYWNrZW5kIiwiX2F1dGhfdXNlcl9oYXNoIjoiOTdlMWIzMzliMjlmMDZhM2Q5MjE0ZTNmNjMwMjc2MTAxYjg1YzdjNyJ9	2018-06-13 14:33:28.656807
kuygm3f85z934idelcocislpfyj31sqp	OWZjYjg3YzA0NDA5OGYwYWRhYjU3Yjc5ZmI3NTkyODk3NjZjNzUwNDp7Il9hdXRoX3VzZXJfYmFja2VuZCI6ImRqYW5nby5jb250cmliLmF1dGguYmFja2VuZHMuTW9kZWxCYWNrZW5kIiwiX2F1dGhfdXNlcl9pZCI6IjIiLCJfYXV0aF91c2VyX2hhc2giOiI3NDEzOWI5NjVhNjgzMjU4NTkzNTNhM2EyODUyNjY3MDM4OGNjZjQ1In0=	2018-03-28 22:10:03.935
kyuxoht5jmlhzefi0fzoge3t8swwn32t	NzlhNDY5MWZmYzBkYWRlYjUyY2Y3MjBiZWM3NThmZmJlNzFiODlkYzp7Il9hdXRoX3VzZXJfaWQiOiIyIiwiX2F1dGhfdXNlcl9oYXNoIjoiNjQxODNiM2JhZWIxMTAxY2Y2OTQ0Zjk3ZmUyYjY0ZjJjZDVkYzY5OSIsIl9hdXRoX3VzZXJfYmFja2VuZCI6ImRqYW5nby5jb250cmliLmF1dGguYmFja2VuZHMuTW9kZWxCYWNrZW5kIn0=	2020-01-09 22:37:06.579503
l17jk8he1hsvfehf9z5eeq3soy5826xw	NzlhNDY5MWZmYzBkYWRlYjUyY2Y3MjBiZWM3NThmZmJlNzFiODlkYzp7Il9hdXRoX3VzZXJfaWQiOiIyIiwiX2F1dGhfdXNlcl9oYXNoIjoiNjQxODNiM2JhZWIxMTAxY2Y2OTQ0Zjk3ZmUyYjY0ZjJjZDVkYzY5OSIsIl9hdXRoX3VzZXJfYmFja2VuZCI6ImRqYW5nby5jb250cmliLmF1dGguYmFja2VuZHMuTW9kZWxCYWNrZW5kIn0=	2019-07-04 20:21:52.40347
l4d4o53o841y7cfuz0c9b0aa1sv635io	N2Q3NzdhNDVjMzhhNWM0OTU3Y2MxNjJmZjlkNGFkOTEyNmM5NzQ5MTp7Il9hdXRoX3VzZXJfYmFja2VuZCI6ImRqYW5nby5jb250cmliLmF1dGguYmFja2VuZHMuTW9kZWxCYWNrZW5kIiwiX2F1dGhfdXNlcl9oYXNoIjoiNjQxODNiM2JhZWIxMTAxY2Y2OTQ0Zjk3ZmUyYjY0ZjJjZDVkYzY5OSIsIl9hdXRoX3VzZXJfaWQiOiIyIn0=	2019-05-23 00:19:52.735976
l6pwkbcpkkuvhg0dbenygaswpvdjhfc6	NzlhNDY5MWZmYzBkYWRlYjUyY2Y3MjBiZWM3NThmZmJlNzFiODlkYzp7Il9hdXRoX3VzZXJfaWQiOiIyIiwiX2F1dGhfdXNlcl9oYXNoIjoiNjQxODNiM2JhZWIxMTAxY2Y2OTQ0Zjk3ZmUyYjY0ZjJjZDVkYzY5OSIsIl9hdXRoX3VzZXJfYmFja2VuZCI6ImRqYW5nby5jb250cmliLmF1dGguYmFja2VuZHMuTW9kZWxCYWNrZW5kIn0=	2019-06-19 23:14:05.930548
l8kgii4x8jxayg2rqck88bzy3chezhue	YTIzZDk5ZDI0OTE0Y2E4Y2I2NmE1Y2U2MWVjMzM2Mjk3YzI0NmE2Nzp7Il9hdXRoX3VzZXJfaWQiOiIyNSIsIl9hdXRoX3VzZXJfaGFzaCI6ImQxNmU1YTUxNzMwNWU0YzhhYWMzNTg2OWVjOGU5ODUzNTMxYWU5ZWUiLCJfYXV0aF91c2VyX2JhY2tlbmQiOiJkamFuZ28uY29udHJpYi5hdXRoLmJhY2tlbmRzLk1vZGVsQmFja2VuZCJ9	2018-05-11 21:23:07.088001
l9e8c3bnsfyw6zarxn926dpjm7fwe6vg	NzlhNDY5MWZmYzBkYWRlYjUyY2Y3MjBiZWM3NThmZmJlNzFiODlkYzp7Il9hdXRoX3VzZXJfaWQiOiIyIiwiX2F1dGhfdXNlcl9oYXNoIjoiNjQxODNiM2JhZWIxMTAxY2Y2OTQ0Zjk3ZmUyYjY0ZjJjZDVkYzY5OSIsIl9hdXRoX3VzZXJfYmFja2VuZCI6ImRqYW5nby5jb250cmliLmF1dGguYmFja2VuZHMuTW9kZWxCYWNrZW5kIn0=	2019-12-19 13:53:22.614858
lbh8zressaqkikz131fujj6v6yjjaimr	YzAxYzRhZTUyNjkwMjgyNTM4ZjYwYTUzMDM2MDE5ZGMzMTI3NTE2Yjp7Il9hdXRoX3VzZXJfaWQiOiIyIiwiX2F1dGhfdXNlcl9iYWNrZW5kIjoiZGphbmdvLmNvbnRyaWIuYXV0aC5iYWNrZW5kcy5Nb2RlbEJhY2tlbmQiLCJfYXV0aF91c2VyX2hhc2giOiI2NDE4M2IzYmFlYjExMDFjZjY5NDRmOTdmZTJiNjRmMmNkNWRjNjk5In0=	2019-06-14 18:17:16.007222
ldop0mktnirmhry6fe2f5gjdgad05vxh	OWZjYjg3YzA0NDA5OGYwYWRhYjU3Yjc5ZmI3NTkyODk3NjZjNzUwNDp7Il9hdXRoX3VzZXJfYmFja2VuZCI6ImRqYW5nby5jb250cmliLmF1dGguYmFja2VuZHMuTW9kZWxCYWNrZW5kIiwiX2F1dGhfdXNlcl9pZCI6IjIiLCJfYXV0aF91c2VyX2hhc2giOiI3NDEzOWI5NjVhNjgzMjU4NTkzNTNhM2EyODUyNjY3MDM4OGNjZjQ1In0=	2018-12-20 00:48:15.037627
le4l57g38xysumu3h2qb8lz0yz80v0pj	MmFkZDdlZjVmOTZhN2Y1Yjc2MDRjOTlkZjVlYTIyNjg0YjA2NGQ3Yjp7Il9hdXRoX3VzZXJfYmFja2VuZCI6ImRqYW5nby5jb250cmliLmF1dGguYmFja2VuZHMuTW9kZWxCYWNrZW5kIiwiX2F1dGhfdXNlcl9pZCI6IjM0IiwiX2F1dGhfdXNlcl9oYXNoIjoiZDFlNTY5NjhkNzk1YjQzMTRkMjFkZGQ4MDk3N2NmMDIwODE4NGI0OSJ9	2018-08-22 11:27:35.349793
lg8mv2sf3qtluvby4g5vwky7nebu2ge0	YzAxYzRhZTUyNjkwMjgyNTM4ZjYwYTUzMDM2MDE5ZGMzMTI3NTE2Yjp7Il9hdXRoX3VzZXJfaWQiOiIyIiwiX2F1dGhfdXNlcl9iYWNrZW5kIjoiZGphbmdvLmNvbnRyaWIuYXV0aC5iYWNrZW5kcy5Nb2RlbEJhY2tlbmQiLCJfYXV0aF91c2VyX2hhc2giOiI2NDE4M2IzYmFlYjExMDFjZjY5NDRmOTdmZTJiNjRmMmNkNWRjNjk5In0=	2019-05-06 23:26:44.633024
lihdp6d7tfq7yyq2xc2x9z386wcgjrtu	MTRmZTI4YzU0YTdiNjBkYjQ5YjliN2FlOGIwNGVhZjAxYmMxNjJhMjp7Il9hdXRoX3VzZXJfYmFja2VuZCI6ImRqYW5nby5jb250cmliLmF1dGguYmFja2VuZHMuTW9kZWxCYWNrZW5kIiwiX2F1dGhfdXNlcl9oYXNoIjoiNWU1YWNmMTFlYTM2NTM2MGRiY2E3MGVhMTFjM2U4MjI1YzU5MmIwMiIsIl9hdXRoX3VzZXJfaWQiOiI2In0=	2018-05-15 16:32:26.108084
lnuj3k5zlgi12ovzlamrdtc5n2o347ij	MzU2MDg5YzU1MzA2MTNhNDBmMDgzMTBmNmM0ZDIyZjhiNjhmNTVkZjp7Il9hdXRoX3VzZXJfaWQiOiIxIiwiX2F1dGhfdXNlcl9iYWNrZW5kIjoiZGphbmdvLmNvbnRyaWIuYXV0aC5iYWNrZW5kcy5Nb2RlbEJhY2tlbmQiLCJfYXV0aF91c2VyX2hhc2giOiI5MmNhZmE5MjdiMjc0M2YwNzUxZmNiNTZmMDZiMjg3ZTAzZjgyZTk3In0=	2018-03-21 17:42:28.651
lo9n88xsfmqno66lfd98s1od5qxv9fwe	MWFlNDc0MTc5YWVjMTUzOGUzOTBkYmE3YjI5ZWFhMWRlMWJjOWExMTp7Il9hdXRoX3VzZXJfaGFzaCI6IjY0MTgzYjNiYWViMTEwMWNmNjk0NGY5N2ZlMmI2NGYyY2Q1ZGM2OTkiLCJfYXV0aF91c2VyX2JhY2tlbmQiOiJkamFuZ28uY29udHJpYi5hdXRoLmJhY2tlbmRzLk1vZGVsQmFja2VuZCIsIl9hdXRoX3VzZXJfaWQiOiIyIn0=	2019-10-09 19:52:43.024736
loxhfwk4oqereu8di7vqdulig0xfgmkt	ZDc3ZGQ5MzY3NjAzZjQ4ZGZjMjQyYWQ1MDgzMjkwNGRmNzRiMDhiMDp7Il9hdXRoX3VzZXJfYmFja2VuZCI6ImRqYW5nby5jb250cmliLmF1dGguYmFja2VuZHMuTW9kZWxCYWNrZW5kIiwiX2F1dGhfdXNlcl9oYXNoIjoiMDFmMDAxZTcyM2UxMWI0NDIwZWQ2OWZkY2U4MjdkY2FlNWViZThkZSIsIl9hdXRoX3VzZXJfaWQiOiI2NCJ9	2019-04-29 18:53:02.607203
loyhnn7wy1rinnldfkv4zswqyaf67cyi	OWZjYjg3YzA0NDA5OGYwYWRhYjU3Yjc5ZmI3NTkyODk3NjZjNzUwNDp7Il9hdXRoX3VzZXJfYmFja2VuZCI6ImRqYW5nby5jb250cmliLmF1dGguYmFja2VuZHMuTW9kZWxCYWNrZW5kIiwiX2F1dGhfdXNlcl9pZCI6IjIiLCJfYXV0aF91c2VyX2hhc2giOiI3NDEzOWI5NjVhNjgzMjU4NTkzNTNhM2EyODUyNjY3MDM4OGNjZjQ1In0=	2018-05-04 13:27:56.344401
lozv2iyf740peno3x76wy5eoev40p0c4	YWMxNDMyN2YwNTQ2ZDk3OGIyNmM1Y2YwY2U1OGNiYjU0MzQzOWQ5Yjp7Il9hdXRoX3VzZXJfYmFja2VuZCI6ImRqYW5nby5jb250cmliLmF1dGguYmFja2VuZHMuTW9kZWxCYWNrZW5kIiwiX2F1dGhfdXNlcl9oYXNoIjoiNzQxMzliOTY1YTY4MzI1ODU5MzUzYTNhMjg1MjY2NzAzODhjY2Y0NSIsIl9hdXRoX3VzZXJfaWQiOiIyIn0=	2019-01-23 18:15:53.042742
lpp70dgk9kt40j9kbpwmm462imq7w03c	OTVlODlkNGZhYjBlNTBhZmU4Y2NkOWNiYWIzYjkyZDNiYWVmZWY0OTp7Il9hdXRoX3VzZXJfaGFzaCI6Ijc0MTM5Yjk2NWE2ODMyNTg1OTM1M2EzYTI4NTI2NjcwMzg4Y2NmNDUiLCJfYXV0aF91c2VyX2JhY2tlbmQiOiJkamFuZ28uY29udHJpYi5hdXRoLmJhY2tlbmRzLk1vZGVsQmFja2VuZCIsIl9hdXRoX3VzZXJfaWQiOiIyIn0=	2019-01-30 23:55:17.36098
lq30ao5jm1fzpnx85q95cxtmfjt14oje	OTVlODlkNGZhYjBlNTBhZmU4Y2NkOWNiYWIzYjkyZDNiYWVmZWY0OTp7Il9hdXRoX3VzZXJfaGFzaCI6Ijc0MTM5Yjk2NWE2ODMyNTg1OTM1M2EzYTI4NTI2NjcwMzg4Y2NmNDUiLCJfYXV0aF91c2VyX2JhY2tlbmQiOiJkamFuZ28uY29udHJpYi5hdXRoLmJhY2tlbmRzLk1vZGVsQmFja2VuZCIsIl9hdXRoX3VzZXJfaWQiOiIyIn0=	2018-12-10 19:28:23.837493
lqmfyjoiandtwxn1fuvjfvbpd88j8k1r	MWIwNjA1MDEwMDc0MzE4NGIzYTU5YTE4ZGQ3MWJjMzNlYWY2MmQ4NTp7Il9hdXRoX3VzZXJfaWQiOiI0MCIsIl9hdXRoX3VzZXJfYmFja2VuZCI6ImRqYW5nby5jb250cmliLmF1dGguYmFja2VuZHMuTW9kZWxCYWNrZW5kIiwiX2F1dGhfdXNlcl9oYXNoIjoiYTgxZmMwYThmYTgyYzk5NTgzNjA4N2NjOGI4MGNiMThjNTMyMGRlYSJ9	2018-08-14 17:07:35.222433
lvhnu292ftad3g4k2eofkvxggyzfosv2	ZDE5MDM2ZWQxNjlhY2E0YjdiN2UzMzM4N2JhMTBhMGNiM2E2MGUzYjp7Il9hdXRoX3VzZXJfaGFzaCI6ImVjMTA5NGZlMjE5NDI2NWYyYTkyMzAxNTU2NDQ4NGFkZGFhNWM3ZmEiLCJfYXV0aF91c2VyX2JhY2tlbmQiOiJkamFuZ28uY29udHJpYi5hdXRoLmJhY2tlbmRzLk1vZGVsQmFja2VuZCIsIl9hdXRoX3VzZXJfaWQiOiIxOCJ9	2018-11-07 19:55:49.904451
lx4cfiuy0kxa9wtrarum2wdkwqdwslnx	N2Q3NzdhNDVjMzhhNWM0OTU3Y2MxNjJmZjlkNGFkOTEyNmM5NzQ5MTp7Il9hdXRoX3VzZXJfYmFja2VuZCI6ImRqYW5nby5jb250cmliLmF1dGguYmFja2VuZHMuTW9kZWxCYWNrZW5kIiwiX2F1dGhfdXNlcl9oYXNoIjoiNjQxODNiM2JhZWIxMTAxY2Y2OTQ0Zjk3ZmUyYjY0ZjJjZDVkYzY5OSIsIl9hdXRoX3VzZXJfaWQiOiIyIn0=	2019-07-10 17:36:26.263967
m0n2rv29t5p9pa5uiudmd8sdo2ikrghv	NmJiZmVlYzVkYzZkNmJiMTc2MDhiYmNhYjRhM2UwY2NkNGRmNzkyZDp7Il9hdXRoX3VzZXJfaWQiOiIyIiwiX2F1dGhfdXNlcl9oYXNoIjoiNzQxMzliOTY1YTY4MzI1ODU5MzUzYTNhMjg1MjY2NzAzODhjY2Y0NSIsIl9hdXRoX3VzZXJfYmFja2VuZCI6ImRqYW5nby5jb250cmliLmF1dGguYmFja2VuZHMuTW9kZWxCYWNrZW5kIn0=	2019-03-14 17:07:52.914436
m14yzgssaguldp6gysq7daudy80lom7i	N2Q3NzdhNDVjMzhhNWM0OTU3Y2MxNjJmZjlkNGFkOTEyNmM5NzQ5MTp7Il9hdXRoX3VzZXJfYmFja2VuZCI6ImRqYW5nby5jb250cmliLmF1dGguYmFja2VuZHMuTW9kZWxCYWNrZW5kIiwiX2F1dGhfdXNlcl9oYXNoIjoiNjQxODNiM2JhZWIxMTAxY2Y2OTQ0Zjk3ZmUyYjY0ZjJjZDVkYzY5OSIsIl9hdXRoX3VzZXJfaWQiOiIyIn0=	2019-11-12 00:16:47.364867
m2lt68jkho0s9lwezg67xm16tkzpr3sm	MWFlNDc0MTc5YWVjMTUzOGUzOTBkYmE3YjI5ZWFhMWRlMWJjOWExMTp7Il9hdXRoX3VzZXJfaGFzaCI6IjY0MTgzYjNiYWViMTEwMWNmNjk0NGY5N2ZlMmI2NGYyY2Q1ZGM2OTkiLCJfYXV0aF91c2VyX2JhY2tlbmQiOiJkamFuZ28uY29udHJpYi5hdXRoLmJhY2tlbmRzLk1vZGVsQmFja2VuZCIsIl9hdXRoX3VzZXJfaWQiOiIyIn0=	2019-07-29 17:41:52.225906
m3d0bwtikxe59d0h08c9axrgwp8rf4o0	NjYzMDdhZjk3MmM3NDAyYjMzMTRjMjFmMDg0OWJiYTI4YTdiYTc1ZTp7Il9hdXRoX3VzZXJfaGFzaCI6ImQxZTU2OTY4ZDc5NWI0MzE0ZDIxZGRkODA5NzdjZjAyMDgxODRiNDkiLCJfYXV0aF91c2VyX2lkIjoiMzQiLCJfYXV0aF91c2VyX2JhY2tlbmQiOiJkamFuZ28uY29udHJpYi5hdXRoLmJhY2tlbmRzLk1vZGVsQmFja2VuZCJ9	2018-11-07 03:07:15.464305
m5zhzzi73hgdj00pkea435a5au73e2j3	NzlhNDY5MWZmYzBkYWRlYjUyY2Y3MjBiZWM3NThmZmJlNzFiODlkYzp7Il9hdXRoX3VzZXJfaWQiOiIyIiwiX2F1dGhfdXNlcl9oYXNoIjoiNjQxODNiM2JhZWIxMTAxY2Y2OTQ0Zjk3ZmUyYjY0ZjJjZDVkYzY5OSIsIl9hdXRoX3VzZXJfYmFja2VuZCI6ImRqYW5nby5jb250cmliLmF1dGguYmFja2VuZHMuTW9kZWxCYWNrZW5kIn0=	2020-01-05 18:22:21.568234
m62cbz8jvjy001el04mp8o5ds2os61ed	OGVlNWExNTBiMDdjYWI0OGY4MzNjM2UyMDFmODUzOGYxZDhiZGRkNjp7Il9hdXRoX3VzZXJfYmFja2VuZCI6ImRqYW5nby5jb250cmliLmF1dGguYmFja2VuZHMuTW9kZWxCYWNrZW5kIiwiX2F1dGhfdXNlcl9pZCI6IjIiLCJfYXV0aF91c2VyX2hhc2giOiI2NDE4M2IzYmFlYjExMDFjZjY5NDRmOTdmZTJiNjRmMmNkNWRjNjk5In0=	2019-10-22 01:01:11.448596
m95508m55m24claj4qkeezyr37pifwln	YWMxOWQxYzQzYzkzZjUwOTY4YmY0ZTQ5MDUxOWFhMzBiNzNhZThlZjp7Il9hdXRoX3VzZXJfaWQiOiIyIiwiX2F1dGhfdXNlcl9iYWNrZW5kIjoiZGphbmdvLmNvbnRyaWIuYXV0aC5iYWNrZW5kcy5Nb2RlbEJhY2tlbmQiLCJfYXV0aF91c2VyX2hhc2giOiI3NDEzOWI5NjVhNjgzMjU4NTkzNTNhM2EyODUyNjY3MDM4OGNjZjQ1In0=	2018-03-31 01:21:59.488
m9saw91ttsbf9pkxdc97zgvslgkpq6zz	ZDE5MDM2ZWQxNjlhY2E0YjdiN2UzMzM4N2JhMTBhMGNiM2E2MGUzYjp7Il9hdXRoX3VzZXJfaGFzaCI6ImVjMTA5NGZlMjE5NDI2NWYyYTkyMzAxNTU2NDQ4NGFkZGFhNWM3ZmEiLCJfYXV0aF91c2VyX2JhY2tlbmQiOiJkamFuZ28uY29udHJpYi5hdXRoLmJhY2tlbmRzLk1vZGVsQmFja2VuZCIsIl9hdXRoX3VzZXJfaWQiOiIxOCJ9	2018-09-05 21:30:08.220736
mcyt0uxiwepuucyz8c9vn94cn94ewt2m	ZGUwYjk0NjRkYTYyODlhYjJlNjJlNzU5NzNjNzE0Y2ZkZThjYmIzZDp7Il9hdXRoX3VzZXJfaGFzaCI6IjY0MTgzYjNiYWViMTEwMWNmNjk0NGY5N2ZlMmI2NGYyY2Q1ZGM2OTkiLCJfYXV0aF91c2VyX2lkIjoiMiIsIl9hdXRoX3VzZXJfYmFja2VuZCI6ImRqYW5nby5jb250cmliLmF1dGguYmFja2VuZHMuTW9kZWxCYWNrZW5kIn0=	2019-04-08 16:28:56.347518
mdf71ifyidmxsg512ohvzm04jwu6oyf2	YWMxOWQxYzQzYzkzZjUwOTY4YmY0ZTQ5MDUxOWFhMzBiNzNhZThlZjp7Il9hdXRoX3VzZXJfaWQiOiIyIiwiX2F1dGhfdXNlcl9iYWNrZW5kIjoiZGphbmdvLmNvbnRyaWIuYXV0aC5iYWNrZW5kcy5Nb2RlbEJhY2tlbmQiLCJfYXV0aF91c2VyX2hhc2giOiI3NDEzOWI5NjVhNjgzMjU4NTkzNTNhM2EyODUyNjY3MDM4OGNjZjQ1In0=	2018-05-31 18:40:04.191726
mfwma2suumep1au94atvania3ptk0j39	OWZjYjg3YzA0NDA5OGYwYWRhYjU3Yjc5ZmI3NTkyODk3NjZjNzUwNDp7Il9hdXRoX3VzZXJfYmFja2VuZCI6ImRqYW5nby5jb250cmliLmF1dGguYmFja2VuZHMuTW9kZWxCYWNrZW5kIiwiX2F1dGhfdXNlcl9pZCI6IjIiLCJfYXV0aF91c2VyX2hhc2giOiI3NDEzOWI5NjVhNjgzMjU4NTkzNTNhM2EyODUyNjY3MDM4OGNjZjQ1In0=	2018-08-08 20:04:48.208964
mhnu2fq0gixf932061lialnck57n7u1d	OWZjYjg3YzA0NDA5OGYwYWRhYjU3Yjc5ZmI3NTkyODk3NjZjNzUwNDp7Il9hdXRoX3VzZXJfYmFja2VuZCI6ImRqYW5nby5jb250cmliLmF1dGguYmFja2VuZHMuTW9kZWxCYWNrZW5kIiwiX2F1dGhfdXNlcl9pZCI6IjIiLCJfYXV0aF91c2VyX2hhc2giOiI3NDEzOWI5NjVhNjgzMjU4NTkzNTNhM2EyODUyNjY3MDM4OGNjZjQ1In0=	2018-07-26 21:16:44.275514
mi0674hek8ni66vy59dmx8b9r33ylibc	ZTNkNmZjMjcyNWZkMjcyNmQzN2FkZDg5ODYzMDlhOGIyOTI3ZDZmNTp7Il9hdXRoX3VzZXJfaWQiOiIxOCIsIl9hdXRoX3VzZXJfaGFzaCI6ImVjMTA5NGZlMjE5NDI2NWYyYTkyMzAxNTU2NDQ4NGFkZGFhNWM3ZmEiLCJfYXV0aF91c2VyX2JhY2tlbmQiOiJkamFuZ28uY29udHJpYi5hdXRoLmJhY2tlbmRzLk1vZGVsQmFja2VuZCJ9	2018-09-12 17:58:35.913051
mit0i5e5ebuqs75byxm3fxrgpn190ixv	NGVkMWViODA2Yzk1YTViOGJjY2M0ZDFiYTdhN2I1ZmYxZjdhOTUxMjp7Il9hdXRoX3VzZXJfaGFzaCI6Ijc0MTM5Yjk2NWE2ODMyNTg1OTM1M2EzYTI4NTI2NjcwMzg4Y2NmNDUiLCJfYXV0aF91c2VyX2lkIjoiMiIsIl9hdXRoX3VzZXJfYmFja2VuZCI6ImRqYW5nby5jb250cmliLmF1dGguYmFja2VuZHMuTW9kZWxCYWNrZW5kIn0=	2019-02-21 02:23:35.517683
mk0oikw343g4439xgem0pi0rnv3aqgym	MzU2MDg5YzU1MzA2MTNhNDBmMDgzMTBmNmM0ZDIyZjhiNjhmNTVkZjp7Il9hdXRoX3VzZXJfaWQiOiIxIiwiX2F1dGhfdXNlcl9iYWNrZW5kIjoiZGphbmdvLmNvbnRyaWIuYXV0aC5iYWNrZW5kcy5Nb2RlbEJhY2tlbmQiLCJfYXV0aF91c2VyX2hhc2giOiI5MmNhZmE5MjdiMjc0M2YwNzUxZmNiNTZmMDZiMjg3ZTAzZjgyZTk3In0=	2018-06-24 12:33:56.442766
mkhhrqqe9tdhpm2fyr7hn044mekk6irj	YmI2NzQ5ZWVmNTYxNzc1ODQwNGNiNWM3Yjc0Mzg2MzNlYTE1OTc0Mzp7Il9hdXRoX3VzZXJfYmFja2VuZCI6ImRqYW5nby5jb250cmliLmF1dGguYmFja2VuZHMuTW9kZWxCYWNrZW5kIiwiX2F1dGhfdXNlcl9pZCI6IjUzIiwiX2F1dGhfdXNlcl9oYXNoIjoiYWFlMzdkOTU2NGQwZjliNmI3NTBmZGU1YzYxZTc1YmVjZjE0OTY0YyJ9	2018-11-09 09:45:53.701202
mks1znezjt3mbpzv2bbxhygmruxyibfo	ZGUwYjk0NjRkYTYyODlhYjJlNjJlNzU5NzNjNzE0Y2ZkZThjYmIzZDp7Il9hdXRoX3VzZXJfaGFzaCI6IjY0MTgzYjNiYWViMTEwMWNmNjk0NGY5N2ZlMmI2NGYyY2Q1ZGM2OTkiLCJfYXV0aF91c2VyX2lkIjoiMiIsIl9hdXRoX3VzZXJfYmFja2VuZCI6ImRqYW5nby5jb250cmliLmF1dGguYmFja2VuZHMuTW9kZWxCYWNrZW5kIn0=	2019-07-25 19:08:53.18745
mmtm0qxqz19iukqcv6hw3w257vyckktp	ZGUwYjk0NjRkYTYyODlhYjJlNjJlNzU5NzNjNzE0Y2ZkZThjYmIzZDp7Il9hdXRoX3VzZXJfaGFzaCI6IjY0MTgzYjNiYWViMTEwMWNmNjk0NGY5N2ZlMmI2NGYyY2Q1ZGM2OTkiLCJfYXV0aF91c2VyX2lkIjoiMiIsIl9hdXRoX3VzZXJfYmFja2VuZCI6ImRqYW5nby5jb250cmliLmF1dGguYmFja2VuZHMuTW9kZWxCYWNrZW5kIn0=	2019-11-14 17:37:13.288495
mngl2wh3f2hmbzt6ndmxqt4gdegjm2jv	N2Q3NzdhNDVjMzhhNWM0OTU3Y2MxNjJmZjlkNGFkOTEyNmM5NzQ5MTp7Il9hdXRoX3VzZXJfYmFja2VuZCI6ImRqYW5nby5jb250cmliLmF1dGguYmFja2VuZHMuTW9kZWxCYWNrZW5kIiwiX2F1dGhfdXNlcl9oYXNoIjoiNjQxODNiM2JhZWIxMTAxY2Y2OTQ0Zjk3ZmUyYjY0ZjJjZDVkYzY5OSIsIl9hdXRoX3VzZXJfaWQiOiIyIn0=	2019-09-05 23:25:23.306029
mof02jziwxr8g54g40pwkvfyugual140	NmJiZmVlYzVkYzZkNmJiMTc2MDhiYmNhYjRhM2UwY2NkNGRmNzkyZDp7Il9hdXRoX3VzZXJfaWQiOiIyIiwiX2F1dGhfdXNlcl9oYXNoIjoiNzQxMzliOTY1YTY4MzI1ODU5MzUzYTNhMjg1MjY2NzAzODhjY2Y0NSIsIl9hdXRoX3VzZXJfYmFja2VuZCI6ImRqYW5nby5jb250cmliLmF1dGguYmFja2VuZHMuTW9kZWxCYWNrZW5kIn0=	2018-08-11 20:50:32.165269
mpbrnabmntje7ek2cmos0q6uph52kpy1	YzAxYzRhZTUyNjkwMjgyNTM4ZjYwYTUzMDM2MDE5ZGMzMTI3NTE2Yjp7Il9hdXRoX3VzZXJfaWQiOiIyIiwiX2F1dGhfdXNlcl9iYWNrZW5kIjoiZGphbmdvLmNvbnRyaWIuYXV0aC5iYWNrZW5kcy5Nb2RlbEJhY2tlbmQiLCJfYXV0aF91c2VyX2hhc2giOiI2NDE4M2IzYmFlYjExMDFjZjY5NDRmOTdmZTJiNjRmMmNkNWRjNjk5In0=	2019-06-14 00:17:28.373299
myyt3o2c96vvxoh3u7w7ffganqpbiajz	OWZjYjg3YzA0NDA5OGYwYWRhYjU3Yjc5ZmI3NTkyODk3NjZjNzUwNDp7Il9hdXRoX3VzZXJfYmFja2VuZCI6ImRqYW5nby5jb250cmliLmF1dGguYmFja2VuZHMuTW9kZWxCYWNrZW5kIiwiX2F1dGhfdXNlcl9pZCI6IjIiLCJfYXV0aF91c2VyX2hhc2giOiI3NDEzOWI5NjVhNjgzMjU4NTkzNTNhM2EyODUyNjY3MDM4OGNjZjQ1In0=	2018-10-23 20:21:56.924339
n05ud055teoteoisgq935ao8dw5z9yew	YzAxYzRhZTUyNjkwMjgyNTM4ZjYwYTUzMDM2MDE5ZGMzMTI3NTE2Yjp7Il9hdXRoX3VzZXJfaWQiOiIyIiwiX2F1dGhfdXNlcl9iYWNrZW5kIjoiZGphbmdvLmNvbnRyaWIuYXV0aC5iYWNrZW5kcy5Nb2RlbEJhY2tlbmQiLCJfYXV0aF91c2VyX2hhc2giOiI2NDE4M2IzYmFlYjExMDFjZjY5NDRmOTdmZTJiNjRmMmNkNWRjNjk5In0=	2019-10-02 16:14:14.549466
n0a9r01ggi5n2pbnivvz4kwalmusxt7m	NmJiZmVlYzVkYzZkNmJiMTc2MDhiYmNhYjRhM2UwY2NkNGRmNzkyZDp7Il9hdXRoX3VzZXJfaWQiOiIyIiwiX2F1dGhfdXNlcl9oYXNoIjoiNzQxMzliOTY1YTY4MzI1ODU5MzUzYTNhMjg1MjY2NzAzODhjY2Y0NSIsIl9hdXRoX3VzZXJfYmFja2VuZCI6ImRqYW5nby5jb250cmliLmF1dGguYmFja2VuZHMuTW9kZWxCYWNrZW5kIn0=	2018-11-13 14:42:49.088056
n0flx6oi19xpdgufzxx3pb4svyt7xo5e	ZDQ0MGM5MTk0YWEzNTM1MmJiYTU2YjBkNmY4YmRiMDkzZmM5NzMzNzp7Il9hdXRoX3VzZXJfaWQiOiI3IiwiX2F1dGhfdXNlcl9iYWNrZW5kIjoiZGphbmdvLmNvbnRyaWIuYXV0aC5iYWNrZW5kcy5Nb2RlbEJhY2tlbmQiLCJfYXV0aF91c2VyX2hhc2giOiI2NzUwNDc2N2Y4OTZjMmM4ZWQ5OGIyMTllMTZlOTZlMWMyZjQ3YTY0In0=	2018-03-21 20:21:17.257
n1ou76gtrgqxswtm731je8rmgnpcj9z4	ZjM1OTk3NGNiOTA2NWE1NWMwMDFhMDAzYWE4ZjE1N2ZlNTUzYjliZDp7Il9hdXRoX3VzZXJfaGFzaCI6ImVjMTA5NGZlMjE5NDI2NWYyYTkyMzAxNTU2NDQ4NGFkZGFhNWM3ZmEiLCJfYXV0aF91c2VyX2lkIjoiMTgiLCJfYXV0aF91c2VyX2JhY2tlbmQiOiJkamFuZ28uY29udHJpYi5hdXRoLmJhY2tlbmRzLk1vZGVsQmFja2VuZCJ9	2018-07-18 23:41:38.664456
n4uwhr86e0hwf3tfukj2h17jb7om1dmq	OWZjYjg3YzA0NDA5OGYwYWRhYjU3Yjc5ZmI3NTkyODk3NjZjNzUwNDp7Il9hdXRoX3VzZXJfYmFja2VuZCI6ImRqYW5nby5jb250cmliLmF1dGguYmFja2VuZHMuTW9kZWxCYWNrZW5kIiwiX2F1dGhfdXNlcl9pZCI6IjIiLCJfYXV0aF91c2VyX2hhc2giOiI3NDEzOWI5NjVhNjgzMjU4NTkzNTNhM2EyODUyNjY3MDM4OGNjZjQ1In0=	2018-12-02 03:11:43.688007
n4zgvk39aoy5uhktxfsddqhq4dfadf1i	NGVkMWViODA2Yzk1YTViOGJjY2M0ZDFiYTdhN2I1ZmYxZjdhOTUxMjp7Il9hdXRoX3VzZXJfaGFzaCI6Ijc0MTM5Yjk2NWE2ODMyNTg1OTM1M2EzYTI4NTI2NjcwMzg4Y2NmNDUiLCJfYXV0aF91c2VyX2lkIjoiMiIsIl9hdXRoX3VzZXJfYmFja2VuZCI6ImRqYW5nby5jb250cmliLmF1dGguYmFja2VuZHMuTW9kZWxCYWNrZW5kIn0=	2019-01-16 21:26:20.232526
n5w22jw2oerfrml0vvzdso2cyse8d0na	ZGUwYjk0NjRkYTYyODlhYjJlNjJlNzU5NzNjNzE0Y2ZkZThjYmIzZDp7Il9hdXRoX3VzZXJfaGFzaCI6IjY0MTgzYjNiYWViMTEwMWNmNjk0NGY5N2ZlMmI2NGYyY2Q1ZGM2OTkiLCJfYXV0aF91c2VyX2lkIjoiMiIsIl9hdXRoX3VzZXJfYmFja2VuZCI6ImRqYW5nby5jb250cmliLmF1dGguYmFja2VuZHMuTW9kZWxCYWNrZW5kIn0=	2019-08-28 00:04:44.966954
ncfsdhms5y901chp7a7yypd5ac9kkdii	MWM4MjEyMDI2NTYzZjM1ZDQ3MWY1YTYzNWNjMDA2OGM3ZTlkNzNlZjp7Il9hdXRoX3VzZXJfYmFja2VuZCI6ImRqYW5nby5jb250cmliLmF1dGguYmFja2VuZHMuTW9kZWxCYWNrZW5kIiwiX2F1dGhfdXNlcl9oYXNoIjoiNjIzNTM3N2E3MWU1NTdjYjk0MmM1NjA4MDBmZGU1MTk0NWY4Y2YyMiIsIl9hdXRoX3VzZXJfaWQiOiIzMiJ9	2019-04-15 15:50:18.05873
neppxlej4tfu8csfryf1gpn0l6fhl78j	NmJiZmVlYzVkYzZkNmJiMTc2MDhiYmNhYjRhM2UwY2NkNGRmNzkyZDp7Il9hdXRoX3VzZXJfaWQiOiIyIiwiX2F1dGhfdXNlcl9oYXNoIjoiNzQxMzliOTY1YTY4MzI1ODU5MzUzYTNhMjg1MjY2NzAzODhjY2Y0NSIsIl9hdXRoX3VzZXJfYmFja2VuZCI6ImRqYW5nby5jb250cmliLmF1dGguYmFja2VuZHMuTW9kZWxCYWNrZW5kIn0=	2018-12-24 21:07:23.75848
nfg2wlmvhy6zipw6n4zu2wnhv78jtov3	OGQyNTMzMTE3NWYzNTUzZDI5OTJjZTFkZjkxNjlhMWVhODM4NmZkMTp7Il9wYXNzd29yZF9yZXNldF90b2tlbiI6IjR3OS1hOGM5Zjk3NzgwMGRlMmUyYjgwNiJ9	2018-05-31 11:43:26.799113
ni3kwp6o8d80pr0e1de72bw0z9rm1x5u	MjVhYTkxNDA3NGJmZDIxODQyNGVjNmY5ZTU5Y2MwMjFiN2FiOTk5MTp7Il9hdXRoX3VzZXJfaWQiOiI0NSIsIl9hdXRoX3VzZXJfaGFzaCI6ImQ2YzM4ZGMzNmUxNjVjMTk0YTgzNjBjODE5NjY0N2RiNTgyOGQ5NDciLCJfYXV0aF91c2VyX2JhY2tlbmQiOiJkamFuZ28uY29udHJpYi5hdXRoLmJhY2tlbmRzLk1vZGVsQmFja2VuZCJ9	2018-08-24 00:52:06.855736
ni6q8g291jmav5y2sp620upf8565rk6j	ZjM5ODQxZDI5NDU2Y2JmMWNhZmFmYjQ0NDIzZGZmMWViYzc0MzY2NTp7Il9hdXRoX3VzZXJfaWQiOiI0MyIsIl9hdXRoX3VzZXJfYmFja2VuZCI6ImRqYW5nby5jb250cmliLmF1dGguYmFja2VuZHMuTW9kZWxCYWNrZW5kIiwiX2F1dGhfdXNlcl9oYXNoIjoiY2VjNjg1NjFkNDJiYTk4NWRlNTQ0M2RlMDg5ZDZhODQ3OTdjOTA1YSJ9	2018-08-15 14:30:47.232851
nkxgpipf70jsr9fur9ltgg9puy0b9p0q	NWExMjAwZTA2NzczNDYzOTZlYjhhNTFkODU3YjFiNjYxY2JiZGZkNDp7Il9hdXRoX3VzZXJfaWQiOiIzMSIsIl9hdXRoX3VzZXJfYmFja2VuZCI6ImRqYW5nby5jb250cmliLmF1dGguYmFja2VuZHMuTW9kZWxCYWNrZW5kIiwiX2F1dGhfdXNlcl9oYXNoIjoiNzYwNGRiNzVmZDVhZjMyOTY0ZTAzYTA2MmRiODkxOTE5Y2FlOGUxNSJ9	2018-08-15 20:56:10.606333
nlurg14pbiq5ub9v2ni903tvs6iea9zv	OTVlODlkNGZhYjBlNTBhZmU4Y2NkOWNiYWIzYjkyZDNiYWVmZWY0OTp7Il9hdXRoX3VzZXJfaGFzaCI6Ijc0MTM5Yjk2NWE2ODMyNTg1OTM1M2EzYTI4NTI2NjcwMzg4Y2NmNDUiLCJfYXV0aF91c2VyX2JhY2tlbmQiOiJkamFuZ28uY29udHJpYi5hdXRoLmJhY2tlbmRzLk1vZGVsQmFja2VuZCIsIl9hdXRoX3VzZXJfaWQiOiIyIn0=	2018-05-30 18:10:12.428663
np75lo9czeafhvcqjhf8gczw1gt4vbek	OGVlNWExNTBiMDdjYWI0OGY4MzNjM2UyMDFmODUzOGYxZDhiZGRkNjp7Il9hdXRoX3VzZXJfYmFja2VuZCI6ImRqYW5nby5jb250cmliLmF1dGguYmFja2VuZHMuTW9kZWxCYWNrZW5kIiwiX2F1dGhfdXNlcl9pZCI6IjIiLCJfYXV0aF91c2VyX2hhc2giOiI2NDE4M2IzYmFlYjExMDFjZjY5NDRmOTdmZTJiNjRmMmNkNWRjNjk5In0=	2019-05-08 13:22:44.877521
npi6vs8ve7mmgzchp7g2dvznp5phz6p8	OGVlNWExNTBiMDdjYWI0OGY4MzNjM2UyMDFmODUzOGYxZDhiZGRkNjp7Il9hdXRoX3VzZXJfYmFja2VuZCI6ImRqYW5nby5jb250cmliLmF1dGguYmFja2VuZHMuTW9kZWxCYWNrZW5kIiwiX2F1dGhfdXNlcl9pZCI6IjIiLCJfYXV0aF91c2VyX2hhc2giOiI2NDE4M2IzYmFlYjExMDFjZjY5NDRmOTdmZTJiNjRmMmNkNWRjNjk5In0=	2019-06-05 15:02:12.084106
npn7basmjnyku8hog7pkckl6bft97iqe	ZjdlZDM4ZmI1ZWE4NWJkM2E2N2RiNGQzOGViZGRhY2U1YTg3YTg0Zjp7Il9hdXRoX3VzZXJfaGFzaCI6IjVlNWFjZjExZWEzNjUzNjBkYmNhNzBlYTExYzNlODIyNWM1OTJiMDIiLCJfYXV0aF91c2VyX2lkIjoiMTAiLCJfYXV0aF91c2VyX2JhY2tlbmQiOiJkamFuZ28uY29udHJpYi5hdXRoLmJhY2tlbmRzLk1vZGVsQmFja2VuZCJ9	2018-03-29 11:55:05.716
ntwubu8v09388eveq8is8d7if0yfamhl	YzAxYzRhZTUyNjkwMjgyNTM4ZjYwYTUzMDM2MDE5ZGMzMTI3NTE2Yjp7Il9hdXRoX3VzZXJfaWQiOiIyIiwiX2F1dGhfdXNlcl9iYWNrZW5kIjoiZGphbmdvLmNvbnRyaWIuYXV0aC5iYWNrZW5kcy5Nb2RlbEJhY2tlbmQiLCJfYXV0aF91c2VyX2hhc2giOiI2NDE4M2IzYmFlYjExMDFjZjY5NDRmOTdmZTJiNjRmMmNkNWRjNjk5In0=	2019-06-17 21:47:04.080837
nxjk5hdzv9ccdlv494kdq5mvmzd8102e	N2Q3NzdhNDVjMzhhNWM0OTU3Y2MxNjJmZjlkNGFkOTEyNmM5NzQ5MTp7Il9hdXRoX3VzZXJfYmFja2VuZCI6ImRqYW5nby5jb250cmliLmF1dGguYmFja2VuZHMuTW9kZWxCYWNrZW5kIiwiX2F1dGhfdXNlcl9oYXNoIjoiNjQxODNiM2JhZWIxMTAxY2Y2OTQ0Zjk3ZmUyYjY0ZjJjZDVkYzY5OSIsIl9hdXRoX3VzZXJfaWQiOiIyIn0=	2019-03-23 17:15:54.141378
ny4xhqta4j9q36hyhdef3csjtszu6bex	YmZiZGMzODZlNzc2YjkzZjU2NDM2OWQzOThkNTgxMjIzN2Y1ZTQxZTp7Il9hdXRoX3VzZXJfaGFzaCI6IjBiNzlhM2YwYTlhNDUyZjQwZDQ1NWEyNmM4YzBmMmNkZTMwZWM0NzkiLCJfYXV0aF91c2VyX2lkIjoiNjAiLCJfYXV0aF91c2VyX2JhY2tlbmQiOiJkamFuZ28uY29udHJpYi5hdXRoLmJhY2tlbmRzLk1vZGVsQmFja2VuZCJ9	2019-05-01 14:50:55.449232
o50srslgfgikt8uxv668nslb2qbpng5e	OTVlODlkNGZhYjBlNTBhZmU4Y2NkOWNiYWIzYjkyZDNiYWVmZWY0OTp7Il9hdXRoX3VzZXJfaGFzaCI6Ijc0MTM5Yjk2NWE2ODMyNTg1OTM1M2EzYTI4NTI2NjcwMzg4Y2NmNDUiLCJfYXV0aF91c2VyX2JhY2tlbmQiOiJkamFuZ28uY29udHJpYi5hdXRoLmJhY2tlbmRzLk1vZGVsQmFja2VuZCIsIl9hdXRoX3VzZXJfaWQiOiIyIn0=	2018-03-13 21:39:26.254
obdo9tbefs8wnxhamy7qeh9a6b4azyhr	NmFmNTBhZGJmODA0Nzk3NTYyYTljZjFhNTEwNGZhNGY2NjljOGZmMDp7Il9hdXRoX3VzZXJfaGFzaCI6ImM1Zjk0MDUwZDdmOWNjZjgzMjI4M2IwZWU3YWI5MDIzNjhjNTZmYWYiLCJfYXV0aF91c2VyX2JhY2tlbmQiOiJkamFuZ28uY29udHJpYi5hdXRoLmJhY2tlbmRzLk1vZGVsQmFja2VuZCIsIl9hdXRoX3VzZXJfaWQiOiI0MyJ9	2019-08-28 13:58:56.377666
odnbrlvnulqzs2baisb2afwg5n0vx95m	ZGUwYjk0NjRkYTYyODlhYjJlNjJlNzU5NzNjNzE0Y2ZkZThjYmIzZDp7Il9hdXRoX3VzZXJfaGFzaCI6IjY0MTgzYjNiYWViMTEwMWNmNjk0NGY5N2ZlMmI2NGYyY2Q1ZGM2OTkiLCJfYXV0aF91c2VyX2lkIjoiMiIsIl9hdXRoX3VzZXJfYmFja2VuZCI6ImRqYW5nby5jb250cmliLmF1dGguYmFja2VuZHMuTW9kZWxCYWNrZW5kIn0=	2019-10-03 11:29:30.277973
ogsujs0egphkddpkcbaw3k14jd1gk0y9	NDBkMGFhYmYxMTFjNjc5NzNhYWQ3ODA4MDFhZWJiOTEyYzYzOTQ3ZTp7Il9hdXRoX3VzZXJfaGFzaCI6IjcxYjgxZGM3YmMxMmUwMjM2ODY1MjE5YjQ0NGM4NzUzNDdmNGM1MzciLCJfYXV0aF91c2VyX2JhY2tlbmQiOiJkamFuZ28uY29udHJpYi5hdXRoLmJhY2tlbmRzLk1vZGVsQmFja2VuZCIsIl9hdXRoX3VzZXJfaWQiOiI1MCJ9	2018-10-15 15:29:39.590185
ohurupg4rx7uu2n3367cshv6su8iebjy	YWMxOWQxYzQzYzkzZjUwOTY4YmY0ZTQ5MDUxOWFhMzBiNzNhZThlZjp7Il9hdXRoX3VzZXJfaWQiOiIyIiwiX2F1dGhfdXNlcl9iYWNrZW5kIjoiZGphbmdvLmNvbnRyaWIuYXV0aC5iYWNrZW5kcy5Nb2RlbEJhY2tlbmQiLCJfYXV0aF91c2VyX2hhc2giOiI3NDEzOWI5NjVhNjgzMjU4NTkzNTNhM2EyODUyNjY3MDM4OGNjZjQ1In0=	2018-06-22 20:36:30.962387
oj4asda6wclohtn2vrjtzpg92dpmpm9l	NzM1ZDM5NzM1NmY4MWMxNzMxODFhOTk1Zjc1NTQ4MTc3NDllYzNhMTp7Il9hdXRoX3VzZXJfYmFja2VuZCI6ImRqYW5nby5jb250cmliLmF1dGguYmFja2VuZHMuTW9kZWxCYWNrZW5kIiwiX2F1dGhfdXNlcl9pZCI6IjMyIiwiX2F1dGhfdXNlcl9oYXNoIjoiZjJmZTYwNzFjN2JhMzUxZjZmMGNjZWE3NmRlNmE4OGU3ZTgyMzAzOCJ9	2018-06-18 00:01:26.101078
okn2s2n7qadyuh96gn4jgnzsu745bfi3	N2Q3NzdhNDVjMzhhNWM0OTU3Y2MxNjJmZjlkNGFkOTEyNmM5NzQ5MTp7Il9hdXRoX3VzZXJfYmFja2VuZCI6ImRqYW5nby5jb250cmliLmF1dGguYmFja2VuZHMuTW9kZWxCYWNrZW5kIiwiX2F1dGhfdXNlcl9oYXNoIjoiNjQxODNiM2JhZWIxMTAxY2Y2OTQ0Zjk3ZmUyYjY0ZjJjZDVkYzY5OSIsIl9hdXRoX3VzZXJfaWQiOiIyIn0=	2019-07-24 17:38:12.151782
op08075vwnmvrs7s49rs0otpvq34lm2x	YjA1MjFiZDQ5OTlhNGZhNjZlY2ZmZDRmNmE4ZTdmZDU5Y2E1MjE2Yzp7Il9hdXRoX3VzZXJfaWQiOiIyNyIsIl9hdXRoX3VzZXJfYmFja2VuZCI6ImRqYW5nby5jb250cmliLmF1dGguYmFja2VuZHMuTW9kZWxCYWNrZW5kIiwiX2F1dGhfdXNlcl9oYXNoIjoiMTkxZTA5YjZhZjQyYWQ2ODQxMjY0ZTRhYjhkZmU1MjM1Nzk2MDg1ZiJ9	2018-05-23 15:24:53.557473
op1qcrbr9b2mjlqnpu4lfr98k7umyhdc	NmJiZmVlYzVkYzZkNmJiMTc2MDhiYmNhYjRhM2UwY2NkNGRmNzkyZDp7Il9hdXRoX3VzZXJfaWQiOiIyIiwiX2F1dGhfdXNlcl9oYXNoIjoiNzQxMzliOTY1YTY4MzI1ODU5MzUzYTNhMjg1MjY2NzAzODhjY2Y0NSIsIl9hdXRoX3VzZXJfYmFja2VuZCI6ImRqYW5nby5jb250cmliLmF1dGguYmFja2VuZHMuTW9kZWxCYWNrZW5kIn0=	2018-04-19 04:03:37.663
opbkrbjmwmencaylqg8u6qlyu5xx6s77	M2ExOWIzMTQyM2M4MDY4ZGMzYzllNDU1NjU2NTcxZGNjM2FiNDU0Nzp7Il9hdXRoX3VzZXJfYmFja2VuZCI6ImRqYW5nby5jb250cmliLmF1dGguYmFja2VuZHMuTW9kZWxCYWNrZW5kIiwiX2F1dGhfdXNlcl9pZCI6IjE1IiwiX2F1dGhfdXNlcl9oYXNoIjoiODcwNDU2OTk5YmRjYjE1NWViOTU5MWZkMWQwMGNmNzE3NTE2YWY5MyJ9	2019-08-15 04:00:39.239358
oso3knh519o6nykx71tps8lcjrmg7ojb	N2Q3NzdhNDVjMzhhNWM0OTU3Y2MxNjJmZjlkNGFkOTEyNmM5NzQ5MTp7Il9hdXRoX3VzZXJfYmFja2VuZCI6ImRqYW5nby5jb250cmliLmF1dGguYmFja2VuZHMuTW9kZWxCYWNrZW5kIiwiX2F1dGhfdXNlcl9oYXNoIjoiNjQxODNiM2JhZWIxMTAxY2Y2OTQ0Zjk3ZmUyYjY0ZjJjZDVkYzY5OSIsIl9hdXRoX3VzZXJfaWQiOiIyIn0=	2019-12-17 23:11:20.64042
ovnx3wklpqbekqsoxj8yrsoh3tcc4557	NmJiZmVlYzVkYzZkNmJiMTc2MDhiYmNhYjRhM2UwY2NkNGRmNzkyZDp7Il9hdXRoX3VzZXJfaWQiOiIyIiwiX2F1dGhfdXNlcl9oYXNoIjoiNzQxMzliOTY1YTY4MzI1ODU5MzUzYTNhMjg1MjY2NzAzODhjY2Y0NSIsIl9hdXRoX3VzZXJfYmFja2VuZCI6ImRqYW5nby5jb250cmliLmF1dGguYmFja2VuZHMuTW9kZWxCYWNrZW5kIn0=	2018-12-05 19:28:52.417936
ox9b51ntlhx9dc4nu16duhos53bi6r05	YzAxYzRhZTUyNjkwMjgyNTM4ZjYwYTUzMDM2MDE5ZGMzMTI3NTE2Yjp7Il9hdXRoX3VzZXJfaWQiOiIyIiwiX2F1dGhfdXNlcl9iYWNrZW5kIjoiZGphbmdvLmNvbnRyaWIuYXV0aC5iYWNrZW5kcy5Nb2RlbEJhY2tlbmQiLCJfYXV0aF91c2VyX2hhc2giOiI2NDE4M2IzYmFlYjExMDFjZjY5NDRmOTdmZTJiNjRmMmNkNWRjNjk5In0=	2019-06-18 14:23:06.021157
p2kjzpofpi4torofo3lppcfu6wisfbfl	NmJiZmVlYzVkYzZkNmJiMTc2MDhiYmNhYjRhM2UwY2NkNGRmNzkyZDp7Il9hdXRoX3VzZXJfaWQiOiIyIiwiX2F1dGhfdXNlcl9oYXNoIjoiNzQxMzliOTY1YTY4MzI1ODU5MzUzYTNhMjg1MjY2NzAzODhjY2Y0NSIsIl9hdXRoX3VzZXJfYmFja2VuZCI6ImRqYW5nby5jb250cmliLmF1dGguYmFja2VuZHMuTW9kZWxCYWNrZW5kIn0=	2019-03-15 20:46:17.938
p36fx0qsplxlc3y9fy0mf4yfxnxzt1gy	NmJiZmVlYzVkYzZkNmJiMTc2MDhiYmNhYjRhM2UwY2NkNGRmNzkyZDp7Il9hdXRoX3VzZXJfaWQiOiIyIiwiX2F1dGhfdXNlcl9oYXNoIjoiNzQxMzliOTY1YTY4MzI1ODU5MzUzYTNhMjg1MjY2NzAzODhjY2Y0NSIsIl9hdXRoX3VzZXJfYmFja2VuZCI6ImRqYW5nby5jb250cmliLmF1dGguYmFja2VuZHMuTW9kZWxCYWNrZW5kIn0=	2019-03-13 23:13:47.288556
p3s6sd6ohxxp4a2672mqf2tgj5y0t8g7	YzAxYzRhZTUyNjkwMjgyNTM4ZjYwYTUzMDM2MDE5ZGMzMTI3NTE2Yjp7Il9hdXRoX3VzZXJfaWQiOiIyIiwiX2F1dGhfdXNlcl9iYWNrZW5kIjoiZGphbmdvLmNvbnRyaWIuYXV0aC5iYWNrZW5kcy5Nb2RlbEJhY2tlbmQiLCJfYXV0aF91c2VyX2hhc2giOiI2NDE4M2IzYmFlYjExMDFjZjY5NDRmOTdmZTJiNjRmMmNkNWRjNjk5In0=	2019-07-16 20:02:48.522427
p5vraewfukxz31lhni0n83c8tiy2icl2	YWMxOWQxYzQzYzkzZjUwOTY4YmY0ZTQ5MDUxOWFhMzBiNzNhZThlZjp7Il9hdXRoX3VzZXJfaWQiOiIyIiwiX2F1dGhfdXNlcl9iYWNrZW5kIjoiZGphbmdvLmNvbnRyaWIuYXV0aC5iYWNrZW5kcy5Nb2RlbEJhY2tlbmQiLCJfYXV0aF91c2VyX2hhc2giOiI3NDEzOWI5NjVhNjgzMjU4NTkzNTNhM2EyODUyNjY3MDM4OGNjZjQ1In0=	2018-06-26 01:59:28.543705
p7xcopybfc61zdw2subra9w9k8ewnp47	N2Q3NzdhNDVjMzhhNWM0OTU3Y2MxNjJmZjlkNGFkOTEyNmM5NzQ5MTp7Il9hdXRoX3VzZXJfYmFja2VuZCI6ImRqYW5nby5jb250cmliLmF1dGguYmFja2VuZHMuTW9kZWxCYWNrZW5kIiwiX2F1dGhfdXNlcl9oYXNoIjoiNjQxODNiM2JhZWIxMTAxY2Y2OTQ0Zjk3ZmUyYjY0ZjJjZDVkYzY5OSIsIl9hdXRoX3VzZXJfaWQiOiIyIn0=	2019-10-14 20:06:22.588456
p970n1t2plozrkjug6vyttdolysfwqdj	NGVkMWViODA2Yzk1YTViOGJjY2M0ZDFiYTdhN2I1ZmYxZjdhOTUxMjp7Il9hdXRoX3VzZXJfaGFzaCI6Ijc0MTM5Yjk2NWE2ODMyNTg1OTM1M2EzYTI4NTI2NjcwMzg4Y2NmNDUiLCJfYXV0aF91c2VyX2lkIjoiMiIsIl9hdXRoX3VzZXJfYmFja2VuZCI6ImRqYW5nby5jb250cmliLmF1dGguYmFja2VuZHMuTW9kZWxCYWNrZW5kIn0=	2018-08-06 01:39:12.133586
phcpq89zz2vduazld3fnkv73s2snfyom	ZGIzNDM1Zjg4MzQ2MGRhODZlMTU3NWVkY2IzMDYzMDY4MDUyMGZhMjp7Il9hdXRoX3VzZXJfaWQiOiIxNSIsIl9hdXRoX3VzZXJfYmFja2VuZCI6ImRqYW5nby5jb250cmliLmF1dGguYmFja2VuZHMuTW9kZWxCYWNrZW5kIiwiX2F1dGhfdXNlcl9oYXNoIjoiODcwNDU2OTk5YmRjYjE1NWViOTU5MWZkMWQwMGNmNzE3NTE2YWY5MyJ9	2019-11-19 17:36:12.620243
phy48o9eq9jt48z3r2b6qe5xvw85objs	OWZjYjg3YzA0NDA5OGYwYWRhYjU3Yjc5ZmI3NTkyODk3NjZjNzUwNDp7Il9hdXRoX3VzZXJfYmFja2VuZCI6ImRqYW5nby5jb250cmliLmF1dGguYmFja2VuZHMuTW9kZWxCYWNrZW5kIiwiX2F1dGhfdXNlcl9pZCI6IjIiLCJfYXV0aF91c2VyX2hhc2giOiI3NDEzOWI5NjVhNjgzMjU4NTkzNTNhM2EyODUyNjY3MDM4OGNjZjQ1In0=	2018-09-27 15:51:35.839555
pkkldd9vibzont5iry1rfqlw62e6cavw	ZGUwYjk0NjRkYTYyODlhYjJlNjJlNzU5NzNjNzE0Y2ZkZThjYmIzZDp7Il9hdXRoX3VzZXJfaGFzaCI6IjY0MTgzYjNiYWViMTEwMWNmNjk0NGY5N2ZlMmI2NGYyY2Q1ZGM2OTkiLCJfYXV0aF91c2VyX2lkIjoiMiIsIl9hdXRoX3VzZXJfYmFja2VuZCI6ImRqYW5nby5jb250cmliLmF1dGguYmFja2VuZHMuTW9kZWxCYWNrZW5kIn0=	2019-11-26 18:05:20.627847
pm2pbso7elzpkjjmhjc4brn27zp38x1f	NmJiZmVlYzVkYzZkNmJiMTc2MDhiYmNhYjRhM2UwY2NkNGRmNzkyZDp7Il9hdXRoX3VzZXJfaWQiOiIyIiwiX2F1dGhfdXNlcl9oYXNoIjoiNzQxMzliOTY1YTY4MzI1ODU5MzUzYTNhMjg1MjY2NzAzODhjY2Y0NSIsIl9hdXRoX3VzZXJfYmFja2VuZCI6ImRqYW5nby5jb250cmliLmF1dGguYmFja2VuZHMuTW9kZWxCYWNrZW5kIn0=	2019-01-28 14:31:32.880298
pmwqa26wyc5lh8n636mcyhyr2ks70l5e	ZjhkNzBlOTQ2OGFmZmY2NmU5OGExZGZkN2FjNmE0OTNmZDdiODZlNDp7Il9hdXRoX3VzZXJfYmFja2VuZCI6ImRqYW5nby5jb250cmliLmF1dGguYmFja2VuZHMuTW9kZWxCYWNrZW5kIiwiX2F1dGhfdXNlcl9oYXNoIjoiZTg2ZWNjOWM0Y2ExYmJjOTE3ZTIzZTA3YTBkNDYyNzM5ZjY2ZmQzYSIsIl9hdXRoX3VzZXJfaWQiOiIyOSJ9	2018-05-16 15:04:48.572356
pooyzza7rmzqattz5gr2zoflvrf0rk7k	OGVlNWExNTBiMDdjYWI0OGY4MzNjM2UyMDFmODUzOGYxZDhiZGRkNjp7Il9hdXRoX3VzZXJfYmFja2VuZCI6ImRqYW5nby5jb250cmliLmF1dGguYmFja2VuZHMuTW9kZWxCYWNrZW5kIiwiX2F1dGhfdXNlcl9pZCI6IjIiLCJfYXV0aF91c2VyX2hhc2giOiI2NDE4M2IzYmFlYjExMDFjZjY5NDRmOTdmZTJiNjRmMmNkNWRjNjk5In0=	2019-06-03 15:02:08.62371
pqcvmispj1ah3dic4igiajt8ti103j0b	ODg3NTM0MDQwOWNhZjg4NDNjY2QwYWYxZjkzMDdjODhmYzMwMTFmZDp7Il9hdXRoX3VzZXJfYmFja2VuZCI6ImRqYW5nby5jb250cmliLmF1dGguYmFja2VuZHMuTW9kZWxCYWNrZW5kIiwiX2F1dGhfdXNlcl9oYXNoIjoiMTVmZTAxOGRjYjI4ZDZjZmNlZDFmMmEyM2FiNmUyM2RmZTZkODFkZSIsIl9hdXRoX3VzZXJfaWQiOiI5In0=	2018-05-16 14:46:26.619288
ptsj7le7v0fafsd9grf5x14gl2whp1z6	OWZjYjg3YzA0NDA5OGYwYWRhYjU3Yjc5ZmI3NTkyODk3NjZjNzUwNDp7Il9hdXRoX3VzZXJfYmFja2VuZCI6ImRqYW5nby5jb250cmliLmF1dGguYmFja2VuZHMuTW9kZWxCYWNrZW5kIiwiX2F1dGhfdXNlcl9pZCI6IjIiLCJfYXV0aF91c2VyX2hhc2giOiI3NDEzOWI5NjVhNjgzMjU4NTkzNTNhM2EyODUyNjY3MDM4OGNjZjQ1In0=	2019-01-27 15:38:20.837278
pwerbvju10cvocqd0p84ttarlmr35xn2	ZmYwZWVlMzFkMDQ4ZjhlZjJjZjgxMzY1OWQxNzBlYzliYTQyYmI5Yjp7Il9hdXRoX3VzZXJfaWQiOiIzNyIsIl9hdXRoX3VzZXJfaGFzaCI6IjA5ODM5YWNjZTFhNjcyNTVkMzY4MTExMWQzY2RkZTBhMDg1MmQ3M2IiLCJfYXV0aF91c2VyX2JhY2tlbmQiOiJkamFuZ28uY29udHJpYi5hdXRoLmJhY2tlbmRzLk1vZGVsQmFja2VuZCJ9	2018-06-27 11:43:15.130898
pwst1j7osxr9jo9lf4pe7dsfenuen7o2	NzdiYzUyODFiZTQwOTNiNDI5YzgxNzdmNTRhNWRlOThhOTA0YmE2NDp7Il9hdXRoX3VzZXJfYmFja2VuZCI6ImRqYW5nby5jb250cmliLmF1dGguYmFja2VuZHMuTW9kZWxCYWNrZW5kIiwiX2F1dGhfdXNlcl9pZCI6IjE0IiwiX2F1dGhfdXNlcl9oYXNoIjoiMTVmZTAxOGRjYjI4ZDZjZmNlZDFmMmEyM2FiNmUyM2RmZTZkODFkZSJ9	2018-03-29 16:57:13.883
pyonl1yh33tqxgg3bc9xezp6xc0u3k8w	ZGUwYjk0NjRkYTYyODlhYjJlNjJlNzU5NzNjNzE0Y2ZkZThjYmIzZDp7Il9hdXRoX3VzZXJfaGFzaCI6IjY0MTgzYjNiYWViMTEwMWNmNjk0NGY5N2ZlMmI2NGYyY2Q1ZGM2OTkiLCJfYXV0aF91c2VyX2lkIjoiMiIsIl9hdXRoX3VzZXJfYmFja2VuZCI6ImRqYW5nby5jb250cmliLmF1dGguYmFja2VuZHMuTW9kZWxCYWNrZW5kIn0=	2019-03-26 15:58:24.745946
q1synox483mp2v8dlr20mz3oa1zieiqw	ZGUwYjk0NjRkYTYyODlhYjJlNjJlNzU5NzNjNzE0Y2ZkZThjYmIzZDp7Il9hdXRoX3VzZXJfaGFzaCI6IjY0MTgzYjNiYWViMTEwMWNmNjk0NGY5N2ZlMmI2NGYyY2Q1ZGM2OTkiLCJfYXV0aF91c2VyX2lkIjoiMiIsIl9hdXRoX3VzZXJfYmFja2VuZCI6ImRqYW5nby5jb250cmliLmF1dGguYmFja2VuZHMuTW9kZWxCYWNrZW5kIn0=	2019-12-11 20:47:39.481688
q3pctvodjme4d8wex30yqebz0v1or0ht	YWMxNDMyN2YwNTQ2ZDk3OGIyNmM1Y2YwY2U1OGNiYjU0MzQzOWQ5Yjp7Il9hdXRoX3VzZXJfYmFja2VuZCI6ImRqYW5nby5jb250cmliLmF1dGguYmFja2VuZHMuTW9kZWxCYWNrZW5kIiwiX2F1dGhfdXNlcl9oYXNoIjoiNzQxMzliOTY1YTY4MzI1ODU5MzUzYTNhMjg1MjY2NzAzODhjY2Y0NSIsIl9hdXRoX3VzZXJfaWQiOiIyIn0=	2018-04-25 01:42:05.908887
q4xd3bevcjn6tpxabdu4h1vxpfdo21gf	ZGUwYjk0NjRkYTYyODlhYjJlNjJlNzU5NzNjNzE0Y2ZkZThjYmIzZDp7Il9hdXRoX3VzZXJfaGFzaCI6IjY0MTgzYjNiYWViMTEwMWNmNjk0NGY5N2ZlMmI2NGYyY2Q1ZGM2OTkiLCJfYXV0aF91c2VyX2lkIjoiMiIsIl9hdXRoX3VzZXJfYmFja2VuZCI6ImRqYW5nby5jb250cmliLmF1dGguYmFja2VuZHMuTW9kZWxCYWNrZW5kIn0=	2019-09-07 14:21:01.184808
q5xcnn8i9ozchoqfua3v0f3olwbkhn3q	YWMxOWQxYzQzYzkzZjUwOTY4YmY0ZTQ5MDUxOWFhMzBiNzNhZThlZjp7Il9hdXRoX3VzZXJfaWQiOiIyIiwiX2F1dGhfdXNlcl9iYWNrZW5kIjoiZGphbmdvLmNvbnRyaWIuYXV0aC5iYWNrZW5kcy5Nb2RlbEJhY2tlbmQiLCJfYXV0aF91c2VyX2hhc2giOiI3NDEzOWI5NjVhNjgzMjU4NTkzNTNhM2EyODUyNjY3MDM4OGNjZjQ1In0=	2018-11-21 18:20:01.684332
q6olcik5gafb7wxvpp47r6o37hufbpey	NmJiZmVlYzVkYzZkNmJiMTc2MDhiYmNhYjRhM2UwY2NkNGRmNzkyZDp7Il9hdXRoX3VzZXJfaWQiOiIyIiwiX2F1dGhfdXNlcl9oYXNoIjoiNzQxMzliOTY1YTY4MzI1ODU5MzUzYTNhMjg1MjY2NzAzODhjY2Y0NSIsIl9hdXRoX3VzZXJfYmFja2VuZCI6ImRqYW5nby5jb250cmliLmF1dGguYmFja2VuZHMuTW9kZWxCYWNrZW5kIn0=	2019-01-27 16:28:42.419639
q8efbsvvkkl4o059133ksw1gg62kz0s3	N2Q3NzdhNDVjMzhhNWM0OTU3Y2MxNjJmZjlkNGFkOTEyNmM5NzQ5MTp7Il9hdXRoX3VzZXJfYmFja2VuZCI6ImRqYW5nby5jb250cmliLmF1dGguYmFja2VuZHMuTW9kZWxCYWNrZW5kIiwiX2F1dGhfdXNlcl9oYXNoIjoiNjQxODNiM2JhZWIxMTAxY2Y2OTQ0Zjk3ZmUyYjY0ZjJjZDVkYzY5OSIsIl9hdXRoX3VzZXJfaWQiOiIyIn0=	2019-04-29 14:25:36.081341
q9quaixg4wjlsfiislbc0jswta3praxd	NzlhNDY5MWZmYzBkYWRlYjUyY2Y3MjBiZWM3NThmZmJlNzFiODlkYzp7Il9hdXRoX3VzZXJfaWQiOiIyIiwiX2F1dGhfdXNlcl9oYXNoIjoiNjQxODNiM2JhZWIxMTAxY2Y2OTQ0Zjk3ZmUyYjY0ZjJjZDVkYzY5OSIsIl9hdXRoX3VzZXJfYmFja2VuZCI6ImRqYW5nby5jb250cmliLmF1dGguYmFja2VuZHMuTW9kZWxCYWNrZW5kIn0=	2019-07-02 20:57:34.232385
qc0w1196emwuonr5ve93ktorkz94opa2	YWMxOWQxYzQzYzkzZjUwOTY4YmY0ZTQ5MDUxOWFhMzBiNzNhZThlZjp7Il9hdXRoX3VzZXJfaWQiOiIyIiwiX2F1dGhfdXNlcl9iYWNrZW5kIjoiZGphbmdvLmNvbnRyaWIuYXV0aC5iYWNrZW5kcy5Nb2RlbEJhY2tlbmQiLCJfYXV0aF91c2VyX2hhc2giOiI3NDEzOWI5NjVhNjgzMjU4NTkzNTNhM2EyODUyNjY3MDM4OGNjZjQ1In0=	2018-11-29 03:44:28.450898
qc9q1tofty14637oim9kq83xdbg2rqfs	YzMzZDYxODdjYTJmMGM0Mzk2NTI3ODg4NTRhOTM3MjA0MTVkNGIwMDp7Il9hdXRoX3VzZXJfaGFzaCI6IjQwOTZkODFkNjJkZDEzOTNhZTFiOGYwMjk0ZjYwNmYxZjFjMjlhNDAiLCJfYXV0aF91c2VyX2lkIjoiMTgiLCJfYXV0aF91c2VyX2JhY2tlbmQiOiJkamFuZ28uY29udHJpYi5hdXRoLmJhY2tlbmRzLk1vZGVsQmFja2VuZCJ9	2018-04-11 14:35:23.785
qdagozn3o3zj7q90xqf4814xathwk2en	NGVkMWViODA2Yzk1YTViOGJjY2M0ZDFiYTdhN2I1ZmYxZjdhOTUxMjp7Il9hdXRoX3VzZXJfaGFzaCI6Ijc0MTM5Yjk2NWE2ODMyNTg1OTM1M2EzYTI4NTI2NjcwMzg4Y2NmNDUiLCJfYXV0aF91c2VyX2lkIjoiMiIsIl9hdXRoX3VzZXJfYmFja2VuZCI6ImRqYW5nby5jb250cmliLmF1dGguYmFja2VuZHMuTW9kZWxCYWNrZW5kIn0=	2019-03-10 21:35:19.204767
qet0wr2pzh0f6ky9807tt2xfxq32fg9r	YWMxNDMyN2YwNTQ2ZDk3OGIyNmM1Y2YwY2U1OGNiYjU0MzQzOWQ5Yjp7Il9hdXRoX3VzZXJfYmFja2VuZCI6ImRqYW5nby5jb250cmliLmF1dGguYmFja2VuZHMuTW9kZWxCYWNrZW5kIiwiX2F1dGhfdXNlcl9oYXNoIjoiNzQxMzliOTY1YTY4MzI1ODU5MzUzYTNhMjg1MjY2NzAzODhjY2Y0NSIsIl9hdXRoX3VzZXJfaWQiOiIyIn0=	2019-01-13 21:47:57.576693
qezkgpi4i91jvbnnb1x32x2mcf036w04	YWMxOWQxYzQzYzkzZjUwOTY4YmY0ZTQ5MDUxOWFhMzBiNzNhZThlZjp7Il9hdXRoX3VzZXJfaWQiOiIyIiwiX2F1dGhfdXNlcl9iYWNrZW5kIjoiZGphbmdvLmNvbnRyaWIuYXV0aC5iYWNrZW5kcy5Nb2RlbEJhY2tlbmQiLCJfYXV0aF91c2VyX2hhc2giOiI3NDEzOWI5NjVhNjgzMjU4NTkzNTNhM2EyODUyNjY3MDM4OGNjZjQ1In0=	2018-05-19 14:13:33.571676
qfjk1owx7gc3967brxr5j117y8dha4ag	YzAxYzRhZTUyNjkwMjgyNTM4ZjYwYTUzMDM2MDE5ZGMzMTI3NTE2Yjp7Il9hdXRoX3VzZXJfaWQiOiIyIiwiX2F1dGhfdXNlcl9iYWNrZW5kIjoiZGphbmdvLmNvbnRyaWIuYXV0aC5iYWNrZW5kcy5Nb2RlbEJhY2tlbmQiLCJfYXV0aF91c2VyX2hhc2giOiI2NDE4M2IzYmFlYjExMDFjZjY5NDRmOTdmZTJiNjRmMmNkNWRjNjk5In0=	2019-06-02 09:35:32.397133
qgnhgwmoa8tmlv3jwgiflrh6rjeyyxj1	N2UzMDdkNjg4MTE2MGQxYmFlYWFmZWE1NzNmNzM2NWJlMmZhNWJiMDp7Il9hdXRoX3VzZXJfaWQiOiI5IiwiX2F1dGhfdXNlcl9oYXNoIjoiMTVmZTAxOGRjYjI4ZDZjZmNlZDFmMmEyM2FiNmUyM2RmZTZkODFkZSIsIl9hdXRoX3VzZXJfYmFja2VuZCI6ImRqYW5nby5jb250cmliLmF1dGguYmFja2VuZHMuTW9kZWxCYWNrZW5kIn0=	2018-05-12 00:11:17.539901
qhlbfkuiv53vn61pk7sgfg80et9e486h	OTVlODlkNGZhYjBlNTBhZmU4Y2NkOWNiYWIzYjkyZDNiYWVmZWY0OTp7Il9hdXRoX3VzZXJfaGFzaCI6Ijc0MTM5Yjk2NWE2ODMyNTg1OTM1M2EzYTI4NTI2NjcwMzg4Y2NmNDUiLCJfYXV0aF91c2VyX2JhY2tlbmQiOiJkamFuZ28uY29udHJpYi5hdXRoLmJhY2tlbmRzLk1vZGVsQmFja2VuZCIsIl9hdXRoX3VzZXJfaWQiOiIyIn0=	2018-09-02 14:58:39.795955
qipffqgmjnsb1p29pc7pgdexllbdvno3	YWZlZDNlOGJmMGQzMGZjYjFhMzU3NTE1ZDk1MjVkNWM3M2M2OGU5Zjp7Il9hdXRoX3VzZXJfaGFzaCI6IjkyY2FmYTkyN2IyNzQzZjA3NTFmY2I1NmYwNmIyODdlMDNmODJlOTciLCJfYXV0aF91c2VyX2lkIjoiMSIsIl9hdXRoX3VzZXJfYmFja2VuZCI6ImRqYW5nby5jb250cmliLmF1dGguYmFja2VuZHMuTW9kZWxCYWNrZW5kIn0=	2018-03-26 01:41:39.863
qpeo51wktze46c8axni5t6xlgf3uzmi7	MWFlNDc0MTc5YWVjMTUzOGUzOTBkYmE3YjI5ZWFhMWRlMWJjOWExMTp7Il9hdXRoX3VzZXJfaGFzaCI6IjY0MTgzYjNiYWViMTEwMWNmNjk0NGY5N2ZlMmI2NGYyY2Q1ZGM2OTkiLCJfYXV0aF91c2VyX2JhY2tlbmQiOiJkamFuZ28uY29udHJpYi5hdXRoLmJhY2tlbmRzLk1vZGVsQmFja2VuZCIsIl9hdXRoX3VzZXJfaWQiOiIyIn0=	2019-10-12 01:00:05.262477
qq2n0cmczeeeqdpk0e7r083jnwme3wkm	YzAxYzRhZTUyNjkwMjgyNTM4ZjYwYTUzMDM2MDE5ZGMzMTI3NTE2Yjp7Il9hdXRoX3VzZXJfaWQiOiIyIiwiX2F1dGhfdXNlcl9iYWNrZW5kIjoiZGphbmdvLmNvbnRyaWIuYXV0aC5iYWNrZW5kcy5Nb2RlbEJhY2tlbmQiLCJfYXV0aF91c2VyX2hhc2giOiI2NDE4M2IzYmFlYjExMDFjZjY5NDRmOTdmZTJiNjRmMmNkNWRjNjk5In0=	2019-10-10 14:35:54.468276
qv8m0f4rlls7b3x1nyjo2aso3oc08ky1	NDBiZmU0Y2RjOTEzNjVlYjI0NDczYzJlNTdhYjQ5ODFkNDNmNWJkNDp7Il9hdXRoX3VzZXJfaWQiOiIyNiIsIl9hdXRoX3VzZXJfaGFzaCI6IjQxOTFiMDBiNDMyZThiNjNjOWZlODk3YjFjYThhMzgwY2NhYTFkZjciLCJfYXV0aF91c2VyX2JhY2tlbmQiOiJkamFuZ28uY29udHJpYi5hdXRoLmJhY2tlbmRzLk1vZGVsQmFja2VuZCJ9	2018-05-11 21:25:12.526402
qz68pu2na557x66sfshv9b9c8wewxf3g	MWFlNDc0MTc5YWVjMTUzOGUzOTBkYmE3YjI5ZWFhMWRlMWJjOWExMTp7Il9hdXRoX3VzZXJfaGFzaCI6IjY0MTgzYjNiYWViMTEwMWNmNjk0NGY5N2ZlMmI2NGYyY2Q1ZGM2OTkiLCJfYXV0aF91c2VyX2JhY2tlbmQiOiJkamFuZ28uY29udHJpYi5hdXRoLmJhY2tlbmRzLk1vZGVsQmFja2VuZCIsIl9hdXRoX3VzZXJfaWQiOiIyIn0=	2019-10-09 15:44:12.545933
qzob2vu54m5bcxu5szve879c5s25ieu0	MzU2MDg5YzU1MzA2MTNhNDBmMDgzMTBmNmM0ZDIyZjhiNjhmNTVkZjp7Il9hdXRoX3VzZXJfaWQiOiIxIiwiX2F1dGhfdXNlcl9iYWNrZW5kIjoiZGphbmdvLmNvbnRyaWIuYXV0aC5iYWNrZW5kcy5Nb2RlbEJhY2tlbmQiLCJfYXV0aF91c2VyX2hhc2giOiI5MmNhZmE5MjdiMjc0M2YwNzUxZmNiNTZmMDZiMjg3ZTAzZjgyZTk3In0=	2019-03-21 04:01:02.44224
qzub74kyxybgqrgae6sa6g02p00ztb1k	YWMxNDMyN2YwNTQ2ZDk3OGIyNmM1Y2YwY2U1OGNiYjU0MzQzOWQ5Yjp7Il9hdXRoX3VzZXJfYmFja2VuZCI6ImRqYW5nby5jb250cmliLmF1dGguYmFja2VuZHMuTW9kZWxCYWNrZW5kIiwiX2F1dGhfdXNlcl9oYXNoIjoiNzQxMzliOTY1YTY4MzI1ODU5MzUzYTNhMjg1MjY2NzAzODhjY2Y0NSIsIl9hdXRoX3VzZXJfaWQiOiIyIn0=	2018-04-05 02:53:38.177
r0401n9xxj1bpiafdqhp9ow5avwf37un	OTVlODlkNGZhYjBlNTBhZmU4Y2NkOWNiYWIzYjkyZDNiYWVmZWY0OTp7Il9hdXRoX3VzZXJfaGFzaCI6Ijc0MTM5Yjk2NWE2ODMyNTg1OTM1M2EzYTI4NTI2NjcwMzg4Y2NmNDUiLCJfYXV0aF91c2VyX2JhY2tlbmQiOiJkamFuZ28uY29udHJpYi5hdXRoLmJhY2tlbmRzLk1vZGVsQmFja2VuZCIsIl9hdXRoX3VzZXJfaWQiOiIyIn0=	2019-01-17 20:50:52.561059
r1fjol16yphdjq4e6pt2u0yi479r13r3	OWZjYjg3YzA0NDA5OGYwYWRhYjU3Yjc5ZmI3NTkyODk3NjZjNzUwNDp7Il9hdXRoX3VzZXJfYmFja2VuZCI6ImRqYW5nby5jb250cmliLmF1dGguYmFja2VuZHMuTW9kZWxCYWNrZW5kIiwiX2F1dGhfdXNlcl9pZCI6IjIiLCJfYXV0aF91c2VyX2hhc2giOiI3NDEzOWI5NjVhNjgzMjU4NTkzNTNhM2EyODUyNjY3MDM4OGNjZjQ1In0=	2018-07-11 21:40:58.936188
r1su25r9tkbz5b3t5gjy2dj0a68bo6r7	ZWM1NTZkZjkwMjNhOTBkYTY0YzQ4YjcxNzZiOWVhOTgzNDRhODM3NDp7Il9hdXRoX3VzZXJfaWQiOiIzMSIsIl9hdXRoX3VzZXJfaGFzaCI6Ijc2MDRkYjc1ZmQ1YWYzMjk2NGUwM2EwNjJkYjg5MTkxOWNhZThlMTUiLCJfYXV0aF91c2VyX2JhY2tlbmQiOiJkamFuZ28uY29udHJpYi5hdXRoLmJhY2tlbmRzLk1vZGVsQmFja2VuZCJ9	2018-09-10 23:38:49.71439
r2vaovpsjmy6kt1tgmad548hh9d9li9f	MjkxZTM4Y2U0NDI3MTQ4ODg2ZDZlM2FiNGQzMWY0NjgwY2MzNjE4Yzp7Il9hdXRoX3VzZXJfaGFzaCI6IjE1ZmUwMThkY2IyOGQ2Y2ZjZWQxZjJhMjNhYjZlMjNkZmU2ZDgxZGUiLCJfYXV0aF91c2VyX2JhY2tlbmQiOiJkamFuZ28uY29udHJpYi5hdXRoLmJhY2tlbmRzLk1vZGVsQmFja2VuZCIsIl9hdXRoX3VzZXJfaWQiOiI5In0=	2018-05-10 01:31:56.263618
r3u8rgrhg81ajopg1vwjafoe3hy345kl	YzAxYzRhZTUyNjkwMjgyNTM4ZjYwYTUzMDM2MDE5ZGMzMTI3NTE2Yjp7Il9hdXRoX3VzZXJfaWQiOiIyIiwiX2F1dGhfdXNlcl9iYWNrZW5kIjoiZGphbmdvLmNvbnRyaWIuYXV0aC5iYWNrZW5kcy5Nb2RlbEJhY2tlbmQiLCJfYXV0aF91c2VyX2hhc2giOiI2NDE4M2IzYmFlYjExMDFjZjY5NDRmOTdmZTJiNjRmMmNkNWRjNjk5In0=	2019-10-23 18:11:19.960801
r4ub8g71mpvvor5i7m5x0gvj2nri9566	NmJiZmVlYzVkYzZkNmJiMTc2MDhiYmNhYjRhM2UwY2NkNGRmNzkyZDp7Il9hdXRoX3VzZXJfaWQiOiIyIiwiX2F1dGhfdXNlcl9oYXNoIjoiNzQxMzliOTY1YTY4MzI1ODU5MzUzYTNhMjg1MjY2NzAzODhjY2Y0NSIsIl9hdXRoX3VzZXJfYmFja2VuZCI6ImRqYW5nby5jb250cmliLmF1dGguYmFja2VuZHMuTW9kZWxCYWNrZW5kIn0=	2019-01-27 16:16:50.691308
r8m7epn753z4w1yef7ibqb1m0hfym6jz	Y2RhMWUzNThjZDM1ZGNkZmRhYjk3ZjUyOGQzZWQxN2VlYTMzYzAzNTp7Il9hdXRoX3VzZXJfYmFja2VuZCI6ImRqYW5nby5jb250cmliLmF1dGguYmFja2VuZHMuTW9kZWxCYWNrZW5kIiwiX2F1dGhfdXNlcl9oYXNoIjoiZWMxMDk0ZmUyMTk0MjY1ZjJhOTIzMDE1NTY0NDg0YWRkYWE1YzdmYSIsIl9hdXRoX3VzZXJfaWQiOiIxOCJ9	2018-06-30 17:43:04.353118
rh8tm1h3ua49i61y9qosr9ifw737rtrq	NzlhNDY5MWZmYzBkYWRlYjUyY2Y3MjBiZWM3NThmZmJlNzFiODlkYzp7Il9hdXRoX3VzZXJfaWQiOiIyIiwiX2F1dGhfdXNlcl9oYXNoIjoiNjQxODNiM2JhZWIxMTAxY2Y2OTQ0Zjk3ZmUyYjY0ZjJjZDVkYzY5OSIsIl9hdXRoX3VzZXJfYmFja2VuZCI6ImRqYW5nby5jb250cmliLmF1dGguYmFja2VuZHMuTW9kZWxCYWNrZW5kIn0=	2019-07-03 18:47:43.986674
rpvt4eoy06xitrya7375ofyca8q0pdgd	OWZjYjg3YzA0NDA5OGYwYWRhYjU3Yjc5ZmI3NTkyODk3NjZjNzUwNDp7Il9hdXRoX3VzZXJfYmFja2VuZCI6ImRqYW5nby5jb250cmliLmF1dGguYmFja2VuZHMuTW9kZWxCYWNrZW5kIiwiX2F1dGhfdXNlcl9pZCI6IjIiLCJfYXV0aF91c2VyX2hhc2giOiI3NDEzOWI5NjVhNjgzMjU4NTkzNTNhM2EyODUyNjY3MDM4OGNjZjQ1In0=	2018-10-23 20:59:19.811145
rvdiz815zhy2s18diew0dklc2jlz1psp	NmJiZmVlYzVkYzZkNmJiMTc2MDhiYmNhYjRhM2UwY2NkNGRmNzkyZDp7Il9hdXRoX3VzZXJfaWQiOiIyIiwiX2F1dGhfdXNlcl9oYXNoIjoiNzQxMzliOTY1YTY4MzI1ODU5MzUzYTNhMjg1MjY2NzAzODhjY2Y0NSIsIl9hdXRoX3VzZXJfYmFja2VuZCI6ImRqYW5nby5jb250cmliLmF1dGguYmFja2VuZHMuTW9kZWxCYWNrZW5kIn0=	2018-07-28 12:39:37.087439
rweldzeglnuryw1iz5cj1c87h3fadtpy	NmJiZmVlYzVkYzZkNmJiMTc2MDhiYmNhYjRhM2UwY2NkNGRmNzkyZDp7Il9hdXRoX3VzZXJfaWQiOiIyIiwiX2F1dGhfdXNlcl9oYXNoIjoiNzQxMzliOTY1YTY4MzI1ODU5MzUzYTNhMjg1MjY2NzAzODhjY2Y0NSIsIl9hdXRoX3VzZXJfYmFja2VuZCI6ImRqYW5nby5jb250cmliLmF1dGguYmFja2VuZHMuTW9kZWxCYWNrZW5kIn0=	2018-06-27 22:20:14.603146
rycr2uxbuxudms6tucsozu05nf8pja7m	YzAxYzRhZTUyNjkwMjgyNTM4ZjYwYTUzMDM2MDE5ZGMzMTI3NTE2Yjp7Il9hdXRoX3VzZXJfaWQiOiIyIiwiX2F1dGhfdXNlcl9iYWNrZW5kIjoiZGphbmdvLmNvbnRyaWIuYXV0aC5iYWNrZW5kcy5Nb2RlbEJhY2tlbmQiLCJfYXV0aF91c2VyX2hhc2giOiI2NDE4M2IzYmFlYjExMDFjZjY5NDRmOTdmZTJiNjRmMmNkNWRjNjk5In0=	2019-06-04 17:38:18.256745
rzi23jjg1sew4jdavt1g0lnd117le0wc	YzAxYzRhZTUyNjkwMjgyNTM4ZjYwYTUzMDM2MDE5ZGMzMTI3NTE2Yjp7Il9hdXRoX3VzZXJfaWQiOiIyIiwiX2F1dGhfdXNlcl9iYWNrZW5kIjoiZGphbmdvLmNvbnRyaWIuYXV0aC5iYWNrZW5kcy5Nb2RlbEJhY2tlbmQiLCJfYXV0aF91c2VyX2hhc2giOiI2NDE4M2IzYmFlYjExMDFjZjY5NDRmOTdmZTJiNjRmMmNkNWRjNjk5In0=	2019-11-20 19:18:30.615545
rzvu2rjycj4f89hryp5rl1fh5saro3pc	OWZjYjg3YzA0NDA5OGYwYWRhYjU3Yjc5ZmI3NTkyODk3NjZjNzUwNDp7Il9hdXRoX3VzZXJfYmFja2VuZCI6ImRqYW5nby5jb250cmliLmF1dGguYmFja2VuZHMuTW9kZWxCYWNrZW5kIiwiX2F1dGhfdXNlcl9pZCI6IjIiLCJfYXV0aF91c2VyX2hhc2giOiI3NDEzOWI5NjVhNjgzMjU4NTkzNTNhM2EyODUyNjY3MDM4OGNjZjQ1In0=	2018-12-20 00:24:47.263442
s20wbm9vro2e332cq5j703iwccqaxa8z	OGVlNWExNTBiMDdjYWI0OGY4MzNjM2UyMDFmODUzOGYxZDhiZGRkNjp7Il9hdXRoX3VzZXJfYmFja2VuZCI6ImRqYW5nby5jb250cmliLmF1dGguYmFja2VuZHMuTW9kZWxCYWNrZW5kIiwiX2F1dGhfdXNlcl9pZCI6IjIiLCJfYXV0aF91c2VyX2hhc2giOiI2NDE4M2IzYmFlYjExMDFjZjY5NDRmOTdmZTJiNjRmMmNkNWRjNjk5In0=	2019-05-07 17:40:25.265585
s3tidfj5libiluw4ngkb7x2dd00jdvqm	ZGUwYjk0NjRkYTYyODlhYjJlNjJlNzU5NzNjNzE0Y2ZkZThjYmIzZDp7Il9hdXRoX3VzZXJfaGFzaCI6IjY0MTgzYjNiYWViMTEwMWNmNjk0NGY5N2ZlMmI2NGYyY2Q1ZGM2OTkiLCJfYXV0aF91c2VyX2lkIjoiMiIsIl9hdXRoX3VzZXJfYmFja2VuZCI6ImRqYW5nby5jb250cmliLmF1dGguYmFja2VuZHMuTW9kZWxCYWNrZW5kIn0=	2020-01-01 21:23:47.364131
s66124ay8nfmwqlrjjx7oba6mag3ctks	NzlhNDY5MWZmYzBkYWRlYjUyY2Y3MjBiZWM3NThmZmJlNzFiODlkYzp7Il9hdXRoX3VzZXJfaWQiOiIyIiwiX2F1dGhfdXNlcl9oYXNoIjoiNjQxODNiM2JhZWIxMTAxY2Y2OTQ0Zjk3ZmUyYjY0ZjJjZDVkYzY5OSIsIl9hdXRoX3VzZXJfYmFja2VuZCI6ImRqYW5nby5jb250cmliLmF1dGguYmFja2VuZHMuTW9kZWxCYWNrZW5kIn0=	2019-08-22 22:29:31.738267
s6srfkqekf47ptblt70gud7f4w0ncjb0	OWZjYjg3YzA0NDA5OGYwYWRhYjU3Yjc5ZmI3NTkyODk3NjZjNzUwNDp7Il9hdXRoX3VzZXJfYmFja2VuZCI6ImRqYW5nby5jb250cmliLmF1dGguYmFja2VuZHMuTW9kZWxCYWNrZW5kIiwiX2F1dGhfdXNlcl9pZCI6IjIiLCJfYXV0aF91c2VyX2hhc2giOiI3NDEzOWI5NjVhNjgzMjU4NTkzNTNhM2EyODUyNjY3MDM4OGNjZjQ1In0=	2018-12-24 15:57:51.280822
sc2774odxud8kgax9l4gxyalblg01t80	NzFjYzlmMjlhNGE1YWY1ZTJjYzRiYjY5ZjA4Mzk3ZGVmZmZkYzY1NDp7Il9hdXRoX3VzZXJfaWQiOiIxNSIsIl9hdXRoX3VzZXJfaGFzaCI6Ijg3MDQ1Njk5OWJkY2IxNTVlYjk1OTFmZDFkMDBjZjcxNzUxNmFmOTMiLCJfYXV0aF91c2VyX2JhY2tlbmQiOiJkamFuZ28uY29udHJpYi5hdXRoLmJhY2tlbmRzLk1vZGVsQmFja2VuZCJ9	2019-09-25 22:28:45.488929
sdfwsdotkotinwf79xzyie2nx08zai9w	ODg3NTM0MDQwOWNhZjg4NDNjY2QwYWYxZjkzMDdjODhmYzMwMTFmZDp7Il9hdXRoX3VzZXJfYmFja2VuZCI6ImRqYW5nby5jb250cmliLmF1dGguYmFja2VuZHMuTW9kZWxCYWNrZW5kIiwiX2F1dGhfdXNlcl9oYXNoIjoiMTVmZTAxOGRjYjI4ZDZjZmNlZDFmMmEyM2FiNmUyM2RmZTZkODFkZSIsIl9hdXRoX3VzZXJfaWQiOiI5In0=	2018-05-16 14:45:22.529783
se750zrk7cmiqhfh6lsk2e6tovbah0j9	YWMxNDMyN2YwNTQ2ZDk3OGIyNmM1Y2YwY2U1OGNiYjU0MzQzOWQ5Yjp7Il9hdXRoX3VzZXJfYmFja2VuZCI6ImRqYW5nby5jb250cmliLmF1dGguYmFja2VuZHMuTW9kZWxCYWNrZW5kIiwiX2F1dGhfdXNlcl9oYXNoIjoiNzQxMzliOTY1YTY4MzI1ODU5MzUzYTNhMjg1MjY2NzAzODhjY2Y0NSIsIl9hdXRoX3VzZXJfaWQiOiIyIn0=	2018-05-04 02:15:40.156439
sfm33a2ehwfwr5mf0fcyeykz11w5z8f4	OWZjYjg3YzA0NDA5OGYwYWRhYjU3Yjc5ZmI3NTkyODk3NjZjNzUwNDp7Il9hdXRoX3VzZXJfYmFja2VuZCI6ImRqYW5nby5jb250cmliLmF1dGguYmFja2VuZHMuTW9kZWxCYWNrZW5kIiwiX2F1dGhfdXNlcl9pZCI6IjIiLCJfYXV0aF91c2VyX2hhc2giOiI3NDEzOWI5NjVhNjgzMjU4NTkzNTNhM2EyODUyNjY3MDM4OGNjZjQ1In0=	2018-08-01 15:05:24.650851
siki8ph3otm4cwa5iobbhy7mc6dyp73r	OTE1NjQwOTM4NmVmMGNlNzMzMmJlOWZmNmJiMzJlZDg1MTVkM2MwNjp7Il9hdXRoX3VzZXJfaWQiOiI2IiwiX2F1dGhfdXNlcl9iYWNrZW5kIjoiZGphbmdvLmNvbnRyaWIuYXV0aC5iYWNrZW5kcy5Nb2RlbEJhY2tlbmQiLCJfYXV0aF91c2VyX2hhc2giOiI1ZTVhY2YxMWVhMzY1MzYwZGJjYTcwZWExMWMzZTgyMjVjNTkyYjAyIn0=	2018-05-22 04:28:05.572984
sj113mt1ft31o9exlve1sxp1ve4mhnbs	YzAxYzRhZTUyNjkwMjgyNTM4ZjYwYTUzMDM2MDE5ZGMzMTI3NTE2Yjp7Il9hdXRoX3VzZXJfaWQiOiIyIiwiX2F1dGhfdXNlcl9iYWNrZW5kIjoiZGphbmdvLmNvbnRyaWIuYXV0aC5iYWNrZW5kcy5Nb2RlbEJhY2tlbmQiLCJfYXV0aF91c2VyX2hhc2giOiI2NDE4M2IzYmFlYjExMDFjZjY5NDRmOTdmZTJiNjRmMmNkNWRjNjk5In0=	2019-05-03 15:32:32.106754
smc4mexoguuxg76cff9o1pzhloa2fjj3	OWZjYjg3YzA0NDA5OGYwYWRhYjU3Yjc5ZmI3NTkyODk3NjZjNzUwNDp7Il9hdXRoX3VzZXJfYmFja2VuZCI6ImRqYW5nby5jb250cmliLmF1dGguYmFja2VuZHMuTW9kZWxCYWNrZW5kIiwiX2F1dGhfdXNlcl9pZCI6IjIiLCJfYXV0aF91c2VyX2hhc2giOiI3NDEzOWI5NjVhNjgzMjU4NTkzNTNhM2EyODUyNjY3MDM4OGNjZjQ1In0=	2018-12-03 13:33:22.766192
smif8e9k3ksa7zyw5asqhka79tu2qget	OWZjYjg3YzA0NDA5OGYwYWRhYjU3Yjc5ZmI3NTkyODk3NjZjNzUwNDp7Il9hdXRoX3VzZXJfYmFja2VuZCI6ImRqYW5nby5jb250cmliLmF1dGguYmFja2VuZHMuTW9kZWxCYWNrZW5kIiwiX2F1dGhfdXNlcl9pZCI6IjIiLCJfYXV0aF91c2VyX2hhc2giOiI3NDEzOWI5NjVhNjgzMjU4NTkzNTNhM2EyODUyNjY3MDM4OGNjZjQ1In0=	2018-05-28 17:44:19.997499
spcqnnihin76s9cz06gynp3dedzdyomf	OWZjYjg3YzA0NDA5OGYwYWRhYjU3Yjc5ZmI3NTkyODk3NjZjNzUwNDp7Il9hdXRoX3VzZXJfYmFja2VuZCI6ImRqYW5nby5jb250cmliLmF1dGguYmFja2VuZHMuTW9kZWxCYWNrZW5kIiwiX2F1dGhfdXNlcl9pZCI6IjIiLCJfYXV0aF91c2VyX2hhc2giOiI3NDEzOWI5NjVhNjgzMjU4NTkzNTNhM2EyODUyNjY3MDM4OGNjZjQ1In0=	2019-02-28 00:58:16.317357
sppjvlizbu6tip7xzjw25ajo90ooxi96	N2Q3NzdhNDVjMzhhNWM0OTU3Y2MxNjJmZjlkNGFkOTEyNmM5NzQ5MTp7Il9hdXRoX3VzZXJfYmFja2VuZCI6ImRqYW5nby5jb250cmliLmF1dGguYmFja2VuZHMuTW9kZWxCYWNrZW5kIiwiX2F1dGhfdXNlcl9oYXNoIjoiNjQxODNiM2JhZWIxMTAxY2Y2OTQ0Zjk3ZmUyYjY0ZjJjZDVkYzY5OSIsIl9hdXRoX3VzZXJfaWQiOiIyIn0=	2019-11-12 00:39:23.008246
sqktw3pbxuoe2b0wvfr5g8jihegyw74o	NjQxYjY2YWE2OTYzNjZlNzRlZDg4MWU2MzQ1YzJiYTViY2Q0NWI3Njp7Il9hdXRoX3VzZXJfYmFja2VuZCI6ImRqYW5nby5jb250cmliLmF1dGguYmFja2VuZHMuTW9kZWxCYWNrZW5kIiwiX2F1dGhfdXNlcl9oYXNoIjoiZDFlNTY5NjhkNzk1YjQzMTRkMjFkZGQ4MDk3N2NmMDIwODE4NGI0OSIsIl9hdXRoX3VzZXJfaWQiOiIzNCJ9	2019-03-06 20:50:10.237321
sqq2lpmidzhugeewy0bpx9llf27uljjl	YzAxYzRhZTUyNjkwMjgyNTM4ZjYwYTUzMDM2MDE5ZGMzMTI3NTE2Yjp7Il9hdXRoX3VzZXJfaWQiOiIyIiwiX2F1dGhfdXNlcl9iYWNrZW5kIjoiZGphbmdvLmNvbnRyaWIuYXV0aC5iYWNrZW5kcy5Nb2RlbEJhY2tlbmQiLCJfYXV0aF91c2VyX2hhc2giOiI2NDE4M2IzYmFlYjExMDFjZjY5NDRmOTdmZTJiNjRmMmNkNWRjNjk5In0=	2019-04-26 22:33:58.42781
ssmrkrvztnc4uzjmt5bzcmz749habdxk	OTVlODlkNGZhYjBlNTBhZmU4Y2NkOWNiYWIzYjkyZDNiYWVmZWY0OTp7Il9hdXRoX3VzZXJfaGFzaCI6Ijc0MTM5Yjk2NWE2ODMyNTg1OTM1M2EzYTI4NTI2NjcwMzg4Y2NmNDUiLCJfYXV0aF91c2VyX2JhY2tlbmQiOiJkamFuZ28uY29udHJpYi5hdXRoLmJhY2tlbmRzLk1vZGVsQmFja2VuZCIsIl9hdXRoX3VzZXJfaWQiOiIyIn0=	2019-01-18 23:57:50.501612
su04i0ndh9ji2dro6gx2iopnle3btzjj	M2UyNzk3NGZjMjQzMzdlNzQ5Zjk3YjNhMjQ5NmE5NGViY2RmYjdiNTp7Il9hdXRoX3VzZXJfYmFja2VuZCI6ImRqYW5nby5jb250cmliLmF1dGguYmFja2VuZHMuTW9kZWxCYWNrZW5kIiwiX2F1dGhfdXNlcl9oYXNoIjoiNDAzNzgwMjFkZGRhZWJhNzcyNTg4ZjVjZjZkMTQwNmU5M2QzZmUxNSIsIl9hdXRoX3VzZXJfaWQiOiIzIn0=	2018-05-10 20:43:55.074304
su8reawwmdzd248lc0b1eaz1hahqm6nf	NzlhNDY5MWZmYzBkYWRlYjUyY2Y3MjBiZWM3NThmZmJlNzFiODlkYzp7Il9hdXRoX3VzZXJfaWQiOiIyIiwiX2F1dGhfdXNlcl9oYXNoIjoiNjQxODNiM2JhZWIxMTAxY2Y2OTQ0Zjk3ZmUyYjY0ZjJjZDVkYzY5OSIsIl9hdXRoX3VzZXJfYmFja2VuZCI6ImRqYW5nby5jb250cmliLmF1dGguYmFja2VuZHMuTW9kZWxCYWNrZW5kIn0=	2019-06-28 14:54:03.689624
syhvwq2ekg515u5ypms890f7br39bh2g	N2Q3NzdhNDVjMzhhNWM0OTU3Y2MxNjJmZjlkNGFkOTEyNmM5NzQ5MTp7Il9hdXRoX3VzZXJfYmFja2VuZCI6ImRqYW5nby5jb250cmliLmF1dGguYmFja2VuZHMuTW9kZWxCYWNrZW5kIiwiX2F1dGhfdXNlcl9oYXNoIjoiNjQxODNiM2JhZWIxMTAxY2Y2OTQ0Zjk3ZmUyYjY0ZjJjZDVkYzY5OSIsIl9hdXRoX3VzZXJfaWQiOiIyIn0=	2019-08-27 21:32:53.310402
t0ttr6pgt7qebq4j4h16xcvke1oc6yho	ODg3NTM0MDQwOWNhZjg4NDNjY2QwYWYxZjkzMDdjODhmYzMwMTFmZDp7Il9hdXRoX3VzZXJfYmFja2VuZCI6ImRqYW5nby5jb250cmliLmF1dGguYmFja2VuZHMuTW9kZWxCYWNrZW5kIiwiX2F1dGhfdXNlcl9oYXNoIjoiMTVmZTAxOGRjYjI4ZDZjZmNlZDFmMmEyM2FiNmUyM2RmZTZkODFkZSIsIl9hdXRoX3VzZXJfaWQiOiI5In0=	2018-11-23 21:07:15.406903
t297ru0pl58b3uatdewp4kuknozn8g05	ZjI0MzViOTFjZWIxYjgzODY1MWVlMWFiOTE3NDQ0MTdmYmI2ZjM2Yjp7Il9hdXRoX3VzZXJfaGFzaCI6IjY4YjBkMDZjZDE2ZDhmOTM0OWJlMTk3ZTQ5YTkyNmQ5ZjMwMTEwMTQiLCJfYXV0aF91c2VyX2JhY2tlbmQiOiJkamFuZ28uY29udHJpYi5hdXRoLmJhY2tlbmRzLk1vZGVsQmFja2VuZCIsIl9hdXRoX3VzZXJfaWQiOiIzNCJ9	2019-05-08 23:14:33.527662
t2fxrc0bjyvr1lk4g12poniuwxtqcv43	OWVjNGI0YjI3MDQ2NjVmNTBkNDc1NTU3NGI2NGYzOTdlNGYxMWM2Nzp7Il9hdXRoX3VzZXJfaGFzaCI6IjE1ZmUwMThkY2IyOGQ2Y2ZjZWQxZjJhMjNhYjZlMjNkZmU2ZDgxZGUiLCJfYXV0aF91c2VyX2JhY2tlbmQiOiJkamFuZ28uY29udHJpYi5hdXRoLmJhY2tlbmRzLk1vZGVsQmFja2VuZCIsIl9hdXRoX3VzZXJfaWQiOiIxNCJ9	2018-04-21 23:47:00.324
t74vmpph6rxfyt7vgv58i17vfhr1lgmm	N2Q3NzdhNDVjMzhhNWM0OTU3Y2MxNjJmZjlkNGFkOTEyNmM5NzQ5MTp7Il9hdXRoX3VzZXJfYmFja2VuZCI6ImRqYW5nby5jb250cmliLmF1dGguYmFja2VuZHMuTW9kZWxCYWNrZW5kIiwiX2F1dGhfdXNlcl9oYXNoIjoiNjQxODNiM2JhZWIxMTAxY2Y2OTQ0Zjk3ZmUyYjY0ZjJjZDVkYzY5OSIsIl9hdXRoX3VzZXJfaWQiOiIyIn0=	2019-08-30 16:33:11.680884
t7qqpt3kv4fsylkm52jdjm0fuxknhsmv	YWMxOWQxYzQzYzkzZjUwOTY4YmY0ZTQ5MDUxOWFhMzBiNzNhZThlZjp7Il9hdXRoX3VzZXJfaWQiOiIyIiwiX2F1dGhfdXNlcl9iYWNrZW5kIjoiZGphbmdvLmNvbnRyaWIuYXV0aC5iYWNrZW5kcy5Nb2RlbEJhY2tlbmQiLCJfYXV0aF91c2VyX2hhc2giOiI3NDEzOWI5NjVhNjgzMjU4NTkzNTNhM2EyODUyNjY3MDM4OGNjZjQ1In0=	2018-06-26 02:28:05.116011
t98o2i07gskycrik9ajh7roe5jt8zv1h	OGVlNWExNTBiMDdjYWI0OGY4MzNjM2UyMDFmODUzOGYxZDhiZGRkNjp7Il9hdXRoX3VzZXJfYmFja2VuZCI6ImRqYW5nby5jb250cmliLmF1dGguYmFja2VuZHMuTW9kZWxCYWNrZW5kIiwiX2F1dGhfdXNlcl9pZCI6IjIiLCJfYXV0aF91c2VyX2hhc2giOiI2NDE4M2IzYmFlYjExMDFjZjY5NDRmOTdmZTJiNjRmMmNkNWRjNjk5In0=	2019-04-25 02:27:07.080489
ta98qqdvc2bjwzbaj1qgo56x2utx0us3	ZDBiMzM2YzRkYzE5N2RjYTQwODQzNzIyMWY1ZDhkMWIzODkzNjFiNDp7Il9hdXRoX3VzZXJfaGFzaCI6IjQyZWUyZDM4Zjk0NmIyYWZkZTQ3NWE0M2Y3MzRjMGJhYjRjZGE3YTEiLCJfYXV0aF91c2VyX2lkIjoiMSIsIl9hdXRoX3VzZXJfYmFja2VuZCI6ImRqYW5nby5jb250cmliLmF1dGguYmFja2VuZHMuTW9kZWxCYWNrZW5kIn0=	2019-10-02 21:33:17.765164
tdb8z6nzv88xfl0qy95obzoqg227x89s	NzlhNDY5MWZmYzBkYWRlYjUyY2Y3MjBiZWM3NThmZmJlNzFiODlkYzp7Il9hdXRoX3VzZXJfaWQiOiIyIiwiX2F1dGhfdXNlcl9oYXNoIjoiNjQxODNiM2JhZWIxMTAxY2Y2OTQ0Zjk3ZmUyYjY0ZjJjZDVkYzY5OSIsIl9hdXRoX3VzZXJfYmFja2VuZCI6ImRqYW5nby5jb250cmliLmF1dGguYmFja2VuZHMuTW9kZWxCYWNrZW5kIn0=	2019-06-20 00:06:54.644349
teq3me8lgjzbwrkcbhf5fpyoadtf5nkg	YWZlZDNlOGJmMGQzMGZjYjFhMzU3NTE1ZDk1MjVkNWM3M2M2OGU5Zjp7Il9hdXRoX3VzZXJfaGFzaCI6IjkyY2FmYTkyN2IyNzQzZjA3NTFmY2I1NmYwNmIyODdlMDNmODJlOTciLCJfYXV0aF91c2VyX2lkIjoiMSIsIl9hdXRoX3VzZXJfYmFja2VuZCI6ImRqYW5nby5jb250cmliLmF1dGguYmFja2VuZHMuTW9kZWxCYWNrZW5kIn0=	2018-07-16 19:38:16.508421
tj3yozqlrp6ahqalz7ocx0e22ua4nqxt	YzAxYzRhZTUyNjkwMjgyNTM4ZjYwYTUzMDM2MDE5ZGMzMTI3NTE2Yjp7Il9hdXRoX3VzZXJfaWQiOiIyIiwiX2F1dGhfdXNlcl9iYWNrZW5kIjoiZGphbmdvLmNvbnRyaWIuYXV0aC5iYWNrZW5kcy5Nb2RlbEJhY2tlbmQiLCJfYXV0aF91c2VyX2hhc2giOiI2NDE4M2IzYmFlYjExMDFjZjY5NDRmOTdmZTJiNjRmMmNkNWRjNjk5In0=	2019-06-18 14:23:04.184648
tlx0e8yh57vux05xe6qsbpnx6jx0xpv4	OGVlNWExNTBiMDdjYWI0OGY4MzNjM2UyMDFmODUzOGYxZDhiZGRkNjp7Il9hdXRoX3VzZXJfYmFja2VuZCI6ImRqYW5nby5jb250cmliLmF1dGguYmFja2VuZHMuTW9kZWxCYWNrZW5kIiwiX2F1dGhfdXNlcl9pZCI6IjIiLCJfYXV0aF91c2VyX2hhc2giOiI2NDE4M2IzYmFlYjExMDFjZjY5NDRmOTdmZTJiNjRmMmNkNWRjNjk5In0=	2019-06-24 17:59:52.749729
tn6hc44dgjbijpqsx36x387pj9wfgy5s	ZGUwYjk0NjRkYTYyODlhYjJlNjJlNzU5NzNjNzE0Y2ZkZThjYmIzZDp7Il9hdXRoX3VzZXJfaGFzaCI6IjY0MTgzYjNiYWViMTEwMWNmNjk0NGY5N2ZlMmI2NGYyY2Q1ZGM2OTkiLCJfYXV0aF91c2VyX2lkIjoiMiIsIl9hdXRoX3VzZXJfYmFja2VuZCI6ImRqYW5nby5jb250cmliLmF1dGguYmFja2VuZHMuTW9kZWxCYWNrZW5kIn0=	2019-04-01 12:13:39.503287
tuylq3dywf2q16hzbo2cr9or9grkmd63	YzAxYzRhZTUyNjkwMjgyNTM4ZjYwYTUzMDM2MDE5ZGMzMTI3NTE2Yjp7Il9hdXRoX3VzZXJfaWQiOiIyIiwiX2F1dGhfdXNlcl9iYWNrZW5kIjoiZGphbmdvLmNvbnRyaWIuYXV0aC5iYWNrZW5kcy5Nb2RlbEJhY2tlbmQiLCJfYXV0aF91c2VyX2hhc2giOiI2NDE4M2IzYmFlYjExMDFjZjY5NDRmOTdmZTJiNjRmMmNkNWRjNjk5In0=	2019-06-12 18:32:02.512346
tuz81mae3wmu4wmyqckkce79vxldq9pm	OGVlNWExNTBiMDdjYWI0OGY4MzNjM2UyMDFmODUzOGYxZDhiZGRkNjp7Il9hdXRoX3VzZXJfYmFja2VuZCI6ImRqYW5nby5jb250cmliLmF1dGguYmFja2VuZHMuTW9kZWxCYWNrZW5kIiwiX2F1dGhfdXNlcl9pZCI6IjIiLCJfYXV0aF91c2VyX2hhc2giOiI2NDE4M2IzYmFlYjExMDFjZjY5NDRmOTdmZTJiNjRmMmNkNWRjNjk5In0=	2019-06-24 17:59:52.675927
tyspg5hqc7abd2o9vc262cj40x33iqsj	ODg0ZjRmMzcyYmFmNjNiNTQzMzQ0MjhlZmIyMDRjYTdkY2UwY2IzMzp7Il9hdXRoX3VzZXJfYmFja2VuZCI6ImRqYW5nby5jb250cmliLmF1dGguYmFja2VuZHMuTW9kZWxCYWNrZW5kIiwiX2F1dGhfdXNlcl9pZCI6IjYiLCJfYXV0aF91c2VyX2hhc2giOiI1ZTVhY2YxMWVhMzY1MzYwZGJjYTcwZWExMWMzZTgyMjVjNTkyYjAyIn0=	2018-05-03 01:29:32.148968
tzxtw0tvfsrmrqwom75o72bbmonl8uug	NWUxNmFiMjcyNmNiNGQzNDQzMDE5MDcwMzFjNzEzMzQ2MDdmODg1Mzp7Il9hdXRoX3VzZXJfaWQiOiIzNCIsIl9hdXRoX3VzZXJfYmFja2VuZCI6ImRqYW5nby5jb250cmliLmF1dGguYmFja2VuZHMuTW9kZWxCYWNrZW5kIiwiX2F1dGhfdXNlcl9oYXNoIjoiZDFlNTY5NjhkNzk1YjQzMTRkMjFkZGQ4MDk3N2NmMDIwODE4NGI0OSJ9	2018-11-22 12:51:02.642648
u46v03t2wn88qd2gs0by7oyep22vf6y8	YWMxOWQxYzQzYzkzZjUwOTY4YmY0ZTQ5MDUxOWFhMzBiNzNhZThlZjp7Il9hdXRoX3VzZXJfaWQiOiIyIiwiX2F1dGhfdXNlcl9iYWNrZW5kIjoiZGphbmdvLmNvbnRyaWIuYXV0aC5iYWNrZW5kcy5Nb2RlbEJhY2tlbmQiLCJfYXV0aF91c2VyX2hhc2giOiI3NDEzOWI5NjVhNjgzMjU4NTkzNTNhM2EyODUyNjY3MDM4OGNjZjQ1In0=	2018-06-23 14:42:28.945863
u955snea8p9fafpow9bxh09ffl7n8qmg	N2Q3NzdhNDVjMzhhNWM0OTU3Y2MxNjJmZjlkNGFkOTEyNmM5NzQ5MTp7Il9hdXRoX3VzZXJfYmFja2VuZCI6ImRqYW5nby5jb250cmliLmF1dGguYmFja2VuZHMuTW9kZWxCYWNrZW5kIiwiX2F1dGhfdXNlcl9oYXNoIjoiNjQxODNiM2JhZWIxMTAxY2Y2OTQ0Zjk3ZmUyYjY0ZjJjZDVkYzY5OSIsIl9hdXRoX3VzZXJfaWQiOiIyIn0=	2019-05-29 23:36:33.472749
ubda8dfb2p58x0ceczf324vykvsv6cv6	ZGUwYjk0NjRkYTYyODlhYjJlNjJlNzU5NzNjNzE0Y2ZkZThjYmIzZDp7Il9hdXRoX3VzZXJfaGFzaCI6IjY0MTgzYjNiYWViMTEwMWNmNjk0NGY5N2ZlMmI2NGYyY2Q1ZGM2OTkiLCJfYXV0aF91c2VyX2lkIjoiMiIsIl9hdXRoX3VzZXJfYmFja2VuZCI6ImRqYW5nby5jb250cmliLmF1dGguYmFja2VuZHMuTW9kZWxCYWNrZW5kIn0=	2019-10-04 11:10:26.491613
ublc6sp7l1sn4cx8frqvzug0wp1cqyuy	NGVkMWViODA2Yzk1YTViOGJjY2M0ZDFiYTdhN2I1ZmYxZjdhOTUxMjp7Il9hdXRoX3VzZXJfaGFzaCI6Ijc0MTM5Yjk2NWE2ODMyNTg1OTM1M2EzYTI4NTI2NjcwMzg4Y2NmNDUiLCJfYXV0aF91c2VyX2lkIjoiMiIsIl9hdXRoX3VzZXJfYmFja2VuZCI6ImRqYW5nby5jb250cmliLmF1dGguYmFja2VuZHMuTW9kZWxCYWNrZW5kIn0=	2018-09-15 15:12:33.706166
ubo1ca5jyw7qvmw672tlufo8ewikg226	MWFlNDc0MTc5YWVjMTUzOGUzOTBkYmE3YjI5ZWFhMWRlMWJjOWExMTp7Il9hdXRoX3VzZXJfaGFzaCI6IjY0MTgzYjNiYWViMTEwMWNmNjk0NGY5N2ZlMmI2NGYyY2Q1ZGM2OTkiLCJfYXV0aF91c2VyX2JhY2tlbmQiOiJkamFuZ28uY29udHJpYi5hdXRoLmJhY2tlbmRzLk1vZGVsQmFja2VuZCIsIl9hdXRoX3VzZXJfaWQiOiIyIn0=	2019-10-09 17:13:59.897111
uc9holu0s6554t7nw2336qzvpugqulhq	MzIyZWVmZjZiMzhkMTM5OGQwMmRjMTY0NGY0ZjZhOWI2YThhMTQxYzp7Il9hdXRoX3VzZXJfaGFzaCI6ImE0YTQwOTcwYzhmMTIyNGY4M2U4ZGVmYmUxMTk4NTQxNDhlNjQ2NmUiLCJfYXV0aF91c2VyX2lkIjoiNDAiLCJfYXV0aF91c2VyX2JhY2tlbmQiOiJkamFuZ28uY29udHJpYi5hdXRoLmJhY2tlbmRzLk1vZGVsQmFja2VuZCJ9	2019-04-17 22:50:45.330869
ucggujlq5c1rdoqom0n6qboad88j1a6m	YWMxNDMyN2YwNTQ2ZDk3OGIyNmM1Y2YwY2U1OGNiYjU0MzQzOWQ5Yjp7Il9hdXRoX3VzZXJfYmFja2VuZCI6ImRqYW5nby5jb250cmliLmF1dGguYmFja2VuZHMuTW9kZWxCYWNrZW5kIiwiX2F1dGhfdXNlcl9oYXNoIjoiNzQxMzliOTY1YTY4MzI1ODU5MzUzYTNhMjg1MjY2NzAzODhjY2Y0NSIsIl9hdXRoX3VzZXJfaWQiOiIyIn0=	2018-03-13 16:10:11.379
ucn3d2e3c6c5w6u9dzsg0unwkx4johne	YjE3NTU0ODFkYjIzMTc0NGJlMjJlMWJkYzc2ZmUxYWY0ZmJiNmQxNDp7Il9hdXRoX3VzZXJfYmFja2VuZCI6ImRqYW5nby5jb250cmliLmF1dGguYmFja2VuZHMuTW9kZWxCYWNrZW5kIiwiX2F1dGhfdXNlcl9oYXNoIjoiYTgxZmMwYThmYTgyYzk5NTgzNjA4N2NjOGI4MGNiMThjNTMyMGRlYSIsIl9hdXRoX3VzZXJfaWQiOiI0MCJ9	2018-11-07 18:24:51.315352
udfz4mo6oafg8710r75mljl9l8x2q600	MmU0MTY2OWM2OTZiMDlmMTE0YmZjMDhlMTM4YmRkMWZkM2U5MjU5Zjp7Il9hdXRoX3VzZXJfYmFja2VuZCI6ImRqYW5nby5jb250cmliLmF1dGguYmFja2VuZHMuTW9kZWxCYWNrZW5kIiwiX2F1dGhfdXNlcl9pZCI6IjEiLCJfYXV0aF91c2VyX2hhc2giOiI5MmNhZmE5MjdiMjc0M2YwNzUxZmNiNTZmMDZiMjg3ZTAzZjgyZTk3In0=	2018-03-28 18:30:52.414
udya0cnzv8l2kcedxqfdk0rg1tda74n4	NzlhNDY5MWZmYzBkYWRlYjUyY2Y3MjBiZWM3NThmZmJlNzFiODlkYzp7Il9hdXRoX3VzZXJfaWQiOiIyIiwiX2F1dGhfdXNlcl9oYXNoIjoiNjQxODNiM2JhZWIxMTAxY2Y2OTQ0Zjk3ZmUyYjY0ZjJjZDVkYzY5OSIsIl9hdXRoX3VzZXJfYmFja2VuZCI6ImRqYW5nby5jb250cmliLmF1dGguYmFja2VuZHMuTW9kZWxCYWNrZW5kIn0=	2019-11-05 15:04:00.539955
uhoeqown8dxyj3rz956ha0lzts070tq6	NmJiZmVlYzVkYzZkNmJiMTc2MDhiYmNhYjRhM2UwY2NkNGRmNzkyZDp7Il9hdXRoX3VzZXJfaWQiOiIyIiwiX2F1dGhfdXNlcl9oYXNoIjoiNzQxMzliOTY1YTY4MzI1ODU5MzUzYTNhMjg1MjY2NzAzODhjY2Y0NSIsIl9hdXRoX3VzZXJfYmFja2VuZCI6ImRqYW5nby5jb250cmliLmF1dGguYmFja2VuZHMuTW9kZWxCYWNrZW5kIn0=	2019-01-27 16:25:48.221847
uhxy5pith9kuk6p9ragwhx1afffo1joy	YWMxOWQxYzQzYzkzZjUwOTY4YmY0ZTQ5MDUxOWFhMzBiNzNhZThlZjp7Il9hdXRoX3VzZXJfaWQiOiIyIiwiX2F1dGhfdXNlcl9iYWNrZW5kIjoiZGphbmdvLmNvbnRyaWIuYXV0aC5iYWNrZW5kcy5Nb2RlbEJhY2tlbmQiLCJfYXV0aF91c2VyX2hhc2giOiI3NDEzOWI5NjVhNjgzMjU4NTkzNTNhM2EyODUyNjY3MDM4OGNjZjQ1In0=	2018-11-12 01:45:11.542095
ulho1pom3woo9vj2sv4vv5tqqb359qv1	YzNhYjlmYjViYjUzYzlkYmIzNzg4NzY1YTc2ZjBiMzQzZWFmYTY5Mjp7Il9hdXRoX3VzZXJfYmFja2VuZCI6ImRqYW5nby5jb250cmliLmF1dGguYmFja2VuZHMuTW9kZWxCYWNrZW5kIiwiX2F1dGhfdXNlcl9pZCI6IjE4IiwiX2F1dGhfdXNlcl9oYXNoIjoiZWMxMDk0ZmUyMTk0MjY1ZjJhOTIzMDE1NTY0NDg0YWRkYWE1YzdmYSJ9	2018-09-26 22:23:34.683678
ultd37uuo4faqc6c2n11tgzx4wev9tyu	N2Q3NzdhNDVjMzhhNWM0OTU3Y2MxNjJmZjlkNGFkOTEyNmM5NzQ5MTp7Il9hdXRoX3VzZXJfYmFja2VuZCI6ImRqYW5nby5jb250cmliLmF1dGguYmFja2VuZHMuTW9kZWxCYWNrZW5kIiwiX2F1dGhfdXNlcl9oYXNoIjoiNjQxODNiM2JhZWIxMTAxY2Y2OTQ0Zjk3ZmUyYjY0ZjJjZDVkYzY5OSIsIl9hdXRoX3VzZXJfaWQiOiIyIn0=	2019-09-20 16:55:13.885524
um7pz5khaplmujx3nmk3dxp8zoi9slg6	NzFjYzlmMjlhNGE1YWY1ZTJjYzRiYjY5ZjA4Mzk3ZGVmZmZkYzY1NDp7Il9hdXRoX3VzZXJfaWQiOiIxNSIsIl9hdXRoX3VzZXJfaGFzaCI6Ijg3MDQ1Njk5OWJkY2IxNTVlYjk1OTFmZDFkMDBjZjcxNzUxNmFmOTMiLCJfYXV0aF91c2VyX2JhY2tlbmQiOiJkamFuZ28uY29udHJpYi5hdXRoLmJhY2tlbmRzLk1vZGVsQmFja2VuZCJ9	2019-12-20 03:56:25.453678
umfs7qc3m7yhd8yghu9gg4awpn9wz5u2	NzlhNDY5MWZmYzBkYWRlYjUyY2Y3MjBiZWM3NThmZmJlNzFiODlkYzp7Il9hdXRoX3VzZXJfaWQiOiIyIiwiX2F1dGhfdXNlcl9oYXNoIjoiNjQxODNiM2JhZWIxMTAxY2Y2OTQ0Zjk3ZmUyYjY0ZjJjZDVkYzY5OSIsIl9hdXRoX3VzZXJfYmFja2VuZCI6ImRqYW5nby5jb250cmliLmF1dGguYmFja2VuZHMuTW9kZWxCYWNrZW5kIn0=	2019-08-13 14:15:40.104784
unhjrmg5yq5he4tgxf7zs6xkcgy92w0a	NGNjNTBhZmJmYzExOWZlZmVjMjEyMTE2OWE4NmZhOWE0ZGE1Nzk5Mjp7Il9hdXRoX3VzZXJfYmFja2VuZCI6ImRqYW5nby5jb250cmliLmF1dGguYmFja2VuZHMuTW9kZWxCYWNrZW5kIiwiX2F1dGhfdXNlcl9oYXNoIjoiOTJjYWZhOTI3YjI3NDNmMDc1MWZjYjU2ZjA2YjI4N2UwM2Y4MmU5NyIsIl9hdXRoX3VzZXJfaWQiOiIxIn0=	2018-03-22 18:46:49.849
uo0vl1toiwm39cdfokrolzuodl0cj5dh	NTRlNjU5MGQ4ODI1ZTYyYzllY2Q0ZDRjYTZhZjgyYmNiZWIyODYxYjp7Il9hdXRoX3VzZXJfaWQiOiIyMSIsIl9hdXRoX3VzZXJfaGFzaCI6Ijc0OTEyMWM2YjA0NzZhZjRmMGI1Y2RjYTZhMGUyZjRlZjNiMDg0YTgiLCJfYXV0aF91c2VyX2JhY2tlbmQiOiJkamFuZ28uY29udHJpYi5hdXRoLmJhY2tlbmRzLk1vZGVsQmFja2VuZCJ9	2018-04-24 01:40:13.754
up9cw6k11jn719b9f5jke89re7nktb3t	YWMxOWQxYzQzYzkzZjUwOTY4YmY0ZTQ5MDUxOWFhMzBiNzNhZThlZjp7Il9hdXRoX3VzZXJfaWQiOiIyIiwiX2F1dGhfdXNlcl9iYWNrZW5kIjoiZGphbmdvLmNvbnRyaWIuYXV0aC5iYWNrZW5kcy5Nb2RlbEJhY2tlbmQiLCJfYXV0aF91c2VyX2hhc2giOiI3NDEzOWI5NjVhNjgzMjU4NTkzNTNhM2EyODUyNjY3MDM4OGNjZjQ1In0=	2018-05-23 01:55:27.278993
updkxf0ee2wak7zufuv52zq3r9kbbyxt	ZGUwYjk0NjRkYTYyODlhYjJlNjJlNzU5NzNjNzE0Y2ZkZThjYmIzZDp7Il9hdXRoX3VzZXJfaGFzaCI6IjY0MTgzYjNiYWViMTEwMWNmNjk0NGY5N2ZlMmI2NGYyY2Q1ZGM2OTkiLCJfYXV0aF91c2VyX2lkIjoiMiIsIl9hdXRoX3VzZXJfYmFja2VuZCI6ImRqYW5nby5jb250cmliLmF1dGguYmFja2VuZHMuTW9kZWxCYWNrZW5kIn0=	2020-01-03 18:27:26.144165
us0c56bn88x3cryr41a4bhix8ot39dns	MzVmNzJiNjU1NDFjMmIyNTdmOTE5YzUyYjhmZjM0ZDJiYjQxMTUxMjp7Il9hdXRoX3VzZXJfaGFzaCI6Ijg3MDQ1Njk5OWJkY2IxNTVlYjk1OTFmZDFkMDBjZjcxNzUxNmFmOTMiLCJfYXV0aF91c2VyX2lkIjoiMTUiLCJfYXV0aF91c2VyX2JhY2tlbmQiOiJkamFuZ28uY29udHJpYi5hdXRoLmJhY2tlbmRzLk1vZGVsQmFja2VuZCJ9	2019-10-16 10:14:16.073076
ut9j9lvczbwpqgcdjcr5fucpvdf9bxue	YWMxNDMyN2YwNTQ2ZDk3OGIyNmM1Y2YwY2U1OGNiYjU0MzQzOWQ5Yjp7Il9hdXRoX3VzZXJfYmFja2VuZCI6ImRqYW5nby5jb250cmliLmF1dGguYmFja2VuZHMuTW9kZWxCYWNrZW5kIiwiX2F1dGhfdXNlcl9oYXNoIjoiNzQxMzliOTY1YTY4MzI1ODU5MzUzYTNhMjg1MjY2NzAzODhjY2Y0NSIsIl9hdXRoX3VzZXJfaWQiOiIyIn0=	2018-05-18 18:25:46.099098
uthvaeft83fvm6z3yceymiciyveoxky5	YWMxOWQxYzQzYzkzZjUwOTY4YmY0ZTQ5MDUxOWFhMzBiNzNhZThlZjp7Il9hdXRoX3VzZXJfaWQiOiIyIiwiX2F1dGhfdXNlcl9iYWNrZW5kIjoiZGphbmdvLmNvbnRyaWIuYXV0aC5iYWNrZW5kcy5Nb2RlbEJhY2tlbmQiLCJfYXV0aF91c2VyX2hhc2giOiI3NDEzOWI5NjVhNjgzMjU4NTkzNTNhM2EyODUyNjY3MDM4OGNjZjQ1In0=	2018-11-12 17:36:05.758175
utlo8cf9xn5rismjjm97pclqer206ot6	OWZjYjg3YzA0NDA5OGYwYWRhYjU3Yjc5ZmI3NTkyODk3NjZjNzUwNDp7Il9hdXRoX3VzZXJfYmFja2VuZCI6ImRqYW5nby5jb250cmliLmF1dGguYmFja2VuZHMuTW9kZWxCYWNrZW5kIiwiX2F1dGhfdXNlcl9pZCI6IjIiLCJfYXV0aF91c2VyX2hhc2giOiI3NDEzOWI5NjVhNjgzMjU4NTkzNTNhM2EyODUyNjY3MDM4OGNjZjQ1In0=	2019-01-11 14:23:26.042901
uwowxar9wl347algnybj8moq3mnaqkwd	NzlhNDY5MWZmYzBkYWRlYjUyY2Y3MjBiZWM3NThmZmJlNzFiODlkYzp7Il9hdXRoX3VzZXJfaWQiOiIyIiwiX2F1dGhfdXNlcl9oYXNoIjoiNjQxODNiM2JhZWIxMTAxY2Y2OTQ0Zjk3ZmUyYjY0ZjJjZDVkYzY5OSIsIl9hdXRoX3VzZXJfYmFja2VuZCI6ImRqYW5nby5jb250cmliLmF1dGguYmFja2VuZHMuTW9kZWxCYWNrZW5kIn0=	2019-06-27 16:14:16.059045
ux7a7ximocveptpzozlks7ap391l85n6	YWMxOWQxYzQzYzkzZjUwOTY4YmY0ZTQ5MDUxOWFhMzBiNzNhZThlZjp7Il9hdXRoX3VzZXJfaWQiOiIyIiwiX2F1dGhfdXNlcl9iYWNrZW5kIjoiZGphbmdvLmNvbnRyaWIuYXV0aC5iYWNrZW5kcy5Nb2RlbEJhY2tlbmQiLCJfYXV0aF91c2VyX2hhc2giOiI3NDEzOWI5NjVhNjgzMjU4NTkzNTNhM2EyODUyNjY3MDM4OGNjZjQ1In0=	2018-05-23 01:30:09.048505
v24g8e128k69gr1v5e9s3w3ygcsig0p7	NmFmNTBhZGJmODA0Nzk3NTYyYTljZjFhNTEwNGZhNGY2NjljOGZmMDp7Il9hdXRoX3VzZXJfaGFzaCI6ImM1Zjk0MDUwZDdmOWNjZjgzMjI4M2IwZWU3YWI5MDIzNjhjNTZmYWYiLCJfYXV0aF91c2VyX2JhY2tlbmQiOiJkamFuZ28uY29udHJpYi5hdXRoLmJhY2tlbmRzLk1vZGVsQmFja2VuZCIsIl9hdXRoX3VzZXJfaWQiOiI0MyJ9	2019-09-12 16:54:48.848274
v8f2baw1bwkm5ehzkw33fn24jm4p9500	NzlhNDY5MWZmYzBkYWRlYjUyY2Y3MjBiZWM3NThmZmJlNzFiODlkYzp7Il9hdXRoX3VzZXJfaWQiOiIyIiwiX2F1dGhfdXNlcl9oYXNoIjoiNjQxODNiM2JhZWIxMTAxY2Y2OTQ0Zjk3ZmUyYjY0ZjJjZDVkYzY5OSIsIl9hdXRoX3VzZXJfYmFja2VuZCI6ImRqYW5nby5jb250cmliLmF1dGguYmFja2VuZHMuTW9kZWxCYWNrZW5kIn0=	2020-01-03 19:00:03.95352
vccl8uuvtp0ptccknhbfzys7tbcmrnma	OWZjYjg3YzA0NDA5OGYwYWRhYjU3Yjc5ZmI3NTkyODk3NjZjNzUwNDp7Il9hdXRoX3VzZXJfYmFja2VuZCI6ImRqYW5nby5jb250cmliLmF1dGguYmFja2VuZHMuTW9kZWxCYWNrZW5kIiwiX2F1dGhfdXNlcl9pZCI6IjIiLCJfYXV0aF91c2VyX2hhc2giOiI3NDEzOWI5NjVhNjgzMjU4NTkzNTNhM2EyODUyNjY3MDM4OGNjZjQ1In0=	2018-04-13 13:20:49.806
vdxwc5h3okf6af1ugcwbj3w9kwzosi7b	YzAxYzRhZTUyNjkwMjgyNTM4ZjYwYTUzMDM2MDE5ZGMzMTI3NTE2Yjp7Il9hdXRoX3VzZXJfaWQiOiIyIiwiX2F1dGhfdXNlcl9iYWNrZW5kIjoiZGphbmdvLmNvbnRyaWIuYXV0aC5iYWNrZW5kcy5Nb2RlbEJhY2tlbmQiLCJfYXV0aF91c2VyX2hhc2giOiI2NDE4M2IzYmFlYjExMDFjZjY5NDRmOTdmZTJiNjRmMmNkNWRjNjk5In0=	2019-06-14 00:17:10.257412
ve65644klvwlw82148yuj5bxp0h9l7cc	ZGUwYjk0NjRkYTYyODlhYjJlNjJlNzU5NzNjNzE0Y2ZkZThjYmIzZDp7Il9hdXRoX3VzZXJfaGFzaCI6IjY0MTgzYjNiYWViMTEwMWNmNjk0NGY5N2ZlMmI2NGYyY2Q1ZGM2OTkiLCJfYXV0aF91c2VyX2lkIjoiMiIsIl9hdXRoX3VzZXJfYmFja2VuZCI6ImRqYW5nby5jb250cmliLmF1dGguYmFja2VuZHMuTW9kZWxCYWNrZW5kIn0=	2019-04-18 19:58:57.395896
vg9w63t32wvtjbrrg2dfd3r1w0mhxhlg	YWMxOWQxYzQzYzkzZjUwOTY4YmY0ZTQ5MDUxOWFhMzBiNzNhZThlZjp7Il9hdXRoX3VzZXJfaWQiOiIyIiwiX2F1dGhfdXNlcl9iYWNrZW5kIjoiZGphbmdvLmNvbnRyaWIuYXV0aC5iYWNrZW5kcy5Nb2RlbEJhY2tlbmQiLCJfYXV0aF91c2VyX2hhc2giOiI3NDEzOWI5NjVhNjgzMjU4NTkzNTNhM2EyODUyNjY3MDM4OGNjZjQ1In0=	2018-06-13 03:40:13.385289
vgiabniir0n3widbg01ipd9z165iz5bj	OWZjYjg3YzA0NDA5OGYwYWRhYjU3Yjc5ZmI3NTkyODk3NjZjNzUwNDp7Il9hdXRoX3VzZXJfYmFja2VuZCI6ImRqYW5nby5jb250cmliLmF1dGguYmFja2VuZHMuTW9kZWxCYWNrZW5kIiwiX2F1dGhfdXNlcl9pZCI6IjIiLCJfYXV0aF91c2VyX2hhc2giOiI3NDEzOWI5NjVhNjgzMjU4NTkzNTNhM2EyODUyNjY3MDM4OGNjZjQ1In0=	2018-08-24 20:23:14.697061
vgmvkowct66qzdfzkskiazwo852lh53u	OWZjYjg3YzA0NDA5OGYwYWRhYjU3Yjc5ZmI3NTkyODk3NjZjNzUwNDp7Il9hdXRoX3VzZXJfYmFja2VuZCI6ImRqYW5nby5jb250cmliLmF1dGguYmFja2VuZHMuTW9kZWxCYWNrZW5kIiwiX2F1dGhfdXNlcl9pZCI6IjIiLCJfYXV0aF91c2VyX2hhc2giOiI3NDEzOWI5NjVhNjgzMjU4NTkzNTNhM2EyODUyNjY3MDM4OGNjZjQ1In0=	2018-10-17 00:46:07.851551
vi4f00ya2qks8m9ojj6wbqrt1veyrpkv	OTVlODlkNGZhYjBlNTBhZmU4Y2NkOWNiYWIzYjkyZDNiYWVmZWY0OTp7Il9hdXRoX3VzZXJfaGFzaCI6Ijc0MTM5Yjk2NWE2ODMyNTg1OTM1M2EzYTI4NTI2NjcwMzg4Y2NmNDUiLCJfYXV0aF91c2VyX2JhY2tlbmQiOiJkamFuZ28uY29udHJpYi5hdXRoLmJhY2tlbmRzLk1vZGVsQmFja2VuZCIsIl9hdXRoX3VzZXJfaWQiOiIyIn0=	2018-05-04 19:30:26.621774
vmtgvj7fevtau62mh2tlg14mwqsd70or	YzAxYzRhZTUyNjkwMjgyNTM4ZjYwYTUzMDM2MDE5ZGMzMTI3NTE2Yjp7Il9hdXRoX3VzZXJfaWQiOiIyIiwiX2F1dGhfdXNlcl9iYWNrZW5kIjoiZGphbmdvLmNvbnRyaWIuYXV0aC5iYWNrZW5kcy5Nb2RlbEJhY2tlbmQiLCJfYXV0aF91c2VyX2hhc2giOiI2NDE4M2IzYmFlYjExMDFjZjY5NDRmOTdmZTJiNjRmMmNkNWRjNjk5In0=	2019-06-28 21:21:45.357565
vn7svzjqsagdnrjl95mfzh4w8oezlv6h	ZGUwYjk0NjRkYTYyODlhYjJlNjJlNzU5NzNjNzE0Y2ZkZThjYmIzZDp7Il9hdXRoX3VzZXJfaGFzaCI6IjY0MTgzYjNiYWViMTEwMWNmNjk0NGY5N2ZlMmI2NGYyY2Q1ZGM2OTkiLCJfYXV0aF91c2VyX2lkIjoiMiIsIl9hdXRoX3VzZXJfYmFja2VuZCI6ImRqYW5nby5jb250cmliLmF1dGguYmFja2VuZHMuTW9kZWxCYWNrZW5kIn0=	2019-10-31 18:45:37.115503
vp8g1zw95e9fujfc6fg3oyxytpw29bis	ZGZlMDczYzlhNTkyYjUzZGU0ZTY1MDYzNWMwNjQ1MzhiN2Q3NDVhODp7Il9hdXRoX3VzZXJfaWQiOiIxIiwiX2F1dGhfdXNlcl9oYXNoIjoiOTJjYWZhOTI3YjI3NDNmMDc1MWZjYjU2ZjA2YjI4N2UwM2Y4MmU5NyIsIl9hdXRoX3VzZXJfYmFja2VuZCI6ImRqYW5nby5jb250cmliLmF1dGguYmFja2VuZHMuTW9kZWxCYWNrZW5kIn0=	2018-11-06 19:23:09.566751
vq1xishc5mqqrif9jx0pgqviafia6as1	YWMxNDMyN2YwNTQ2ZDk3OGIyNmM1Y2YwY2U1OGNiYjU0MzQzOWQ5Yjp7Il9hdXRoX3VzZXJfYmFja2VuZCI6ImRqYW5nby5jb250cmliLmF1dGguYmFja2VuZHMuTW9kZWxCYWNrZW5kIiwiX2F1dGhfdXNlcl9oYXNoIjoiNzQxMzliOTY1YTY4MzI1ODU5MzUzYTNhMjg1MjY2NzAzODhjY2Y0NSIsIl9hdXRoX3VzZXJfaWQiOiIyIn0=	2019-03-01 19:31:13.733438
vrix3af1q6ls8smmk63ttaghw74jc7sv	MzVmNzJiNjU1NDFjMmIyNTdmOTE5YzUyYjhmZjM0ZDJiYjQxMTUxMjp7Il9hdXRoX3VzZXJfaGFzaCI6Ijg3MDQ1Njk5OWJkY2IxNTVlYjk1OTFmZDFkMDBjZjcxNzUxNmFmOTMiLCJfYXV0aF91c2VyX2lkIjoiMTUiLCJfYXV0aF91c2VyX2JhY2tlbmQiOiJkamFuZ28uY29udHJpYi5hdXRoLmJhY2tlbmRzLk1vZGVsQmFja2VuZCJ9	2019-10-16 10:14:11.579652
vrpucb6oftmzia5ks6fcyiovdy972rud	OWZjYjg3YzA0NDA5OGYwYWRhYjU3Yjc5ZmI3NTkyODk3NjZjNzUwNDp7Il9hdXRoX3VzZXJfYmFja2VuZCI6ImRqYW5nby5jb250cmliLmF1dGguYmFja2VuZHMuTW9kZWxCYWNrZW5kIiwiX2F1dGhfdXNlcl9pZCI6IjIiLCJfYXV0aF91c2VyX2hhc2giOiI3NDEzOWI5NjVhNjgzMjU4NTkzNTNhM2EyODUyNjY3MDM4OGNjZjQ1In0=	2018-04-12 12:59:32.866
vwi5tfivh34jzelz72pxxui40gows1th	N2UzMDdkNjg4MTE2MGQxYmFlYWFmZWE1NzNmNzM2NWJlMmZhNWJiMDp7Il9hdXRoX3VzZXJfaWQiOiI5IiwiX2F1dGhfdXNlcl9oYXNoIjoiMTVmZTAxOGRjYjI4ZDZjZmNlZDFmMmEyM2FiNmUyM2RmZTZkODFkZSIsIl9hdXRoX3VzZXJfYmFja2VuZCI6ImRqYW5nby5jb250cmliLmF1dGguYmFja2VuZHMuTW9kZWxCYWNrZW5kIn0=	2018-05-11 20:54:20.527938
vzclle8oaqytkc21fqmv28jjy7u1cmkk	NGVkMWViODA2Yzk1YTViOGJjY2M0ZDFiYTdhN2I1ZmYxZjdhOTUxMjp7Il9hdXRoX3VzZXJfaGFzaCI6Ijc0MTM5Yjk2NWE2ODMyNTg1OTM1M2EzYTI4NTI2NjcwMzg4Y2NmNDUiLCJfYXV0aF91c2VyX2lkIjoiMiIsIl9hdXRoX3VzZXJfYmFja2VuZCI6ImRqYW5nby5jb250cmliLmF1dGguYmFja2VuZHMuTW9kZWxCYWNrZW5kIn0=	2019-02-04 14:04:08.514693
vzdyjr8aark6bl9j2znkjmgt6zxtfm61	YWMxOWQxYzQzYzkzZjUwOTY4YmY0ZTQ5MDUxOWFhMzBiNzNhZThlZjp7Il9hdXRoX3VzZXJfaWQiOiIyIiwiX2F1dGhfdXNlcl9iYWNrZW5kIjoiZGphbmdvLmNvbnRyaWIuYXV0aC5iYWNrZW5kcy5Nb2RlbEJhY2tlbmQiLCJfYXV0aF91c2VyX2hhc2giOiI3NDEzOWI5NjVhNjgzMjU4NTkzNTNhM2EyODUyNjY3MDM4OGNjZjQ1In0=	2018-05-23 20:05:21.21829
w1kwh7ql57p7x83p8zgefdpfv6d12s2v	YjdlN2E0ZjZhMzA4NmNlMDIyOGNkZmYyZmU0ZWE3MDM1YTE3MzllNTp7Il9hdXRoX3VzZXJfYmFja2VuZCI6ImRqYW5nby5jb250cmliLmF1dGguYmFja2VuZHMuTW9kZWxCYWNrZW5kIiwiX2F1dGhfdXNlcl9oYXNoIjoiM2VkODY5MjQ4ZWY0ZTcwNTlmZjM3ZTUzZTE0NjBjZTU1N2YyMWQwOCIsIl9hdXRoX3VzZXJfaWQiOiIyOCJ9	2018-05-16 12:39:55.790768
w2pdce15dzny2r5xw6nv7g9acriuwwba	ZGUwYjk0NjRkYTYyODlhYjJlNjJlNzU5NzNjNzE0Y2ZkZThjYmIzZDp7Il9hdXRoX3VzZXJfaGFzaCI6IjY0MTgzYjNiYWViMTEwMWNmNjk0NGY5N2ZlMmI2NGYyY2Q1ZGM2OTkiLCJfYXV0aF91c2VyX2lkIjoiMiIsIl9hdXRoX3VzZXJfYmFja2VuZCI6ImRqYW5nby5jb250cmliLmF1dGguYmFja2VuZHMuTW9kZWxCYWNrZW5kIn0=	2019-05-04 13:32:27.441475
w92bl8mmrqfcyz4onkwuhef99akxi574	ZGUwYjk0NjRkYTYyODlhYjJlNjJlNzU5NzNjNzE0Y2ZkZThjYmIzZDp7Il9hdXRoX3VzZXJfaGFzaCI6IjY0MTgzYjNiYWViMTEwMWNmNjk0NGY5N2ZlMmI2NGYyY2Q1ZGM2OTkiLCJfYXV0aF91c2VyX2lkIjoiMiIsIl9hdXRoX3VzZXJfYmFja2VuZCI6ImRqYW5nby5jb250cmliLmF1dGguYmFja2VuZHMuTW9kZWxCYWNrZW5kIn0=	2019-12-06 17:06:26.955747
w9jg17b2a9xj4gcea1or8yg2091kec6g	MjkxZTM4Y2U0NDI3MTQ4ODg2ZDZlM2FiNGQzMWY0NjgwY2MzNjE4Yzp7Il9hdXRoX3VzZXJfaGFzaCI6IjE1ZmUwMThkY2IyOGQ2Y2ZjZWQxZjJhMjNhYjZlMjNkZmU2ZDgxZGUiLCJfYXV0aF91c2VyX2JhY2tlbmQiOiJkamFuZ28uY29udHJpYi5hdXRoLmJhY2tlbmRzLk1vZGVsQmFja2VuZCIsIl9hdXRoX3VzZXJfaWQiOiI5In0=	2018-11-24 01:52:20.313225
wb2h382fhauvxiggsng3l86fyh9rqp46	NmJiZmVlYzVkYzZkNmJiMTc2MDhiYmNhYjRhM2UwY2NkNGRmNzkyZDp7Il9hdXRoX3VzZXJfaWQiOiIyIiwiX2F1dGhfdXNlcl9oYXNoIjoiNzQxMzliOTY1YTY4MzI1ODU5MzUzYTNhMjg1MjY2NzAzODhjY2Y0NSIsIl9hdXRoX3VzZXJfYmFja2VuZCI6ImRqYW5nby5jb250cmliLmF1dGguYmFja2VuZHMuTW9kZWxCYWNrZW5kIn0=	2019-01-28 16:14:12.715501
wdbe6vpjw42msgnskjtv2kqqzbipimtj	M2Q0NzI1MWQ2Y2M3OGQxMTVkMzk4MmI5ZjhkNjBmYjdmMTJkMjMyZjp7Il9hdXRoX3VzZXJfaWQiOiIxNSIsIl9hdXRoX3VzZXJfYmFja2VuZCI6ImRqYW5nby5jb250cmliLmF1dGguYmFja2VuZHMuTW9kZWxCYWNrZW5kIiwiX2F1dGhfdXNlcl9oYXNoIjoiNzQ5MTIxYzZiMDQ3NmFmNGYwYjVjZGNhNmEwZTJmNGVmM2IwODRhOCJ9	2018-05-22 02:42:15.13071
wg4hyiiffaknyvxrstluaiawbej7qip1	NmJiZmVlYzVkYzZkNmJiMTc2MDhiYmNhYjRhM2UwY2NkNGRmNzkyZDp7Il9hdXRoX3VzZXJfaWQiOiIyIiwiX2F1dGhfdXNlcl9oYXNoIjoiNzQxMzliOTY1YTY4MzI1ODU5MzUzYTNhMjg1MjY2NzAzODhjY2Y0NSIsIl9hdXRoX3VzZXJfYmFja2VuZCI6ImRqYW5nby5jb250cmliLmF1dGguYmFja2VuZHMuTW9kZWxCYWNrZW5kIn0=	2018-12-06 18:22:18.416666
whd1z1ennalf35hl5p04yfk8285lk2rr	YWMxNDMyN2YwNTQ2ZDk3OGIyNmM1Y2YwY2U1OGNiYjU0MzQzOWQ5Yjp7Il9hdXRoX3VzZXJfYmFja2VuZCI6ImRqYW5nby5jb250cmliLmF1dGguYmFja2VuZHMuTW9kZWxCYWNrZW5kIiwiX2F1dGhfdXNlcl9oYXNoIjoiNzQxMzliOTY1YTY4MzI1ODU5MzUzYTNhMjg1MjY2NzAzODhjY2Y0NSIsIl9hdXRoX3VzZXJfaWQiOiIyIn0=	2018-05-04 14:39:54.2251
whi2pfepttgwrw923vfl7jajtuu709s4	N2Q3NzdhNDVjMzhhNWM0OTU3Y2MxNjJmZjlkNGFkOTEyNmM5NzQ5MTp7Il9hdXRoX3VzZXJfYmFja2VuZCI6ImRqYW5nby5jb250cmliLmF1dGguYmFja2VuZHMuTW9kZWxCYWNrZW5kIiwiX2F1dGhfdXNlcl9oYXNoIjoiNjQxODNiM2JhZWIxMTAxY2Y2OTQ0Zjk3ZmUyYjY0ZjJjZDVkYzY5OSIsIl9hdXRoX3VzZXJfaWQiOiIyIn0=	2020-01-13 00:22:43.104828
whma8xjsd8ayt047yn23063jjp9yt2ch	OWZjYjg3YzA0NDA5OGYwYWRhYjU3Yjc5ZmI3NTkyODk3NjZjNzUwNDp7Il9hdXRoX3VzZXJfYmFja2VuZCI6ImRqYW5nby5jb250cmliLmF1dGguYmFja2VuZHMuTW9kZWxCYWNrZW5kIiwiX2F1dGhfdXNlcl9pZCI6IjIiLCJfYXV0aF91c2VyX2hhc2giOiI3NDEzOWI5NjVhNjgzMjU4NTkzNTNhM2EyODUyNjY3MDM4OGNjZjQ1In0=	2018-07-04 20:00:30.90726
wikor60y4rmd6joyoxq5wfmwi4oihojv	YWMxNDMyN2YwNTQ2ZDk3OGIyNmM1Y2YwY2U1OGNiYjU0MzQzOWQ5Yjp7Il9hdXRoX3VzZXJfYmFja2VuZCI6ImRqYW5nby5jb250cmliLmF1dGguYmFja2VuZHMuTW9kZWxCYWNrZW5kIiwiX2F1dGhfdXNlcl9oYXNoIjoiNzQxMzliOTY1YTY4MzI1ODU5MzUzYTNhMjg1MjY2NzAzODhjY2Y0NSIsIl9hdXRoX3VzZXJfaWQiOiIyIn0=	2018-03-13 16:57:55.516
wjnmsgva6074v8l1w64jaclm2673awxx	NTMxMWRmMGQ0YzE0ZmY1YWM4MzJiYjMxNDg4MTZiMjFhY2Q5ZjNjMDp7Il9hdXRoX3VzZXJfaWQiOiI1NSIsIl9hdXRoX3VzZXJfaGFzaCI6IjgzNzVlYTJiM2NiNDRhMTg0OWNjMmRjNjE1ZjdkNDQ5NjRiNDI2ZWIiLCJfYXV0aF91c2VyX2JhY2tlbmQiOiJkamFuZ28uY29udHJpYi5hdXRoLmJhY2tlbmRzLk1vZGVsQmFja2VuZCJ9	2018-11-12 19:09:59.983038
wlgw8bs0tconwhsbe9ai20xq63fqwi9t	N2VkOGQ2YTE0YTRhMmZlNTU5NDliMGM0ZDZlYjY0ZWZiNTQ5N2I4ZDp7Il9hdXRoX3VzZXJfaGFzaCI6ImI0M2U0MmY3NzU1M2I5NTlmMmJiM2U4NGY1OGU1MjY2ZTczZGVjZGIiLCJfYXV0aF91c2VyX2JhY2tlbmQiOiJkamFuZ28uY29udHJpYi5hdXRoLmJhY2tlbmRzLk1vZGVsQmFja2VuZCIsIl9hdXRoX3VzZXJfaWQiOiI1MiJ9	2018-11-08 12:59:25.099513
wmc9q5cpk2j0m10ylpnr99scaim4ble5	MTVkOTYyYTg5Mjg3MjI4ZWI1N2FlOWU4MTViMTRmM2U0YjEzZDQ5Mjp7Il9hdXRoX3VzZXJfaWQiOiIxOCIsIl9hdXRoX3VzZXJfYmFja2VuZCI6ImRqYW5nby5jb250cmliLmF1dGguYmFja2VuZHMuTW9kZWxCYWNrZW5kIiwiX2F1dGhfdXNlcl9oYXNoIjoiZWMxMDk0ZmUyMTk0MjY1ZjJhOTIzMDE1NTY0NDg0YWRkYWE1YzdmYSJ9	2018-11-28 17:56:05.558881
wmva84hpx7ehm2wijmsx99ydodehv7kf	MWFlNDc0MTc5YWVjMTUzOGUzOTBkYmE3YjI5ZWFhMWRlMWJjOWExMTp7Il9hdXRoX3VzZXJfaGFzaCI6IjY0MTgzYjNiYWViMTEwMWNmNjk0NGY5N2ZlMmI2NGYyY2Q1ZGM2OTkiLCJfYXV0aF91c2VyX2JhY2tlbmQiOiJkamFuZ28uY29udHJpYi5hdXRoLmJhY2tlbmRzLk1vZGVsQmFja2VuZCIsIl9hdXRoX3VzZXJfaWQiOiIyIn0=	2019-05-10 20:25:37.640971
wox78d1iy7liprllgpawqefwansypyvo	YzAxYzRhZTUyNjkwMjgyNTM4ZjYwYTUzMDM2MDE5ZGMzMTI3NTE2Yjp7Il9hdXRoX3VzZXJfaWQiOiIyIiwiX2F1dGhfdXNlcl9iYWNrZW5kIjoiZGphbmdvLmNvbnRyaWIuYXV0aC5iYWNrZW5kcy5Nb2RlbEJhY2tlbmQiLCJfYXV0aF91c2VyX2hhc2giOiI2NDE4M2IzYmFlYjExMDFjZjY5NDRmOTdmZTJiNjRmMmNkNWRjNjk5In0=	2019-06-02 09:35:32.723416
wpwtq4amsmuyygf10614tyia7opugffu	NGVkMWViODA2Yzk1YTViOGJjY2M0ZDFiYTdhN2I1ZmYxZjdhOTUxMjp7Il9hdXRoX3VzZXJfaGFzaCI6Ijc0MTM5Yjk2NWE2ODMyNTg1OTM1M2EzYTI4NTI2NjcwMzg4Y2NmNDUiLCJfYXV0aF91c2VyX2lkIjoiMiIsIl9hdXRoX3VzZXJfYmFja2VuZCI6ImRqYW5nby5jb250cmliLmF1dGguYmFja2VuZHMuTW9kZWxCYWNrZW5kIn0=	2018-07-26 00:09:43.220484
wszkhe3ktcrp8sjjpwpqj2s55zqynlk2	NmJiZmVlYzVkYzZkNmJiMTc2MDhiYmNhYjRhM2UwY2NkNGRmNzkyZDp7Il9hdXRoX3VzZXJfaWQiOiIyIiwiX2F1dGhfdXNlcl9oYXNoIjoiNzQxMzliOTY1YTY4MzI1ODU5MzUzYTNhMjg1MjY2NzAzODhjY2Y0NSIsIl9hdXRoX3VzZXJfYmFja2VuZCI6ImRqYW5nby5jb250cmliLmF1dGguYmFja2VuZHMuTW9kZWxCYWNrZW5kIn0=	2019-01-27 16:09:15.195918
wv5f4c40xpwj5nz1t086eeq5ws50m391	MTMzOTQyOGE3Mzc3ODUxN2I5ZWI4MGI4Y2ZjNzkzMGJjYjU1ZWQzNjp7Il9hdXRoX3VzZXJfaGFzaCI6Ijc0OTEyMWM2YjA0NzZhZjRmMGI1Y2RjYTZhMGUyZjRlZjNiMDg0YTgiLCJfYXV0aF91c2VyX2lkIjoiMTUiLCJfYXV0aF91c2VyX2JhY2tlbmQiOiJkamFuZ28uY29udHJpYi5hdXRoLmJhY2tlbmRzLk1vZGVsQmFja2VuZCJ9	2018-06-20 14:35:20.485107
wvaw1p37qnd0nsa1xh3ezb69x45zoser	N2Q3NzdhNDVjMzhhNWM0OTU3Y2MxNjJmZjlkNGFkOTEyNmM5NzQ5MTp7Il9hdXRoX3VzZXJfYmFja2VuZCI6ImRqYW5nby5jb250cmliLmF1dGguYmFja2VuZHMuTW9kZWxCYWNrZW5kIiwiX2F1dGhfdXNlcl9oYXNoIjoiNjQxODNiM2JhZWIxMTAxY2Y2OTQ0Zjk3ZmUyYjY0ZjJjZDVkYzY5OSIsIl9hdXRoX3VzZXJfaWQiOiIyIn0=	2019-04-28 20:21:16.988764
wx2t7o0gbfumkdvffif8iji743guqjr7	OGVlNWExNTBiMDdjYWI0OGY4MzNjM2UyMDFmODUzOGYxZDhiZGRkNjp7Il9hdXRoX3VzZXJfYmFja2VuZCI6ImRqYW5nby5jb250cmliLmF1dGguYmFja2VuZHMuTW9kZWxCYWNrZW5kIiwiX2F1dGhfdXNlcl9pZCI6IjIiLCJfYXV0aF91c2VyX2hhc2giOiI2NDE4M2IzYmFlYjExMDFjZjY5NDRmOTdmZTJiNjRmMmNkNWRjNjk5In0=	2019-05-03 18:36:34.94069
wxdjggavycny8cyzcs94ih69noqk82rt	YWZlZDNlOGJmMGQzMGZjYjFhMzU3NTE1ZDk1MjVkNWM3M2M2OGU5Zjp7Il9hdXRoX3VzZXJfaGFzaCI6IjkyY2FmYTkyN2IyNzQzZjA3NTFmY2I1NmYwNmIyODdlMDNmODJlOTciLCJfYXV0aF91c2VyX2lkIjoiMSIsIl9hdXRoX3VzZXJfYmFja2VuZCI6ImRqYW5nby5jb250cmliLmF1dGguYmFja2VuZHMuTW9kZWxCYWNrZW5kIn0=	2018-06-19 18:06:45.779279
wzthxuyl5mkeepltphca3aso0rafdhg0	NzlhNDY5MWZmYzBkYWRlYjUyY2Y3MjBiZWM3NThmZmJlNzFiODlkYzp7Il9hdXRoX3VzZXJfaWQiOiIyIiwiX2F1dGhfdXNlcl9oYXNoIjoiNjQxODNiM2JhZWIxMTAxY2Y2OTQ0Zjk3ZmUyYjY0ZjJjZDVkYzY5OSIsIl9hdXRoX3VzZXJfYmFja2VuZCI6ImRqYW5nby5jb250cmliLmF1dGguYmFja2VuZHMuTW9kZWxCYWNrZW5kIn0=	2019-09-11 16:36:40.813995
x0f29oxp9fyimin2eds1lbp0vr4bt2nl	MTY0MjhmMDhiNmFiYjllYTIzNzEyM2IwYmYyODlmZDE1YTFmOTllNjp7Il9hdXRoX3VzZXJfaWQiOiI1NyIsIl9hdXRoX3VzZXJfaGFzaCI6IjY0OTgyNGVkNjA3NTJhNzBmNDczNDU0MTRlZDAxMWY5NjE3YWM3YjYiLCJfYXV0aF91c2VyX2JhY2tlbmQiOiJkamFuZ28uY29udHJpYi5hdXRoLmJhY2tlbmRzLk1vZGVsQmFja2VuZCJ9	2018-12-21 18:55:32.136186
x1uew3jetmvuzcw157dd1cjngo8f7mq3	YzAxYzRhZTUyNjkwMjgyNTM4ZjYwYTUzMDM2MDE5ZGMzMTI3NTE2Yjp7Il9hdXRoX3VzZXJfaWQiOiIyIiwiX2F1dGhfdXNlcl9iYWNrZW5kIjoiZGphbmdvLmNvbnRyaWIuYXV0aC5iYWNrZW5kcy5Nb2RlbEJhY2tlbmQiLCJfYXV0aF91c2VyX2hhc2giOiI2NDE4M2IzYmFlYjExMDFjZjY5NDRmOTdmZTJiNjRmMmNkNWRjNjk5In0=	2019-10-24 18:33:26.401443
x2f11sv4hfg30qva6ejavyfo50zys7mc	NWEzZDZhMzY0YTYwNjE4NTVmZDk3NDRlZjc5NjhhMDFlM2UxMGFhMzp7Il9hdXRoX3VzZXJfaGFzaCI6ImVkYTYyNTVlYWI0NDA3ZmIwY2YwM2E0MzY3YjRkN2I4NjQ3ZTFkODAiLCJfYXV0aF91c2VyX2JhY2tlbmQiOiJkamFuZ28uY29udHJpYi5hdXRoLmJhY2tlbmRzLk1vZGVsQmFja2VuZCIsIl9hdXRoX3VzZXJfaWQiOiIxNCJ9	2018-05-31 11:58:50.840044
x4g3yzi86kzggs2mhmvjdw09o9ubii55	YWMxOWQxYzQzYzkzZjUwOTY4YmY0ZTQ5MDUxOWFhMzBiNzNhZThlZjp7Il9hdXRoX3VzZXJfaWQiOiIyIiwiX2F1dGhfdXNlcl9iYWNrZW5kIjoiZGphbmdvLmNvbnRyaWIuYXV0aC5iYWNrZW5kcy5Nb2RlbEJhY2tlbmQiLCJfYXV0aF91c2VyX2hhc2giOiI3NDEzOWI5NjVhNjgzMjU4NTkzNTNhM2EyODUyNjY3MDM4OGNjZjQ1In0=	2018-04-18 13:25:03.859
x69rilzzx2pi469nvkexaahi528heq04	N2Q3NzdhNDVjMzhhNWM0OTU3Y2MxNjJmZjlkNGFkOTEyNmM5NzQ5MTp7Il9hdXRoX3VzZXJfYmFja2VuZCI6ImRqYW5nby5jb250cmliLmF1dGguYmFja2VuZHMuTW9kZWxCYWNrZW5kIiwiX2F1dGhfdXNlcl9oYXNoIjoiNjQxODNiM2JhZWIxMTAxY2Y2OTQ0Zjk3ZmUyYjY0ZjJjZDVkYzY5OSIsIl9hdXRoX3VzZXJfaWQiOiIyIn0=	2019-11-12 21:53:03.424803
x809u87u24gtojek73c0s3e1pw9yexok	OGVlNWExNTBiMDdjYWI0OGY4MzNjM2UyMDFmODUzOGYxZDhiZGRkNjp7Il9hdXRoX3VzZXJfYmFja2VuZCI6ImRqYW5nby5jb250cmliLmF1dGguYmFja2VuZHMuTW9kZWxCYWNrZW5kIiwiX2F1dGhfdXNlcl9pZCI6IjIiLCJfYXV0aF91c2VyX2hhc2giOiI2NDE4M2IzYmFlYjExMDFjZjY5NDRmOTdmZTJiNjRmMmNkNWRjNjk5In0=	2019-05-07 13:58:06.854774
x96i2qoc81hn57r0jlkdtpnpl3mo5uzz	ZGUwYjk0NjRkYTYyODlhYjJlNjJlNzU5NzNjNzE0Y2ZkZThjYmIzZDp7Il9hdXRoX3VzZXJfaGFzaCI6IjY0MTgzYjNiYWViMTEwMWNmNjk0NGY5N2ZlMmI2NGYyY2Q1ZGM2OTkiLCJfYXV0aF91c2VyX2lkIjoiMiIsIl9hdXRoX3VzZXJfYmFja2VuZCI6ImRqYW5nby5jb250cmliLmF1dGguYmFja2VuZHMuTW9kZWxCYWNrZW5kIn0=	2019-11-13 20:54:46.472054
xfg0kukqnug3kyob1klldwbygdrsyjng	NmI0NzcyMmNlZTIzM2JlODI4YTgwNjRhMGZkOTc1OWIwNjJkMTRhMzp7Il9hdXRoX3VzZXJfaWQiOiIzNCIsIl9hdXRoX3VzZXJfaGFzaCI6IjY4YjBkMDZjZDE2ZDhmOTM0OWJlMTk3ZTQ5YTkyNmQ5ZjMwMTEwMTQiLCJfYXV0aF91c2VyX2JhY2tlbmQiOiJkamFuZ28uY29udHJpYi5hdXRoLmJhY2tlbmRzLk1vZGVsQmFja2VuZCJ9	2019-04-17 11:33:56.897021
xlp7abjmahv3dkw561d2hx1r4gux5vic	YWMxOWQxYzQzYzkzZjUwOTY4YmY0ZTQ5MDUxOWFhMzBiNzNhZThlZjp7Il9hdXRoX3VzZXJfaWQiOiIyIiwiX2F1dGhfdXNlcl9iYWNrZW5kIjoiZGphbmdvLmNvbnRyaWIuYXV0aC5iYWNrZW5kcy5Nb2RlbEJhY2tlbmQiLCJfYXV0aF91c2VyX2hhc2giOiI3NDEzOWI5NjVhNjgzMjU4NTkzNTNhM2EyODUyNjY3MDM4OGNjZjQ1In0=	2018-08-30 20:42:29.956682
xmm2eqafzh5wbp69ibowdcz0xl52u07a	OGVlNWExNTBiMDdjYWI0OGY4MzNjM2UyMDFmODUzOGYxZDhiZGRkNjp7Il9hdXRoX3VzZXJfYmFja2VuZCI6ImRqYW5nby5jb250cmliLmF1dGguYmFja2VuZHMuTW9kZWxCYWNrZW5kIiwiX2F1dGhfdXNlcl9pZCI6IjIiLCJfYXV0aF91c2VyX2hhc2giOiI2NDE4M2IzYmFlYjExMDFjZjY5NDRmOTdmZTJiNjRmMmNkNWRjNjk5In0=	2019-08-14 18:45:45.649624
xnleqbzpg9srzf0mh7u73two53s5ubaw	MGQwMWVjNzIzZjA5YjNlNjVkZDJiMTg4N2EwZjcyN2U1ZThlYmFhZDp7Il9hdXRoX3VzZXJfaGFzaCI6IjkyY2FmYTkyN2IyNzQzZjA3NTFmY2I1NmYwNmIyODdlMDNmODJlOTciLCJfYXV0aF91c2VyX2JhY2tlbmQiOiJkamFuZ28uY29udHJpYi5hdXRoLmJhY2tlbmRzLk1vZGVsQmFja2VuZCIsIl9hdXRoX3VzZXJfaWQiOiIxIn0=	2018-04-23 02:45:41.234
xof3120j4lgszmyw3ahgr0cs2or17gkc	NmJiZmVlYzVkYzZkNmJiMTc2MDhiYmNhYjRhM2UwY2NkNGRmNzkyZDp7Il9hdXRoX3VzZXJfaWQiOiIyIiwiX2F1dGhfdXNlcl9oYXNoIjoiNzQxMzliOTY1YTY4MzI1ODU5MzUzYTNhMjg1MjY2NzAzODhjY2Y0NSIsIl9hdXRoX3VzZXJfYmFja2VuZCI6ImRqYW5nby5jb250cmliLmF1dGguYmFja2VuZHMuTW9kZWxCYWNrZW5kIn0=	2018-05-01 01:17:03.177288
xov0u1myl2jn7f5062yunx01li50if64	YWZiMTE0ZjEzOTllMTg3MTg3NDE3N2ExMTM4N2VjY2FkM2MwMzI0Njp7Il9hdXRoX3VzZXJfYmFja2VuZCI6ImRqYW5nby5jb250cmliLmF1dGguYmFja2VuZHMuTW9kZWxCYWNrZW5kIiwiX2F1dGhfdXNlcl9oYXNoIjoiOTk5ZWZjOGE2ZThlMmJkOWE0NGQxYjNmZjVlMDU2YmM2OWIyOWM5ZCIsIl9hdXRoX3VzZXJfaWQiOiI1OCJ9	2019-01-01 17:50:51.058958
xp191suzley2vfyzpcrvc9es07aktfw6	N2Q3NzdhNDVjMzhhNWM0OTU3Y2MxNjJmZjlkNGFkOTEyNmM5NzQ5MTp7Il9hdXRoX3VzZXJfYmFja2VuZCI6ImRqYW5nby5jb250cmliLmF1dGguYmFja2VuZHMuTW9kZWxCYWNrZW5kIiwiX2F1dGhfdXNlcl9oYXNoIjoiNjQxODNiM2JhZWIxMTAxY2Y2OTQ0Zjk3ZmUyYjY0ZjJjZDVkYzY5OSIsIl9hdXRoX3VzZXJfaWQiOiIyIn0=	2019-08-28 19:53:28.673928
xrf65eyo0cnzmm21wr7434dcpbb0ifdf	NmJiZmVlYzVkYzZkNmJiMTc2MDhiYmNhYjRhM2UwY2NkNGRmNzkyZDp7Il9hdXRoX3VzZXJfaWQiOiIyIiwiX2F1dGhfdXNlcl9oYXNoIjoiNzQxMzliOTY1YTY4MzI1ODU5MzUzYTNhMjg1MjY2NzAzODhjY2Y0NSIsIl9hdXRoX3VzZXJfYmFja2VuZCI6ImRqYW5nby5jb250cmliLmF1dGguYmFja2VuZHMuTW9kZWxCYWNrZW5kIn0=	2018-11-15 19:56:45.072648
xrniphr2bhtv6878qmv6wrpvqsdiip3t	MGQwMWVjNzIzZjA5YjNlNjVkZDJiMTg4N2EwZjcyN2U1ZThlYmFhZDp7Il9hdXRoX3VzZXJfaGFzaCI6IjkyY2FmYTkyN2IyNzQzZjA3NTFmY2I1NmYwNmIyODdlMDNmODJlOTciLCJfYXV0aF91c2VyX2JhY2tlbmQiOiJkamFuZ28uY29udHJpYi5hdXRoLmJhY2tlbmRzLk1vZGVsQmFja2VuZCIsIl9hdXRoX3VzZXJfaWQiOiIxIn0=	2018-10-03 15:06:35.500752
y6x1q7j512m9vt8z026vyfe1bsh9mrew	YWMxOWQxYzQzYzkzZjUwOTY4YmY0ZTQ5MDUxOWFhMzBiNzNhZThlZjp7Il9hdXRoX3VzZXJfaWQiOiIyIiwiX2F1dGhfdXNlcl9iYWNrZW5kIjoiZGphbmdvLmNvbnRyaWIuYXV0aC5iYWNrZW5kcy5Nb2RlbEJhY2tlbmQiLCJfYXV0aF91c2VyX2hhc2giOiI3NDEzOWI5NjVhNjgzMjU4NTkzNTNhM2EyODUyNjY3MDM4OGNjZjQ1In0=	2018-10-31 02:42:41.023491
ya0v9igsthhnnc5jxvdc5phtoy9h8st2	OWZjYjg3YzA0NDA5OGYwYWRhYjU3Yjc5ZmI3NTkyODk3NjZjNzUwNDp7Il9hdXRoX3VzZXJfYmFja2VuZCI6ImRqYW5nby5jb250cmliLmF1dGguYmFja2VuZHMuTW9kZWxCYWNrZW5kIiwiX2F1dGhfdXNlcl9pZCI6IjIiLCJfYXV0aF91c2VyX2hhc2giOiI3NDEzOWI5NjVhNjgzMjU4NTkzNTNhM2EyODUyNjY3MDM4OGNjZjQ1In0=	2018-12-18 15:09:29.019001
yduf5wgay9zih7og6tjjsmksr1i2ot7z	MWFlNDc0MTc5YWVjMTUzOGUzOTBkYmE3YjI5ZWFhMWRlMWJjOWExMTp7Il9hdXRoX3VzZXJfaGFzaCI6IjY0MTgzYjNiYWViMTEwMWNmNjk0NGY5N2ZlMmI2NGYyY2Q1ZGM2OTkiLCJfYXV0aF91c2VyX2JhY2tlbmQiOiJkamFuZ28uY29udHJpYi5hdXRoLmJhY2tlbmRzLk1vZGVsQmFja2VuZCIsIl9hdXRoX3VzZXJfaWQiOiIyIn0=	2019-05-24 17:52:42.669315
ylq9n8uimx2i20tdug3ycs3hpprs44fr	N2Q3NzdhNDVjMzhhNWM0OTU3Y2MxNjJmZjlkNGFkOTEyNmM5NzQ5MTp7Il9hdXRoX3VzZXJfYmFja2VuZCI6ImRqYW5nby5jb250cmliLmF1dGguYmFja2VuZHMuTW9kZWxCYWNrZW5kIiwiX2F1dGhfdXNlcl9oYXNoIjoiNjQxODNiM2JhZWIxMTAxY2Y2OTQ0Zjk3ZmUyYjY0ZjJjZDVkYzY5OSIsIl9hdXRoX3VzZXJfaWQiOiIyIn0=	2019-03-26 23:29:00.141848
ymr4jmf0h7i8kdiwvn3qyf9muomhd36f	NmFmNTBhZGJmODA0Nzk3NTYyYTljZjFhNTEwNGZhNGY2NjljOGZmMDp7Il9hdXRoX3VzZXJfaGFzaCI6ImM1Zjk0MDUwZDdmOWNjZjgzMjI4M2IwZWU3YWI5MDIzNjhjNTZmYWYiLCJfYXV0aF91c2VyX2JhY2tlbmQiOiJkamFuZ28uY29udHJpYi5hdXRoLmJhY2tlbmRzLk1vZGVsQmFja2VuZCIsIl9hdXRoX3VzZXJfaWQiOiI0MyJ9	2019-04-05 22:52:31.783525
yqhs764gdjabo0kokjgkxi7af09x3igu	YzAxYzRhZTUyNjkwMjgyNTM4ZjYwYTUzMDM2MDE5ZGMzMTI3NTE2Yjp7Il9hdXRoX3VzZXJfaWQiOiIyIiwiX2F1dGhfdXNlcl9iYWNrZW5kIjoiZGphbmdvLmNvbnRyaWIuYXV0aC5iYWNrZW5kcy5Nb2RlbEJhY2tlbmQiLCJfYXV0aF91c2VyX2hhc2giOiI2NDE4M2IzYmFlYjExMDFjZjY5NDRmOTdmZTJiNjRmMmNkNWRjNjk5In0=	2019-06-11 19:53:51.591114
yslvaj0w5j7nns2qkol3lqm00bd9f0bz	N2Q3NzdhNDVjMzhhNWM0OTU3Y2MxNjJmZjlkNGFkOTEyNmM5NzQ5MTp7Il9hdXRoX3VzZXJfYmFja2VuZCI6ImRqYW5nby5jb250cmliLmF1dGguYmFja2VuZHMuTW9kZWxCYWNrZW5kIiwiX2F1dGhfdXNlcl9oYXNoIjoiNjQxODNiM2JhZWIxMTAxY2Y2OTQ0Zjk3ZmUyYjY0ZjJjZDVkYzY5OSIsIl9hdXRoX3VzZXJfaWQiOiIyIn0=	2019-07-23 17:52:26.893099
ysn8gy9ux7qugnk8i1h3t8xm69oe1mb7	ZGUwYjk0NjRkYTYyODlhYjJlNjJlNzU5NzNjNzE0Y2ZkZThjYmIzZDp7Il9hdXRoX3VzZXJfaGFzaCI6IjY0MTgzYjNiYWViMTEwMWNmNjk0NGY5N2ZlMmI2NGYyY2Q1ZGM2OTkiLCJfYXV0aF91c2VyX2lkIjoiMiIsIl9hdXRoX3VzZXJfYmFja2VuZCI6ImRqYW5nby5jb250cmliLmF1dGguYmFja2VuZHMuTW9kZWxCYWNrZW5kIn0=	2019-10-03 01:01:57.811555
z20hy9xxw6rnkbgk5pb6hg3voddwqjgo	ZDAxZmI3YjRkZGUwNzNhZjJmZDZhNzY3ZDk5N2I5YTM0MGM2MWJmMTp7fQ==	2019-01-03 03:55:07.290461
z5vu4xgjih06aznz0oanh99io9z4sula	NWUxNmFiMjcyNmNiNGQzNDQzMDE5MDcwMzFjNzEzMzQ2MDdmODg1Mzp7Il9hdXRoX3VzZXJfaWQiOiIzNCIsIl9hdXRoX3VzZXJfYmFja2VuZCI6ImRqYW5nby5jb250cmliLmF1dGguYmFja2VuZHMuTW9kZWxCYWNrZW5kIiwiX2F1dGhfdXNlcl9oYXNoIjoiZDFlNTY5NjhkNzk1YjQzMTRkMjFkZGQ4MDk3N2NmMDIwODE4NGI0OSJ9	2018-07-04 11:52:26.807833
z7rm53cteigbba9ujs100uzrubauq0ss	NzlhNDY5MWZmYzBkYWRlYjUyY2Y3MjBiZWM3NThmZmJlNzFiODlkYzp7Il9hdXRoX3VzZXJfaWQiOiIyIiwiX2F1dGhfdXNlcl9oYXNoIjoiNjQxODNiM2JhZWIxMTAxY2Y2OTQ0Zjk3ZmUyYjY0ZjJjZDVkYzY5OSIsIl9hdXRoX3VzZXJfYmFja2VuZCI6ImRqYW5nby5jb250cmliLmF1dGguYmFja2VuZHMuTW9kZWxCYWNrZW5kIn0=	2019-12-11 02:01:38.865699
z8nhm0f9tuures0ti2e4kkl08d9khwlk	ZDE5MDM2ZWQxNjlhY2E0YjdiN2UzMzM4N2JhMTBhMGNiM2E2MGUzYjp7Il9hdXRoX3VzZXJfaGFzaCI6ImVjMTA5NGZlMjE5NDI2NWYyYTkyMzAxNTU2NDQ4NGFkZGFhNWM3ZmEiLCJfYXV0aF91c2VyX2JhY2tlbmQiOiJkamFuZ28uY29udHJpYi5hdXRoLmJhY2tlbmRzLk1vZGVsQmFja2VuZCIsIl9hdXRoX3VzZXJfaWQiOiIxOCJ9	2018-05-16 20:05:23.160282
zawzrvr8p95n6vk07qwijzuq721ntcun	NGVkMWViODA2Yzk1YTViOGJjY2M0ZDFiYTdhN2I1ZmYxZjdhOTUxMjp7Il9hdXRoX3VzZXJfaGFzaCI6Ijc0MTM5Yjk2NWE2ODMyNTg1OTM1M2EzYTI4NTI2NjcwMzg4Y2NmNDUiLCJfYXV0aF91c2VyX2lkIjoiMiIsIl9hdXRoX3VzZXJfYmFja2VuZCI6ImRqYW5nby5jb250cmliLmF1dGguYmFja2VuZHMuTW9kZWxCYWNrZW5kIn0=	2019-01-21 15:24:46.399292
zfg675912qkdxjd4veaxzyhicwrdpz89	MWFlNDc0MTc5YWVjMTUzOGUzOTBkYmE3YjI5ZWFhMWRlMWJjOWExMTp7Il9hdXRoX3VzZXJfaGFzaCI6IjY0MTgzYjNiYWViMTEwMWNmNjk0NGY5N2ZlMmI2NGYyY2Q1ZGM2OTkiLCJfYXV0aF91c2VyX2JhY2tlbmQiOiJkamFuZ28uY29udHJpYi5hdXRoLmJhY2tlbmRzLk1vZGVsQmFja2VuZCIsIl9hdXRoX3VzZXJfaWQiOiIyIn0=	2019-05-25 17:56:42.55541
zirty481tv4konrijfe5oijchza04yid	ODRmNGVjNzhkYWQ3MDVjOGU3MjFkMzVkZTJiN2Y5ZGNjYWQ4OTFiZTp7Il9hdXRoX3VzZXJfaGFzaCI6Ijg3MDQ1Njk5OWJkY2IxNTVlYjk1OTFmZDFkMDBjZjcxNzUxNmFmOTMiLCJfYXV0aF91c2VyX2JhY2tlbmQiOiJkamFuZ28uY29udHJpYi5hdXRoLmJhY2tlbmRzLk1vZGVsQmFja2VuZCIsIl9hdXRoX3VzZXJfaWQiOiIxNSJ9	2019-06-04 00:05:25.910044
zl1expxl2ths1ppab878m9foxppp16nz	ZGUwYjk0NjRkYTYyODlhYjJlNjJlNzU5NzNjNzE0Y2ZkZThjYmIzZDp7Il9hdXRoX3VzZXJfaGFzaCI6IjY0MTgzYjNiYWViMTEwMWNmNjk0NGY5N2ZlMmI2NGYyY2Q1ZGM2OTkiLCJfYXV0aF91c2VyX2lkIjoiMiIsIl9hdXRoX3VzZXJfYmFja2VuZCI6ImRqYW5nby5jb250cmliLmF1dGguYmFja2VuZHMuTW9kZWxCYWNrZW5kIn0=	2019-04-27 18:49:23.082944
zn2xbakpjp190eh4p19lkti53a349n38	N2Q3NzdhNDVjMzhhNWM0OTU3Y2MxNjJmZjlkNGFkOTEyNmM5NzQ5MTp7Il9hdXRoX3VzZXJfYmFja2VuZCI6ImRqYW5nby5jb250cmliLmF1dGguYmFja2VuZHMuTW9kZWxCYWNrZW5kIiwiX2F1dGhfdXNlcl9oYXNoIjoiNjQxODNiM2JhZWIxMTAxY2Y2OTQ0Zjk3ZmUyYjY0ZjJjZDVkYzY5OSIsIl9hdXRoX3VzZXJfaWQiOiIyIn0=	2019-05-01 19:55:50.619981
zr204sj706wdae2n7ty2yvf4ra5henl1	YWMxNDMyN2YwNTQ2ZDk3OGIyNmM1Y2YwY2U1OGNiYjU0MzQzOWQ5Yjp7Il9hdXRoX3VzZXJfYmFja2VuZCI6ImRqYW5nby5jb250cmliLmF1dGguYmFja2VuZHMuTW9kZWxCYWNrZW5kIiwiX2F1dGhfdXNlcl9oYXNoIjoiNzQxMzliOTY1YTY4MzI1ODU5MzUzYTNhMjg1MjY2NzAzODhjY2Y0NSIsIl9hdXRoX3VzZXJfaWQiOiIyIn0=	2018-05-04 14:49:37.058495
zrdl51tt1p3gor9x7vpfl4adntmb9id7	YWMxOWQxYzQzYzkzZjUwOTY4YmY0ZTQ5MDUxOWFhMzBiNzNhZThlZjp7Il9hdXRoX3VzZXJfaWQiOiIyIiwiX2F1dGhfdXNlcl9iYWNrZW5kIjoiZGphbmdvLmNvbnRyaWIuYXV0aC5iYWNrZW5kcy5Nb2RlbEJhY2tlbmQiLCJfYXV0aF91c2VyX2hhc2giOiI3NDEzOWI5NjVhNjgzMjU4NTkzNTNhM2EyODUyNjY3MDM4OGNjZjQ1In0=	2018-08-15 23:12:38.167511
zxd8to8vtem9172bogcrsq8qijczc03u	OGVlNWExNTBiMDdjYWI0OGY4MzNjM2UyMDFmODUzOGYxZDhiZGRkNjp7Il9hdXRoX3VzZXJfYmFja2VuZCI6ImRqYW5nby5jb250cmliLmF1dGguYmFja2VuZHMuTW9kZWxCYWNrZW5kIiwiX2F1dGhfdXNlcl9pZCI6IjIiLCJfYXV0aF91c2VyX2hhc2giOiI2NDE4M2IzYmFlYjExMDFjZjY5NDRmOTdmZTJiNjRmMmNkNWRjNjk5In0=	2019-08-19 16:25:53.660024
zxipqrcklcpziaumspq653epm58rwjcl	NzlhNDY5MWZmYzBkYWRlYjUyY2Y3MjBiZWM3NThmZmJlNzFiODlkYzp7Il9hdXRoX3VzZXJfaWQiOiIyIiwiX2F1dGhfdXNlcl9oYXNoIjoiNjQxODNiM2JhZWIxMTAxY2Y2OTQ0Zjk3ZmUyYjY0ZjJjZDVkYzY5OSIsIl9hdXRoX3VzZXJfYmFja2VuZCI6ImRqYW5nby5jb250cmliLmF1dGguYmFja2VuZHMuTW9kZWxCYWNrZW5kIn0=	2019-03-24 20:34:48.69731
zzp6ispmv4lc16p7iwbvbqmgw9yy9rwk	N2Q3NzdhNDVjMzhhNWM0OTU3Y2MxNjJmZjlkNGFkOTEyNmM5NzQ5MTp7Il9hdXRoX3VzZXJfYmFja2VuZCI6ImRqYW5nby5jb250cmliLmF1dGguYmFja2VuZHMuTW9kZWxCYWNrZW5kIiwiX2F1dGhfdXNlcl9oYXNoIjoiNjQxODNiM2JhZWIxMTAxY2Y2OTQ0Zjk3ZmUyYjY0ZjJjZDVkYzY5OSIsIl9hdXRoX3VzZXJfaWQiOiIyIn0=	2019-07-10 15:52:30.53549
zzunqdw7ry13ax1oxyn31mhsg0cjey7g	N2Q3NzdhNDVjMzhhNWM0OTU3Y2MxNjJmZjlkNGFkOTEyNmM5NzQ5MTp7Il9hdXRoX3VzZXJfYmFja2VuZCI6ImRqYW5nby5jb250cmliLmF1dGguYmFja2VuZHMuTW9kZWxCYWNrZW5kIiwiX2F1dGhfdXNlcl9oYXNoIjoiNjQxODNiM2JhZWIxMTAxY2Y2OTQ0Zjk3ZmUyYjY0ZjJjZDVkYzY5OSIsIl9hdXRoX3VzZXJfaWQiOiIyIn0=	2019-07-12 15:35:01.43774
\.


--
-- Data for Name: django_twilio_caller; Type: TABLE DATA; Schema: public; Owner: genuwine12
--

COPY public.django_twilio_caller (id, blacklisted, phone_number) FROM stdin;
\.


--
-- Data for Name: django_twilio_credential; Type: TABLE DATA; Schema: public; Owner: genuwine12
--

COPY public.django_twilio_credential (id, name, account_sid, auth_token, user_id) FROM stdin;
\.


--
-- Data for Name: expenses_expenses; Type: TABLE DATA; Schema: public; Owner: genuwine12
--

COPY public.expenses_expenses (id, amount, submit_date, pay_this_week, expense_type, document_link, customer_id, house_id, description, memo) FROM stdin;
1	43.84	2018-07-16 03:04:09.401852	0	Materials	customer_uploads/2-expenses/CustomerOrderH6379-107036.pdf	2	26		
2	30.91	2018-07-16 21:54:04.66768	0	Materials	customer_uploads/2-expenses/CustomerOrderH6379-107429.pdf	2	26		
3	30.91	2018-07-16 23:47:12.800186	0	Materials	customer_uploads/2-expenses/CustomerOrderH6379-107429_p2T0op6.pdf	2	27		
4	95.83	2018-07-16 23:49:09.214703	0	Materials	customer_uploads/2-expenses/CustomerOrderH6320-89064.pdf	2	27		
5	80.18	2018-07-16 23:50:42.130336	0	Materials	customer_uploads/2-expenses/CustomerOrderH6316-75426.pdf	2	4		
6	525.12	2018-07-17 01:22:40.972546	0	Materials	customer_uploads/2-expenses/Scanned_Documents-2.pdf	2	27		
7	1236.28	2018-07-17 01:23:26.401352	0	Materials	customer_uploads/2-expenses/Scanned_Documents.pdf	2	27		
8	110.01	2018-07-17 01:59:25.913825	0	Materials	customer_uploads/2-expenses/CustomerOrderH6379-98192.pdf	2	24		
9	24.76	2018-07-17 02:00:10.087073	0	Materials	customer_uploads/2-expenses/CustomerOrderH6320-84809.pdf	2	24		
10	139.19	2018-07-17 02:01:02.864062	0	Materials	customer_uploads/2-expenses/CustomerOrderH0205-93577.pdf	2	27		
11	183.90	2018-07-17 02:01:43.393188	0	Materials	customer_uploads/2-expenses/CustomerOrderH0224-90424.pdf	2	22		
12	270.07	2018-07-17 02:02:26.013179	0	Materials	customer_uploads/2-expenses/CustomerOrderH6320-78306.pdf	2	4		
13	405.74	2018-07-17 02:03:19.463051	0	Materials	customer_uploads/2-expenses/CustomerOrderH0224-84176.pdf	2	24		
14	176.15	2018-07-17 02:04:10.952901	0	Materials	customer_uploads/2-expenses/CustomerOrderH0224-81416.pdf	2	7		
15	473.86	2018-07-17 02:05:17.717044	0	Materials	customer_uploads/2-expenses/CustomerOrderH6314-61201.pdf	2	14		
16	158.42	2018-07-17 02:05:52.896444	0	Materials	customer_uploads/2-expenses/CustomerOrderH6314-60373.pdf	2	14		
17	80.18	2018-07-17 02:06:50.526548	0	Materials	customer_uploads/2-expenses/CustomerOrderH6316-75426_GkEKsGP.pdf	2	4		
18	95.83	2018-07-17 02:07:30.549536	0	Materials	customer_uploads/2-expenses/CustomerOrderH6320-89064_WB6JGrg.pdf	2	27		
19	32.00	2018-07-17 02:08:44.380324	0	Materials	customer_uploads/2-expenses/CustomerOrderH6325-74875.pdf	2	22		
20	231.12	2018-07-17 02:09:41.383433	0	Materials	customer_uploads/2-expenses/CustomerOrderH6320-89584.pdf	2	27		
21	826.56	2018-07-17 02:10:14.525456	0	Materials	customer_uploads/2-expenses/CustomerOrderH0220-107468.pdf	2	27		
22	20.28	2018-07-17 02:10:49.995229	0	Materials	customer_uploads/2-expenses/CustomerOrderH0220-107466.pdf	2	26		
23	75.12	2018-07-17 02:11:35.139633	0	Materials	customer_uploads/2-expenses/CustomerOrderH6379-102008.pdf	2	26		
24	260.70	2018-07-17 02:13:26.72567	0	Materials	customer_uploads/2-expenses/CustomerOrderH0205-96577.pdf	2	27		
25	1046.34	2018-07-17 02:14:11.973681	0	Materials	customer_uploads/2-expenses/CustomerOrderH6330-65172.pdf	2	22		
26	207.55	2018-07-17 02:15:01.504506	0	Materials	customer_uploads/2-expenses/CustomerOrderH6316-71775.pdf	2	22		
27	222.24	2018-07-17 02:15:50.331396	0	Materials	customer_uploads/2-expenses/CustomerOrderH6320-85707.pdf	2	22		
28	136.24	2018-07-17 02:16:53.953632	0	Materials	customer_uploads/2-expenses/CustomerOrderH6379-93950.pdf	2	23		
29	210.22	2018-07-17 02:17:43.155876	0	Materials	customer_uploads/2-expenses/CustomerOrderH6379-90068.pdf	2	23		
30	-77.44	2018-07-18 13:11:51.173699	0	Materials	customer_uploads/2-expenses/52F9F1C8-94D1-4022-8A75-9796D68500EE.jpeg	2	27		
31	744.00	2018-07-18 19:21:20.451922	0	Materials	customer_uploads/2-expenses/outfile_p11.pdf	2	26		
32	228.77	2018-07-18 19:21:56.275194	0	Materials	customer_uploads/2-expenses/outfile_p10.pdf	2	26		
33	156.83	2018-07-18 19:22:58.195775	0	Materials	customer_uploads/2-expenses/outfile_p9.pdf	2	9		
34	18.17	2018-07-18 19:24:42.15155	0	Materials	customer_uploads/2-expenses/outfile_p8.pdf	2	26		
35	44.59	2018-07-18 19:25:25.740249	0	Materials	customer_uploads/2-expenses/outfile_p4.pdf	2	27		
37	-61.59	2018-07-18 19:31:12.991513	0	Materials	customer_uploads/2-expenses/outfile_p1_6ESqg8B.pdf	2	27		
38	-245.03	2018-07-18 19:31:53.739936	0	Materials	customer_uploads/2-expenses/outfile_p2.pdf	2	27		
39	211.51	2018-07-18 22:52:36.78462	1	No 1099	customer_uploads/2-expenses/scan.pdf	2	26		
40	621.56	2018-07-19 17:47:10.23016	0	Materials	customer_uploads/2-expenses/Screenshot_4.png	2	22		
41	51.16	2018-07-19 18:54:19.141756	0	Materials	customer_uploads/2-expenses/Scanned_Documents_8tqSDtV.pdf	2	27		
42	186.63	2018-07-19 21:00:37.101698	0	Materials	customer_uploads/2-expenses/Scanned_Documents_eyyTaB5.pdf	2	27		
43	-41.77	2018-07-22 18:36:31.550636	0	Materials	customer_uploads/2-expenses/Scanned_Documents_e0hEriB.pdf	2	27		
44	101.41	2018-07-22 19:05:30.635767	0	Materials	customer_uploads/2-expenses/CustomerOrderH6320-94332.pdf	2	27		
45	351.70	2018-07-24 01:38:16.550496	0	Materials	customer_uploads/2-expenses/A6479D2B-D515-4803-A593-1DE726803F15.png	2	24		
46	-23.49	2018-07-24 17:57:28.072113	0	Materials	customer_uploads/2-expenses/EB7620AF-B136-484B-80B5-912AD7FE9B78.jpeg	2	27		
47	15.95	2018-07-25 02:38:15.402221	0	Materials	customer_uploads/2-expenses/1DA038AE-E664-4EFC-ACCC-CBF6A1F86C24.png	2	27		
50	284.42	2018-07-25 22:08:28.649212	1	No 1099	customer_uploads/2-expenses/FC90345B-0092-4AB1-9DF3-5362ED3234E8.jpeg	2	26		
51	179.64	2018-07-25 22:09:06.298051	1	No 1099	customer_uploads/2-expenses/EFEED528-3064-4427-BAD9-FC1A0E883798.png	2	26		
52	895.00	2018-07-26 17:36:37.61868	0	Miscellaneous	customer_uploads/2-expenses/9070_Strandhill_Way_BB_Mashraghi__Const.Pkg._ret____7-24.pdf	2	16		
54	404.99	2018-07-26 20:47:16.413135	0	Materials	customer_uploads/2-expenses/A6C15C18-FE51-494B-9EC0-C82B36CFE8FB.png	2	26		
55	123.42	2018-07-27 20:50:57.392759	0	Materials	customer_uploads/2-expenses/D75EA555-7F40-4678-978F-121619B1BF85.png	2	26		
56	420.13	2018-07-28 13:58:39.674076	0	Materials	customer_uploads/2-expenses/E82AE0AD-4E2C-4315-9B90-76C86C893A69.png	2	22		
57	17.12	2018-07-28 17:44:49.878529	0	Materials	customer_uploads/2-expenses/Scanned_Documents_WOLXC7k.pdf	2	26		
58	33.34	2018-07-28 20:51:16.063572	0	Materials	customer_uploads/2-expenses/Scanned_Documents_noazMuI.pdf	2	26		
59	21.95	2018-07-30 22:48:40.463216	0	Materials	customer_uploads/2-expenses/08517195-9305-42BD-8AE0-451232370965.png	2	22		
60	23.45	2018-08-01 17:28:40.172716	0	Materials	customer_uploads/2-expenses/Scanned_Documents_MjtudTP.pdf	2	26		
61	26.65	2018-08-13 01:34:12.743344	0	Materials	customer_uploads/2-expenses/CD469C12-227A-4CF4-A5DE-9D1E9BA03DB2.png	2	27		
62	75.27	2018-08-13 01:34:51.137253	0	Materials	customer_uploads/2-expenses/D124E08F-67CB-43DC-89FB-2767CA13D5B6.png	2	22		
63	18.69	2018-08-13 01:35:21.565776	0	Materials	customer_uploads/2-expenses/0500336E-06F1-460F-8D27-9F11B47383FE.png	2	22		
64	28.63	2018-08-13 01:42:13.077872	0	Materials	customer_uploads/2-expenses/B4894781-31D5-4014-9A45-64DFF4BBCFCF.png	2	22		
65	33.46	2018-08-13 01:43:37.314787	0	Materials	customer_uploads/2-expenses/82CAF09B-1557-4ADA-8277-2D682E2B3E40.png	2	24		
66	106.96	2018-08-13 01:44:43.965537	0	Materials	customer_uploads/2-expenses/77CA8B89-54F5-4CA3-9305-FBB7921F64BF.png	2	22		
67	329.56	2018-08-13 01:45:28.389174	0	Materials	customer_uploads/2-expenses/E5EF5313-6818-4C98-90A4-2A15D2E705C1.png	2	22		
68	18.34	2018-08-13 01:46:46.527042	0	Materials	customer_uploads/2-expenses/0F64ACF8-D921-42C5-99AE-82B59C090972.png	2	26		
69	134.38	2018-08-13 01:48:45.083186	0	Materials	customer_uploads/2-expenses/JPEG_image.jpeg	2	9		
70	7.46	2018-08-13 01:50:33.693805	0	Materials	customer_uploads/2-expenses/9C704585-D640-44DD-A730-3954A89BB426.jpeg	2	26		
71	26.65	2018-08-13 01:51:58.238934	0	Materials	customer_uploads/2-expenses/4E9F9609-DBE7-425D-8453-777CD6E61B98.jpeg	2	27		
72	2795.12	2018-08-13 19:59:43.018243	1	No 1099	customer_uploads/2-expenses/117_Waterview_Best_buy.docx	2	26		
73	545.40	2018-08-15 23:27:37.154858	1	No 1099	customer_uploads/2-expenses/117_WATERVIEW_EXCHANGED_OF_REFRIGERATOR.pdf	2	26		
74	936.21	2018-08-25 12:55:33.305218	0	Materials	customer_uploads/2-expenses/281225BF-E163-4241-AFCA-9735700474B9.jpeg	2	21		
76	189.39	2018-08-26 00:35:09.929084	0	Materials	customer_uploads/2-expenses/File_001.png	2	27		
77	155.15	2018-08-27 13:40:12.794629	1	No 1099	customer_uploads/2-expenses/Receipt_insulation_441_35th_st.pdf	2	21		
78	18.88	2018-08-28 18:26:37.89008	0	Materials	customer_uploads/2-expenses/Scanned_Documents_HOCIgxG.pdf	2	9		
79	196.65	2018-09-12 20:44:16.829153	0	Materials	customer_uploads/2-expenses/Scanned_Documents_HjhzpZY.pdf	2	9		
80	257.22	2018-09-18 15:37:54.208996	1	No 1099	customer_uploads/2-expenses/Scanned_Documents_uoNdmQx.pdf	2	9		
81	2966.71	2018-09-20 01:21:01.352592	1	No 1099	customer_uploads/2-expenses/13377-bathroom_tiles-Floor_and_Decore.pdf	2	9		
82	238.00	2018-09-20 01:22:49.539289	1	No 1099	customer_uploads/2-expenses/13377-extra-exchange-Floor_and_Decore-3.pdf	2	9		
83	169.27	2018-10-03 03:08:31.515476	0	Materials	customer_uploads/2-expenses/20181002_102625_15384904212921.jpg	2	9		
84	350.00	2018-10-03 23:09:03.504751	0	Miscellaneous	customer_uploads/2-expenses/13377_DoubleTree_Wellington-ROOF.docx	2	9		
85	1381.68	2018-10-03 23:18:18.076138	1	No 1099	customer_uploads/2-expenses/CITY__ASHLEYGALLERIA.pdf	2	23		
87	267.49	2018-10-03 23:22:45.641344	1	No 1099	customer_uploads/2-expenses/CITY__ASHLEYGALLERIA_1.pdf	2	23		
88	316.38	2018-10-04 13:05:24.291948	0	Materials	customer_uploads/2-expenses/CustomerOrderH6379-119567.pdf	2	9		
89	427.93	2018-10-05 01:01:35.165214	1	No 1099	customer_uploads/2-expenses/HOMEGOODSSTAGING_1.pdf	2	8		
90	469.73	2018-10-10 15:15:17.313257	0	Materials	customer_uploads/2-expenses/IMG_0113.JPG	2	26		
91	2901.99	2018-10-10 23:10:13.126214	1	No 1099	customer_uploads/2-expenses/PNG_image_2.png	2	32		
93	83.40	2018-10-10 23:35:36.092016	1	No 1099	customer_uploads/2-expenses/Tiles_for_13377_Doubletree.pdf	2	9		
94	-33.51	2018-10-15 16:22:32.895482	0	Materials	customer_uploads/2-expenses/B3715BE3-9FF2-4C88-A705-8D3CC9949F67.jpeg	2	9		
96	1393.70	2018-10-16 13:32:38.621917	0	Materials	customer_uploads/2-expenses/Customer_Agreement_H6379-121289.pdf	2	9		
97	24.85	2018-10-16 13:36:29.175065	0	Materials	customer_uploads/2-expenses/Customer_Agreement_H6320-104543.pdf	2	7		
98	411.18	2018-10-16 13:37:07.230843	0	Materials	customer_uploads/2-expenses/eReceipt.pdf	2	7		
99	2664.42	2018-10-17 21:23:41.079886	1	No 1099	customer_uploads/2-expenses/DOUBLETREE_FIREPLACE_BR.pdf	2	9		
100	37.43	2018-10-18 14:33:17.144569	0	Materials	customer_uploads/2-expenses/File_001_hcmv1IS.png	2	21		
101	211.86	2018-10-18 14:34:02.569236	0	Materials	customer_uploads/2-expenses/File_001_OaPXWda.png	2	21		
102	267.63	2018-10-23 00:03:18.726592	0	Power Bill	customer_uploads/2-expenses/13377_doubletree-fpl20181022123500.pdf	2	9		
103	41.60	2018-10-23 01:17:23.708535	0	Materials	customer_uploads/2-expenses/image.jpg	2	9		
104	405.32	2018-10-23 01:18:34.423957	0	Materials	customer_uploads/2-expenses/image_5YdkFU3.jpg	2	9		
105	255.77	2018-10-23 01:22:51.004085	0	Materials	customer_uploads/2-expenses/image_WgIGJJu.jpg	2	9		
107	542.49	2018-10-23 19:40:51.517786	0	Materials	customer_uploads/2-expenses/43F585F1-6ACE-4D8C-B64D-AD489FA92039.jpeg	2	9		
113	384.13	2018-10-29 17:32:40.960522	0	Materials	customer_uploads/2-expenses/File_001_2zQVLom.png	2	24		
115	1208.01	2018-10-30 19:42:33.944566	1	No 1099	customer_uploads/2-expenses/8944_Escondido_Way__Bathroom_Tiles_and_base.pdf	2	32		
116	212.24	2018-10-31 14:47:40.936148	0	Materials	customer_uploads/2-expenses/CustomerOrderH0204-97618.pdf	2	32		
117	80.94	2018-10-31 15:52:58.150565	0	Materials	customer_uploads/2-expenses/File_001_pyiLHP5.png	2	9		
118	741.98	2018-11-05 18:36:58.676542	0	Materials	customer_uploads/expenses/8944 Escondido Way/Scanned_Documents.pdf	2	32		
119	2901.65	2018-11-05 21:00:46.110462	0	Materials	customer_uploads/expenses/11852 61st St N/File_001.png	2	24		
120	1602.30	2018-11-07 22:13:26.452954	1	No 1099	customer_uploads/expenses/441 W 35th Street/Countertop_Purchase_for_441.pdf	2	21		
121	217.09	2018-11-26 19:29:27.4606	0	Water Bill	customer_uploads/expenses/117 Waterview Way/117_waterview_way-water20181114084517.pdf	2	26		
123	1385.00	2018-12-06 00:32:45.444958	1	Materials	customer_uploads/expenses/13377 Doubletree Circle/image_bmFHFsm.jpg	2	9		
124	270.64	2018-12-06 00:52:54.501308	1	No 1099	customer_uploads/expenses/441 W 35th Street/Floor_and_decor_441_tile.pdf	2	21		
127	68.87	2018-12-27 03:41:48.43103	1	No 1099	customer_uploads/expenses/441 W 35th Street/Scan_Dec_12_2018_at_4.19_PM_LoxKOxQ_MgWsCKS.pdf	2	21		
128	382.10	2018-12-31 17:57:15.844322	1	Materials	customer_uploads/expenses/441 W 35th Street/image.jpg	2	21		
129	112.28	2019-01-02 23:47:02.915267	1	No 1099	customer_uploads/expenses/441 W 35th Street/IMG_1328.jpg	2	21		
130	2567.97	2019-01-03 20:51:41.635996	0	Materials	customer_uploads/expenses/441 W 35th Street/Scanned_Documents.pdf	2	21		
132	-441.70	2019-01-14 14:27:42.356621	0	Materials	customer_uploads/expenses/441 W 35th Street/Door_refund_for_441_back_hiuse.pdf	2	21		
133	-750.00	2019-01-17 15:35:00.250583	0	Miscellaneous	customer_uploads/expenses/8944 Escondido Way/Credit_back_to_the_properties_account.docx	2	32		
134	1725.67	2019-02-01 19:46:53.97975	0	Materials	customer_uploads/expenses/441 W 35th Street/IMG_0858.JPG	2	21		
135	24.28	2019-02-02 19:12:28.947308	0	Materials	customer_uploads/expenses/441 W 35th Street/Scanned_Documents_9AiuePL.pdf	2	21		
136	276.38	2019-02-04 20:17:54.229367	0	Materials	customer_uploads/expenses/441 W 35th Street/Scanned_Documents_EMc97w0.pdf	2	21		
137	134.60	2019-02-05 19:32:10.645421	1	Materials	customer_uploads/expenses/441 W 35th Street/Scanned_Documents_3471zHa.pdf	2	21		
138	1325.62	2019-02-07 01:52:33.487743	1	No 1099	customer_uploads/expenses/15630 Bent Creek/15630_Bent_Bathroom_tiles.pdf	2	33		
139	434.00	2019-02-07 02:03:54.946749	1	No 1099	customer_uploads/expenses/10475 Galleria Street/10475_galleria_-Furniture20190206_20555901.pdf	2	23		
140	215.16	2019-02-07 02:06:17.431543	1	No 1099	customer_uploads/expenses/10475 Galleria Street/U-Hall_Expense_truck_rental.jpg	2	23		
141	2303.98	2019-02-07 02:35:16.413046	1	No 1099	customer_uploads/expenses/4590 Orchid Drive/4590_Orchid20190206_21315450.pdf	2	29		
144	-560.95	2019-02-08 20:04:52.705045	0	Materials	customer_uploads/expenses/441 W 35th Street/Scanned_Documents_KQwA1TD.pdf	2	21		
145	298.21	2019-02-08 20:50:03.366981	0	Materials	customer_uploads/expenses/441 W 35th Street/Scanned_Documents_lPqNVbB.pdf	2	21		
146	2000.00	2019-02-14 01:03:37.69256	1	Materials	customer_uploads/expenses/8944 Escondido Way/Blue_sky_walls_Doc_Feb_11_2019_1513.pdf	2	32		
147	2820.07	2019-02-14 02:01:49.06592	0	No 1099	customer_uploads/expenses/8944 Escondido Way/8944_Escondido-Best_buy20190213_21012185.pdf	2	32		
148	1056.52	2019-02-14 16:32:43.557271	0	Materials	customer_uploads/expenses/8944 Escondido Way/42557EA5-3E87-436B-8541-EBA5FCC1B3BD.jpeg	2	32		
149	560.95	2019-02-14 16:33:25.835226	0	Materials	customer_uploads/expenses/441 W 35th Street/18E5A6F4-5E84-4471-AFC8-2E1D099DD073.jpeg	2	21		
151	38.40	2019-03-01 00:31:27.843827	0	Materials	customer_uploads/expenses/10562 Wheelhouse Circle/Scanned_Documents_MnjZUOA.pdf	2	8		
152	15.76	2019-03-05 16:35:01.019725	0	Materials	customer_uploads/expenses/441 W 35th Street/441_reciept_home_depot.pdf	2	21		
153	40.08	2019-03-09 17:16:40.903087	0	Materials	customer_uploads/expenses/13377 Doubletree Circle/CustomerOrderH6379-141696.pdf	2	9		
154	858.39	2019-03-21 20:51:53.234114	0	Materials	customer_uploads/expenses/8944 Escondido Way/Scanned_Documents_RRUikzh.pdf	2	32		
155	63.07	2019-03-25 16:29:53.886001	0	Materials	customer_uploads/expenses/8944 Escondido Way/Scanned_Documents_KjQNOSK.pdf	2	32		
156	1114.78	2019-04-02 18:28:28.061617	1	No 1099	customer_uploads/expenses/15630 Bent Creek/image.jpg	2	33		
157	139.82	2019-04-10 19:04:49.25993	1	No 1099	customer_uploads/expenses/1800 Nebraska Avenue/046B8C65-442A-41E4-8E2F-0B32D9843072.png	2	34		
159	642.37	2019-04-11 02:56:18.133336	1	No 1099	customer_uploads/expenses/15630 Bent Creek/105630_bent_creek_wood_flooring.pdf	2	33		
160	473.13	2019-04-11 17:58:12.421055	0	Materials	customer_uploads/expenses/8944 Escondido Way/Scanned_Documents_X3VaHAh.pdf	2	32		
161	91.30	2019-04-19 16:37:00.91553	1	Materials	customer_uploads/expenses/8944 Escondido Way/4D855AE5-C427-4E5F-8EDD-90D9342FF787_1.pdf	2	32		
162	121.14	2019-04-19 16:52:02.465611	1	Materials	customer_uploads/expenses/8944 Escondido Way/HomeDepot4-19_ZabN5ac.pdf	2	32		
163	108.34	2019-04-19 17:54:27.857975	1	Materials	customer_uploads/expenses/441 W 35th Street/55F4B13D-7982-4A90-BAD1-B3088A384232.pdf	2	21		
164	62.10	2019-04-19 17:54:58.57354	1	Materials	customer_uploads/expenses/441 W 35th Street/492014D9-4203-456F-ABC3-FF8D3226DA2C.pdf	2	21		
165	73.61	2019-04-22 20:48:19.959132	0	Materials	customer_uploads/expenses/8944 Escondido Way/C2B36888-4534-41B7-8AC3-88417376318B.jpeg	2	32		
166	1050.69	2019-04-23 16:30:21.768436	1	No 1099	customer_uploads/expenses/22852 Marbella Cir/22852_Marbella_Cir_Washer_Dryer20190423_12113408.pdf	2	1		
169	96.28	2019-04-24 17:35:32.284229	0	Materials	customer_uploads/expenses/8944 Escondido Way/Scanned_Documents_5E2N5Mv.pdf	2	32		
170	1506.81	2019-04-26 17:52:15.114806	0	Materials	customer_uploads/expenses/1800 Nebraska Avenue/2F0D109C-D09D-4FB3-938C-284F27D60759.jpeg	2	34		
171	62.86	2019-04-26 20:26:03.006943	0	Materials	customer_uploads/expenses/1800 Nebraska Avenue/7428F7CA-001D-44BE-A14B-D852A6230CD9.jpeg	2	34		
172	-408.25	2019-04-26 20:28:36.10352	0	Materials	customer_uploads/expenses/1800 Nebraska Avenue/91E93150-DE87-4E13-A408-B48E6961FFEF.jpeg	2	34		
173	104.30	2019-05-10 17:53:18.289214	0	Materials	customer_uploads/expenses/8944 Escondido Way/42CA2E55-27EF-49D8-8BF4-8B78B9BC8283.jpeg	2	32		
174	445.04	2019-05-15 13:53:42.491732	1	No 1099	customer_uploads/expenses/16785 Temple Blvd/16785_Permit_fee_for_garage_expansion2019051_pLWQ9cP.pdf	2	12		
175	72.13	2019-05-15 16:20:48.312556	0	Materials	customer_uploads/expenses/8944 Escondido Way/064204E3-1E2E-4F3B-9228-7661444945D5.jpeg	2	32		
176	1720.07	2019-05-20 20:37:32.92702	0	Materials	customer_uploads/expenses/15630 Bent Creek/DAD81515-47EE-486D-8A70-1795F369B8A9.png	2	33		
177	88.60	2019-05-21 17:38:49.960074	0	Materials	customer_uploads/expenses/15630 Bent Creek/065DE478-EDDA-4802-A450-19446335849D.jpeg	2	33		
178	42.77	2019-05-22 15:24:50.596096	0	Materials	customer_uploads/expenses/1800 Nebraska Avenue/0F7C83F5-7AEB-40E2-85EC-9ECDCAD9033A.jpeg	2	34		
179	72.13	2019-05-23 01:54:59.24537	1	Miscellaneous	customer_uploads/expenses/8944 Escondido Way/8944_Escondido_Home_depot20190522_21533825.pdf	2	32		
180	340.00	2019-05-23 02:15:39.898787	0	No 1099	customer_uploads/expenses/13377 Doubletree Circle/13377_Partial_permit20190522_21515202.pdf	2	9		
181	340.00	2019-05-23 02:18:04.520019	1	No 1099	customer_uploads/expenses/13377 Doubletree Circle/13377_Partial_permit20190522_21515202_ESizhUv.pdf	2	9		
182	18.23	2019-05-23 15:09:27.98988	0	Materials	customer_uploads/expenses/15630 Bent Creek/50BA1418-E85A-4DD8-B504-F55F1217871D.jpeg	2	33		
183	26.63	2019-05-27 12:22:11.991553	0	Materials	customer_uploads/expenses/8944 Escondido Way/36543A80-D99D-491F-896C-9BBA72EF2EB9.jpeg	2	32		
184	118.45	2019-05-29 18:19:05.805014	1	No 1099	customer_uploads/expenses/15630 Bent Creek/fullsizeoutput_6ba3.jpeg	2	33		
185	12.62	2019-05-29 21:03:41.485121	0	Materials	customer_uploads/expenses/8944 Escondido Way/5CE7D78E-014A-401A-91D6-ECECE342B01A.png	2	32		
186	43.79	2019-05-31 18:24:03.399122	0	Materials	customer_uploads/expenses/441 W 35th Street/F13BBFFF-F374-4A4C-881F-CBCD784C4BBB.jpeg	2	21		
187	44.38	2019-06-04 14:23:43.072671	0	Materials	customer_uploads/expenses/15630 Bent Creek/66DD3200-6EE4-49B3-A159-7C59E670FAAA.jpeg	2	33		
188	250.00	2019-06-05 19:48:18.446858	1	Permits	customer_uploads/expenses/441 W 35th Street/17A06CCB-F398-449B-BD44-56CD51B5FFF3.jpeg	2	21		
189	505.76	2019-06-12 18:30:10.305194	0	Materials	customer_uploads/expenses/15630 Bent Creek/A08E22BF-465B-4146-9C9F-FB52C549AF31.jpeg	2	33		
190	59.24	2019-06-13 16:14:42.725897	0	Materials	customer_uploads/expenses/15630 Bent Creek/EEF258B1-9D0B-4065-9574-05FF053A4CC8.jpeg	2	33		
191	393.36	2019-06-14 16:57:41.68981	0	Materials	customer_uploads/expenses/15630 Bent Creek/0E587578-EB5F-4EAE-AE78-42FBD7987C46.jpeg	2	33		
192	-215.07	2019-06-14 17:37:21.872569	0	Materials	customer_uploads/expenses/15630 Bent Creek/BB7CCB3B-A7C7-45D0-9090-351CE2F5E245.jpeg	2	33		
193	70.58	2019-06-14 18:01:45.605138	0	Materials	customer_uploads/expenses/15630 Bent Creek/47354DD3-D6C5-48D7-AD57-FF9251A40D16.jpeg	2	33		
194	70.31	2019-06-18 14:06:25.271666	0	Materials	customer_uploads/expenses/15630 Bent Creek/EA256A9F-7711-4A95-B747-EDAB8C1475EA.jpeg	2	33		
195	-301.74	2019-06-20 20:22:36.712984	0	Materials	customer_uploads/expenses/15630 Bent Creek/78BC0A5F-582B-4397-884B-79424F8FDFE4.jpeg	2	33		
196	65.55	2019-06-25 15:27:36.154453	0	Materials	customer_uploads/expenses/15630 Bent Creek/50DAE1E4-444E-46B9-A1F5-AB8545133794.jpeg	2	33		
197	107.64	2019-06-28 16:58:33.427399	0	Materials	customer_uploads/expenses/15630 Bent Creek/5B72C971-742A-4954-A359-723A7C45FEB1.jpeg	2	33		
200	150.00	2019-07-02 20:03:28.713135	1	No 1099	customer_uploads/expenses/441 W 35th Street/441_35_energy_cal20190702_16011568_8C8A0s9.pdf	2	21		
201	545.00	2019-07-02 20:04:34.662582	1	No 1099	customer_uploads/expenses/4813 SE Chiles Court/4813_SE_Chiles_Ct_20190702_15554095.pdf	2	37		
202	615.26	2019-07-08 17:35:36.921764	1	No 1099	customer_uploads/expenses/13377 Doubletree Circle/13377-_Doubletree_Cir_Permit20190708_13341438.pdf	2	9		
203	51.26	2019-07-09 17:53:21.511048	0	Materials	customer_uploads/expenses/15630 Bent Creek/6751791A-571A-4342-A600-4DBC066F42A3.jpeg	2	33		
204	3336.20	2019-07-12 17:51:34.411005	0	No 1099	customer_uploads/expenses/13377 Doubletree Circle/13377_Doubletree_permit_4times20190712_8OLnzCW.pdf	2	9		
205	-393.36	2019-07-16 23:55:53.189122	0	Materials	customer_uploads/expenses/15630 Bent Creek/0D21973E-423F-4975-9793-8D00FD6292BC.jpeg	2	33		
206	7512.31	2019-07-17 15:18:11.332381	0	Miscellaneous	customer_uploads/expenses/13377 Doubletree Circle/Invoice_2042_from_K_Line_Construction_Group.pdf	2	9		
208	895.53	2019-07-17 16:58:00.311784	0	No 1099	customer_uploads/expenses/15630 Bent Creek/Floor_and_Decor_-4590_Orchid_Dr_NRKmxol.pdf	2	33		
210	3336.20	2019-07-17 17:09:54.813765	1	No 1099	customer_uploads/expenses/13377 Doubletree Circle/13377_Doubletree_Cir__Permit_applicati_cAx9KQS.pdf	2	9		
211	859.53	2019-07-17 17:13:27.458354	1	No 1099	customer_uploads/expenses/4590 Orchid Drive/Floor_and_Decor_-4590_Orchid_Dr.pdf	2	29		
212	658.49	2019-07-18 16:18:10.102874	0	No 1099	customer_uploads/expenses/13377 Doubletree Circle/13377-permit_penalty_stop_work-Village_cSGoeJB.pdf	2	9		
214	28.20	2019-07-18 21:17:12.224486	0	No 1099	customer_uploads/expenses/13377 Doubletree Circle/NOC_Receipt_for_13377_Doubletree_-_907_aUR1Vun.pdf	2	9		
215	658.49	2019-07-24 20:23:35.894795	0	No 1099	customer_uploads/expenses/13377 Doubletree Circle/13377_permit_stop_working20190724_16231227.pdf	2	9		
216	28.20	2019-07-24 20:25:45.291425	0	No 1099	customer_uploads/expenses/13377 Doubletree Circle/NOC_Receipt_for_13377_Doubletree_-_907_bOsOGjN.pdf	2	9		
217	300.00	2019-07-26 16:59:51.377839	0	No 1099	customer_uploads/expenses/441 W 35th Street/441_35th_St_permit_rear_building_Constructio_5jKHc6X.pdf	2	21		
218	300.00	2019-07-26 17:02:06.409091	1	No 1099	customer_uploads/expenses/441 W 35th Street/441_35th_St_permit_rear_building_Constructio_C6Iavp5.pdf	2	21		
219	154.92	2019-07-30 14:16:50.854333	0	Materials	customer_uploads/expenses/15630 Bent Creek/0A3B72FE-6BFB-40F9-BB24-D21F78F87698.jpeg	2	33		
222	64.14	2019-07-30 14:20:47.024495	0	Materials	customer_uploads/expenses/15630 Bent Creek/395FD79B-9C15-4213-88C4-C62CDA97A1CF.jpeg	2	33		
223	128.26	2019-07-30 14:21:32.636455	0	Materials	customer_uploads/expenses/1800 Nebraska Avenue/1F66C419-BA1B-493B-BB30-A4A5FFAE0BB1.jpeg	2	34		
224	1053.55	2019-08-07 20:00:54.863216	1	No 1099	customer_uploads/expenses/15630 Bent Creek/90CC62A8-0D07-41D7-8056-ECB558B23B62.jpeg	2	33		
225	300.00	2019-08-07 20:06:51.321025	1	No 1099	customer_uploads/expenses/441 W 35th Street/441_35_st_permit_20190807_16010490.pdf	2	21		
226	38.84	2019-08-07 20:08:12.442111	0	No 1099	customer_uploads/expenses/4590 Orchid Drive/4590_Orchid_Floor_and_Decor_20190807_16013835.pdf	2	29		
227	639.65	2019-08-07 20:21:05.10992	1	No 1099	customer_uploads/expenses/1800 Nebraska Avenue/1800_Nebraska_Monument_Sign20190807_16200091.pdf	2	34		
228	400.00	2019-08-07 20:21:26.660959	1	No 1099	customer_uploads/expenses/1800 Nebraska Avenue/1800_Nebraska_internet_pictures_20190807_16204034.pdf	2	34		
231	210.00	2019-08-14 18:52:49.190563	1	No 1099	customer_uploads/expenses/8694 Egret Isles Ter/4680_Egret_Isle20190814_14505999.pdf	2	36	Cleaning the house	
232	16.68	2019-08-26 20:20:37.023682	0	Materials	customer_uploads/expenses/15630 Bent Creek/2485BB9E-463B-4ED2-86DD-C2D2C206F60D.jpeg	2	33		
233	16.68	2019-08-26 20:21:28.342318	0	Materials	customer_uploads/expenses/15630 Bent Creek/2485BB9E-463B-4ED2-86DD-C2D2C206F60D_zacMIda.jpeg	2	33		
234	133.59	2019-08-26 20:21:53.270387	0	Materials	customer_uploads/expenses/15630 Bent Creek/7EF2787A-BCDA-4ABF-89EF-3E11BBCE4A52.jpeg	2	33		
235	49.01	2019-08-28 16:39:28.258172	1	No 1099	customer_uploads/expenses/441 W 35th Street/image_qiXMLXp.jpg	2	21	Capital One Buss	Tiles for master ceiling
236	15.79	2019-09-05 20:06:24.463463	0	Materials	customer_uploads/expenses/1800 Nebraska Avenue/910970E8-7DA9-4DD7-8D63-B036BAE56895.jpeg	2	34	Bifold door hardware	
237	465.75	2019-09-06 16:56:19.461828	0	Materials	customer_uploads/expenses/1800 Nebraska Avenue/01383C9B-874E-4B0C-A45F-BCC7AE4CED96.png	2	34	New dryer for unit 204	
238	226.99	2019-09-09 16:22:40.54443	0	Materials	customer_uploads/expenses/13377 Doubletree Circle/image_rwGeeKl.jpg	2	9	Home Depot Sam?s card	
239	1253.09	2019-09-09 16:24:19.684436	0	Materials	customer_uploads/expenses/13377 Doubletree Circle/image_GQAf4IZ.jpg	2	9	Materials/ Sam?s card	
240	21.55	2019-09-09 16:25:28.850327	0	Materials	customer_uploads/expenses/15630 Bent Creek/image_V9L2JTs.jpg	2	33	Samm?s Card	
241	29.92	2019-09-09 16:26:40.148225	0	Materials	customer_uploads/expenses/1800 Nebraska Avenue/image.jpg	2	34	Batteries	
242	49.45	2019-09-09 18:44:13.819421	0	Materials	customer_uploads/expenses/4590 Orchid Drive/image.jpg	2	29	Sam?s card	Home Depot
243	-277.13	2019-09-09 18:55:21.971163	0	Materials	customer_uploads/expenses/441 W 35th Street/image_pCXEdD4.jpg	2	21		
244	-73.81	2019-09-09 18:56:08.513428	0	Materials	customer_uploads/expenses/441 W 35th Street/image_axkBurM.jpg	2	21		Credit
245	43.50	2019-09-09 18:57:16.164648	0	Materials	customer_uploads/expenses/22852 Marbella Cir/image.jpg	2	1	Credit	
246	247.35	2019-09-11 18:44:34.064529	1	No 1099	customer_uploads/expenses/441 W 35th Street/image_OWAmdwT.jpg	2	21	We paid with AMG CAPITAL ONE	
247	1282.72	2019-09-13 19:06:43.481751	0	Materials	customer_uploads/expenses/4590 Orchid Drive/image_OCyZZ5t.jpg	2	29	Vanities	
248	618.00	2019-09-19 04:10:31.85413	0	No 1099	customer_uploads/expenses/1800 Nebraska Avenue/image_lIR8jYf.jpg	2	34	Movers	Dependable Movers
249	618.00	2019-09-19 04:12:05.200719	1	No 1099	customer_uploads/expenses/1800 Nebraska Avenue/image_Ed5ed8a.jpg	2	34	Dependable Movers	Capital One Buss
250	214.66	2019-09-20 20:04:06.579481	0	Materials	customer_uploads/expenses/13377 Doubletree Circle/C50DD7E0-1B1F-4341-BB18-43A33EE953FD.jpeg	2	9		
251	4487.88	2019-09-20 20:05:36.28531	0	Materials	customer_uploads/expenses/4813 SE Chiles Court/313E5DAC-3AC7-4D56-AEED-A21584489AC7.png	2	37		
252	-525.74	2019-09-23 00:26:48.677813	0	Miscellaneous	customer_uploads/expenses/15630 Bent Creek/15630_HD_credit20190922_20243163.pdf	2	33	Home Depot Credit 3 pages	
253	346.68	2019-09-23 02:07:32.388856	0	Materials	customer_uploads/expenses/15630 Bent Creek/image_bA4IKYm.jpg	2	33	Home Depot	
254	505.73	2019-09-23 02:12:55.856526	0	Materials	customer_uploads/expenses/15630 Bent Creek/image_SWUS7AQ.jpg	2	33	Home Depot	
256	18.00	2019-09-24 23:43:50.573241	1	No 1099	customer_uploads/expenses/4590 Orchid Drive/image_68h79Ks.jpg	2	29	Moving balance :$18.00	Only paid us $600.00
259	214.66	2019-09-25 17:17:57.225861	1	Materials	customer_uploads/expenses/13377 Doubletree Circle/C808F896-6F36-421C-B52F-AB7E4838A3C1.jpeg	2	9	Backsplash	
261	420.68	2019-09-30 20:07:07.322749	0	Materials	customer_uploads/expenses/4590 Orchid Drive/C4314CDB-53CF-4DBE-92C7-8EA46E6AB074.jpeg	2	29		
262	269.00	2019-10-03 04:25:51.859022	0	No 1099	customer_uploads/expenses/1800 Nebraska Avenue/Mayfair_Invoices_10-2-1920191003_00154388.pdf	2	34	Electri Elite- power outage	
263	125.64	2019-10-03 04:30:56.455824	0	No 1099	customer_uploads/expenses/22852 Marbella Cir/22852_Marbella_Paint_purchase_my_credit_car_duiFFLW.pdf	2	1	Paint for front entry stucco repair	
267	3086.59	2019-10-07 23:29:13.004129	0	Miscellaneous	customer_uploads/expenses/441 W 35th Street/441_35_st-Best_buy_Appliances_20191007_19275881.pdf	2	21		Best Buy Appliances
268	-527.60	2019-10-07 23:56:36.329196	0	No 1099	customer_uploads/expenses/13377 Doubletree Circle/13377_Doubletree_Best_Buy_Credit_20191_lCthtEO.pdf	2	9	best buy credit back to us due to discount	Best Buy Appliances
269	5756.05	2019-10-08 01:11:42.491149	0	No 1099	customer_uploads/expenses/3614 Poinsettia Avenue/3514_Best_Buy_Receipt.pdf	2	40	Appliances Paid By me	
270	7000.00	2019-10-08 02:35:46.047052	0	No 1099	customer_uploads/expenses/1800 Nebraska Avenue/1800_Nabraska_Permit_fees.pdf	2	34	Permit fees	Cashier check to City of Ft Pierce
271	125.64	2019-10-08 02:38:07.493712	0	No 1099	customer_uploads/expenses/22852 Marbella Cir/22852_Marbella_Paint_20191007_22375499.pdf	2	1	Paint for front entrance	Painter
272	400.00	2019-10-08 02:39:48.194489	0	No 1099	customer_uploads/expenses/1800 Nebraska Avenue/1800_Nebraska_Sign_20191007_22293296.pdf	2	34	Sign for advertisment	
274	64.17	2019-10-10 18:34:17.952429	0	Materials	customer_uploads/expenses/13377 Doubletree Circle/B645D334-AE83-4E9C-9690-5CC19EAA629C.jpeg	2	9		Tile adhesive for bart
275	476.14	2019-10-16 15:59:54.516079	1	Water Bill	customer_uploads/expenses/3614 Poinsettia Avenue/3614_Poinsettia_Ave__Utilites_Liens.pdf	2	40	Paid utilities water bill for 36th st	gffg
276	605.62	2019-10-17 14:32:26.192283	0	Materials	customer_uploads/expenses/441 W 35th Street/72B1AD5C-663A-4AB9-8D48-B1E689FFB00C.jpeg	2	21	Windows for 441.	
277	-218.82	2019-10-17 18:11:00.56445	0	Materials	customer_uploads/expenses/4590 Orchid Drive/E8E8D1EA-3ECE-4905-A4A3-6FB32D659A60.jpeg	2	29	Returned plumbing materials and bathroom hardware	
278	18.11	2019-10-17 18:17:20.813821	0	Materials	customer_uploads/expenses/4590 Orchid Drive/7D036751-620E-45F7-9609-F34285405FDB.jpeg	2	29	Drywall patch items	
279	664.25	2019-10-17 18:46:34.459776	0	Materials	customer_uploads/expenses/4813 SE Chiles Court/99C146C1-A178-417F-BC96-F4F81275E760.jpeg	2	37	Bart needed baseboard for Chiles	
280	175.65	2019-10-17 20:15:15.436421	1	Materials	customer_uploads/expenses/4590 Orchid Drive/E05EE7B8-5762-4A46-B854-A5767944D704.png	2	29	Special faucet needed for older delta valve not sold at Home Depot	
281	106.54	2019-10-19 22:46:34.961038	0	Materials	customer_uploads/expenses/441 W 35th Street/F281A1F5-D788-46C8-A18F-C8B527C61757.png	2	21	Drywall compound	
282	54.53	2019-10-19 22:47:33.646533	0	Materials	customer_uploads/expenses/4813 SE Chiles Court/EEAF3FBD-16E3-4071-81E4-EE09A6BFC781.png	2	37	Chiles paint for Baseboard	
283	158.29	2019-10-23 19:08:56.234636	1	Materials	customer_uploads/expenses/4813 SE Chiles Court/27F49CC8-2397-48A7-BB7B-30A008923DE1.jpeg	2	37	Threshold for interior floor.	
284	18.00	2019-10-23 19:55:26.837024	1	Materials	customer_uploads/expenses/4590 Orchid Drive/image_HyseELe.jpg	2	29	Balance due  on $618.00	Never paid in full
285	214.66	2019-10-23 20:01:52.166885	1	Materials	customer_uploads/expenses/13377 Doubletree Circle/image_KEABV48.jpg	2	9	Backsplash tiles	Resubmitted/not paid
286	-415.15	2019-10-28 14:50:33.554693	0	Materials	customer_uploads/expenses/3614 Poinsettia Avenue/FE56FF38-EFAF-4C92-ABF0-DB813E56E7D3.jpeg	2	40	Returned hood because Best Buy is installing.	
287	421.09	2019-10-28 15:02:08.477134	0	Materials	customer_uploads/expenses/3614 Poinsettia Avenue/640A6855-4ADF-4532-B8F8-1CA259C558F1.png	2	40	Closet doors for master bedroom and bedroom 1	
288	-315.65	2019-10-29 00:41:33.48277	0	Materials	customer_uploads/expenses/13377 Doubletree Circle/image_esvs3jW.jpg	2	9	Returned faucets	We bought new faucets
289	557.47	2019-10-29 22:04:04.892302	0	Materials	customer_uploads/expenses/13377 Doubletree Circle/image_RWuoceZ.jpg	2	9	Faucets returned -$315.65	$241.82. Expense gift card 315.65
290	23.52	2019-10-29 22:08:26.262985	1	Materials	customer_uploads/expenses/13377 Doubletree Circle/image_xJFA9cr.jpg	2	9	Hose for dishwasher	Doubletree
291	431.75	2019-10-29 22:11:29.03503	1	Materials	customer_uploads/expenses/13377 Doubletree Circle/image_wR1iqSQ.jpg	2	9	Closets	Materials for closet
292	819.95	2019-11-04 18:12:38.84905	1	Materials	customer_uploads/expenses/4590 Orchid Drive/image_RFWGSGv.jpg	2	29	Granite for kitchen	Countertop
294	213.99	2019-11-05 01:20:51.430941	0	No 1099	customer_uploads/expenses/3614 Poinsettia Avenue/3614_Poinsetta_hood20191104_20115271.pdf	2	40		
295	796.36	2019-11-05 02:56:49.124061	0	Materials	customer_uploads/expenses/13377 Doubletree Circle/image_uwO4ple.jpg	2	9	Doors and shelves	
296	1958.07	2019-11-06 20:27:19.013037	0	No 1099	customer_uploads/expenses/3614 Poinsettia Avenue/3614_Poinsetta_Appliances20191104_20102636.pdf	2	40	Best Buy	
297	85.00	2019-11-06 20:43:14.202319	1	No 1099	customer_uploads/expenses/13377 Doubletree Circle/13377_Pool_servies_Plus20191106_15430543.pdf	2	9		Pool Plus Services- paid with Credit card
298	-415.15	2019-11-06 20:54:15.886174	0	Miscellaneous	customer_uploads/expenses/441 W 35th Street/Home_Depot_credit-441_35_street20191106_15533266.pdf	2	21	Credit from Home Hepot Acc 2204016	Recived invoice from office dated 10-28-19
300	-81.26	2019-11-07 20:49:53.520614	0	Materials	customer_uploads/expenses/3614 Poinsettia Avenue/8E245089-081F-42B5-B730-5E521595A672.jpeg	2	40	Returned damaged closet door	36th st bifold door was damaged
301	186.16	2019-11-11 15:46:40.195176	1	Materials	customer_uploads/expenses/13377 Doubletree Circle/40331D61-D360-45E0-8EB3-0A5672E23F98.png	2	9	Doubletree faucets	
302	580.70	2019-11-11 19:24:40.93374	0	Materials	customer_uploads/expenses/13377 Doubletree Circle/too_More_saving.pdf	2	9	Lights for doubletree	
303	44.75	2019-11-12 19:10:56.275621	1	Miscellaneous	customer_uploads/expenses/4813 SE Chiles Court/image_sFauvzP.jpg	2	37	Martin City Permit for windows	Permit to put windows
304	-179.57	2019-11-13 17:20:45.655343	0	Materials	customer_uploads/expenses/3614 Poinsettia Avenue/3B61C514-1AA9-47EA-9C22-306F418852E2.jpeg	2	40	Closet doors didn?t fit so we returned them	3614 poinsettia ave
305	100.95	2019-11-13 17:22:27.1397	0	Materials	customer_uploads/expenses/4590 Orchid Drive/image_I8FC5Cx.jpg	2	29	Faucet for orchid kitchen	
306	138.07	2019-11-17 14:43:13.262732	0	Materials	customer_uploads/expenses/2899 SE Amherst Street/More_saving.pdf	2	42	Electrical outlets and cover plates	
308	244.53	2019-11-22 01:10:52.713427	0	Materials	customer_uploads/expenses/2899 SE Amherst - Rental/7A690D16-9E4F-401B-9190-3280DEA6C4D5.jpeg	2	42		
309	72.03	2019-11-24 16:29:21.715829	0	Materials	customer_uploads/expenses/2899 SE Amherst - Rental/3469F0FD-D859-4410-88E4-7CEAC2FC4E32.jpeg	2	42		
310	72.23	2019-11-24 16:30:04.592181	0	Materials	customer_uploads/expenses/2899 SE Amherst - Rental/B2264A95-F8FA-4465-8408-8FF848C6F035.jpeg	2	42		
311	-88.11	2019-11-24 16:30:38.658551	0	Materials	customer_uploads/expenses/2899 SE Amherst - Rental/014E060E-5AAC-498E-BEDF-6C4F6E2D1F87.jpeg	2	42		
312	155.00	2019-11-26 17:15:23.314503	1	No 1099	customer_uploads/expenses/13377 Doubletree Circle/13377_Doubltree_pool_services20191126_12133445.pdf	2	9	Pool Service Plus	Paid with my credit card
313	156.30	2019-11-27 02:03:04.711598	0	Materials	customer_uploads/expenses/2899 SE Amherst - Rental/eReceipt.pdf	2	42		
314	155.00	2019-11-27 21:12:54.538344	1	No 1099	customer_uploads/expenses/13377 Doubletree Circle/13377_doubletree_pool_services20191127_1hfw413.pdf	2	9		
315	-252.52	2019-11-29 19:48:19.306737	0	Materials	customer_uploads/expenses/13377 Doubletree Circle/image_LHGRuEs.jpg	2	9	Credit on return items	Home Depot
316	14.98	2019-11-29 19:50:04.282091	1	Materials	customer_uploads/expenses/441 W 35th Street/image_2KPvgKj.jpg	2	21	Materiales	Home Depot
317	131.74	2019-11-29 19:52:43.025053	0	Materials	customer_uploads/expenses/4813 SE Chiles Court/image_X9khtL3.jpg	2	37	Home Depot	Cabinets paint
318	46.02	2019-12-02 18:28:38.697032	0	Materials	customer_uploads/expenses/4813 SE Chiles Court/image_Irg3CrA.jpg	2	37	Home Depot	Handles
319	15.51	2019-12-02 18:31:29.077261	0	Permits	customer_uploads/expenses/3614 Poinsettia Avenue/image_5mZPvDE.jpg	2	40	Numbers for poinsettia	
320	65.86	2019-12-03 23:12:05.276576	0	Materials	customer_uploads/expenses/2899 SE Amherst - Rental/eReceipt_NpkoVjc.pdf	2	42		
321	62.06	2019-12-05 13:54:45.458678	0	Materials	customer_uploads/expenses/4813 SE Chiles Court/image_7jIHE9E.jpg	2	37	2 faucets	Home Depot
322	532.86	2019-12-05 13:55:58.852789	0	Materials	customer_uploads/expenses/4813 SE Chiles Court/image_xvIaF1G.jpg	2	37	2 vanities	Home Depot
323	14.56	2019-12-05 13:57:43.778304	0	Materials	customer_uploads/expenses/3614 Poinsettia Avenue/image_Vnf99In.jpg	2	40	Elevated nickel numbers for house	Home Depot
324	40.04	2019-12-05 13:59:00.496878	0	Materials	customer_uploads/expenses/4813 SE Chiles Court/image_0BcNrUB.jpg	2	37	Round knobs for kitchen	Home Depot
325	83.65	2019-12-09 17:35:39.620169	0	Materials	customer_uploads/expenses/441 W 35th Street/CE65BD1C-527D-47AB-B622-4A37C2B70DAE.jpeg	2	21	Paint for ceiling and brush plus lock for back	
326	232.73	2019-12-12 11:32:58.586196	0	Materials	customer_uploads/expenses/441 W 35th Street/F4CEF693-4875-43BC-BC49-BECB812F8EBA.png	2	21		Backhouse drywall and brick
327	29.46	2019-12-12 14:18:47.48432	0	Materials	customer_uploads/expenses/441 W 35th Street/image_Nzi9cXH.jpg	2	21	Drywall screws	
328	7.46	2019-12-12 16:54:20.531718	0	Materials	customer_uploads/expenses/441 W 35th Street/B8104286-D21E-4DC0-AD55-934A0A433D20.jpeg	2	21	Stucco for exterior wall in bathroom backhouse	
329	133.56	2019-12-14 19:39:44.291712	0	Miscellaneous	customer_uploads/expenses/4813 SE Chiles Court/image_1iH0egk.jpg	2	37	Home Depot shower	
330	0.45	2019-12-16 22:05:25.172822	0	Materials	customer_uploads/expenses/2899 SE Amherst - Rental/eReceipt2.pdf	2	42		
331	381.36	2019-12-16 22:06:05.616617	0	Materials	customer_uploads/expenses/2899 SE Amherst - Rental/eReceipt_d2t479r.pdf	2	42		
333	969.49	2019-12-17 01:42:47.295217	0	Materials	customer_uploads/expenses/2899 SE Amherst - Rental/PDF_document.pdf	2	42		
334	1903.13	2019-12-17 01:46:14.269563	0	Miscellaneous	customer_uploads/expenses/2899 SE Amherst - Rental/Mail_-_Alan_Mashraghi_-_Outlook.pdf	2	42		
335	2945.65	2019-12-17 02:00:30.150197	0	Materials	customer_uploads/expenses/2899 SE Amherst - Rental/12162019.pdf	2	42		Tiles For Bathroom & Floor of House
336	737.32	2019-12-17 02:03:43.864022	0	Materials	customer_uploads/expenses/4813 SE Chiles Court/image_6edzkaC.jpg	2	37	Vanities	Home Depot
337	146.16	2019-12-17 02:05:45.412666	0	Materials	customer_uploads/expenses/4590 Orchid Drive/image_3TRs8jp.jpg	2	29	Home Depot	Orchid
338	58.57	2019-12-17 02:07:39.380936	0	Materials	customer_uploads/expenses/2899 SE Amherst - Rental/image_x1a7eni.jpg	2	42	Faucets	
339	99.75	2019-12-17 02:09:37.40006	0	Materials	customer_uploads/expenses/4813 SE Chiles Court/image_sXzqpgO.jpg	2	37	Home Depot	
340	536.03	2019-12-17 02:12:51.148059	0	Materials	customer_uploads/expenses/4813 SE Chiles Court/image_zw3UQY8.jpg	2	37	Woodbrook	Home Depot
341	14.85	2019-12-17 02:32:02.584433	0	Materials	customer_uploads/expenses/13377 Doubletree Circle/image_XUOArW5.jpg	2	9	HOME DEPOT	
342	-57.85	2019-12-17 02:34:17.551166	0	Materials	customer_uploads/expenses/4813 SE Chiles Court/image_dvjD587.jpg	2	37	Returned materials	Home Depot
343	316.72	2019-12-18 16:00:26.193548	0	Materials	customer_uploads/expenses/441 W 35th Street/image_NfBNBsb.jpg	2	21	Tankless water heater	
344	186.59	2019-12-18 19:44:34.135187	0	Materials	customer_uploads/expenses/2899 SE Amherst - Rental/15551D9A-DFBD-40EC-AFC4-FDD237FFB155.jpeg	2	42	Thinset for the floor at Amherst m	
345	328.43	2019-12-19 17:09:55.159774	0	Materials	customer_uploads/expenses/4813 SE Chiles Court/image_QBm06Nc.jpg	2	37		
346	85.27	2019-12-20 16:05:42.186458	0	Materials	customer_uploads/expenses/2899 SE Amherst - Rental/56BB1E74-11E1-4888-B29C-8197950837B3.jpeg	2	42	Credit card expense says $85.29 while Home Depot app says $85.27.	
347	21.26	2019-12-20 16:19:06.93477	0	Materials	customer_uploads/expenses/2899 SE Amherst - Rental/E0CE4BFF-ED69-44DF-B0E9-AE1F32C356B0.jpeg	2	42		
348	81.31	2019-12-20 16:58:03.617528	0	Materials	customer_uploads/expenses/2899 SE Amherst - Rental/C90D84F4-C1E9-41CA-8827-337E3AB83849.jpeg	2	42		
349	58.05	2019-12-20 16:58:37.114071	0	Materials	customer_uploads/expenses/2899 SE Amherst - Rental/209A8FBE-564E-4438-8702-1D4D161AB594.jpeg	2	42		
350	3000.00	2019-12-20 17:09:40.523611	0	Miscellaneous	customer_uploads/expenses/2899 SE Amherst - Rental/Scanned_Documents.pdf	2	42	Wire transfer closing costs	
351	85.00	2019-12-20 18:13:13.843293	0	Water Bill	customer_uploads/expenses/2899 SE Amherst - Rental/B70B45BE-A79C-42F6-94C7-1F4CA8678EA4.jpeg	2	42	Martin County Water Bill	Martin County Water Bill
352	495.00	2019-12-20 18:34:30.511175	0	Materials	customer_uploads/expenses/2899 SE Amherst - Rental/186078B7-C80A-4EAF-9298-1104D8CB57AF.png	2	42		Inspection for Amherst
353	480.00	2019-12-20 18:35:33.401277	0	Miscellaneous	customer_uploads/expenses/2899 SE Amherst - Rental/0E46F947-8C27-4376-80C7-6EE28423484D.png	2	42		Appraisal for Amherst
354	12.00	2019-12-20 18:45:35.204562	0	Power Bill	customer_uploads/expenses/2899 SE Amherst - Rental/B14926CC-56B2-43D3-9A8D-FB6207EADEC5.jpeg	2	42		
355	12.61	2019-12-20 18:46:05.527544	0	Power Bill	customer_uploads/expenses/2899 SE Amherst - Rental/0494C99B-88C7-4486-93E3-5381BFD03021.jpeg	2	42		
356	454.15	2019-12-26 22:38:06.053477	0	Materials	customer_uploads/expenses/2899 SE Amherst - Rental/BA97AA79-E9DF-4B4B-B4C1-143AE195E000.jpeg	2	42	Materials	Materials
358	158.69	2019-12-30 17:53:40.326884	0	Materials	customer_uploads/expenses/2899 SE Amherst - Rental/457F2A92-F90A-41E9-916D-856976A7BC0A.jpeg	2	42		
359	212.95	2019-12-30 17:54:56.776247	0	Materials	customer_uploads/expenses/2899 SE Amherst - Rental/1523F89F-546D-444E-A2F5-9631A6F93840.jpeg	2	42		
\.


--
-- Data for Name: jobs_current_worker; Type: TABLE DATA; Schema: public; Owner: genuwine12
--

COPY public.jobs_current_worker (id, current, company_id, house_id, customer_id, job_id) FROM stdin;
15	1	9	33	\N	\N
19	0	15	8	2	573
20	1	9	33	2	504
21	0	17	9	2	579
22	1	18	33	2	601
23	1	9	9	2	680
24	0	18	32	2	707
25	1	18	9	2	374
\.


--
-- Data for Name: jobs_house; Type: TABLE DATA; Schema: public; Owner: genuwine12
--

COPY public.jobs_house (id, address, proposed_jobs, pending_payments, payment_history, completed_jobs, customer_id, house_list_file, rejected_jobs, rejected_payments, expenses, archived, after_repair_value, profit, purchase_price) FROM stdin;
1	22852 Marbella Cir	1	0	1	0	2	\N	0	0	1	0	0.00	0.00	0.00
2	3916 NW Deer Oak	0	0	0	0	2		0	0	0	1	0.00	0.00	0.00
3	17323 Boca Club	0	0	0	0	2	\N	0	0	0	1	0.00	0.00	0.00
4	5033 Solar Point Drive	0	0	0	0	2		1	0	1	1	0.00	0.00	0.00
5	10861 Southeast Arielle Terrace	0	0	1	0	2	SJBWK_11-16-1820181115111437_6.pdf	1	0	0	1	550000.00	30000.00	443981.10
6	7360 Via Luria	0	0	0	0	2	\N	0	0	0	1	0.00	0.00	0.00
7	157 Gregory Place	0	0	0	0	2	\N	0	0	1	1	0.00	0.00	0.00
8	10562 Wheelhouse Circle	0	0	1	0	2	\N	1	0	1	1	0.00	0.00	0.00
9	13377 Doubletree Circle	1	1	1	1	2	Invoice_1340_Uad8rEY.pdf	1	0	1	0	760000.00	30000.00	378309.70
10	522 S Palmway	0	0	0	0	2	\N	0	0	0	1	0.00	0.00	0.00
11	175 Citrus Aveune	0	0	0	0	2	\N	0	0	0	1	0.00	0.00	0.00
12	16785 Temple Blvd	0	0	1	1	2	\N	1	0	1	1	0.00	0.00	0.00
13	1133 Benoist Farms Road	0	0	0	0	2	\N	0	0	0	1	0.00	0.00	0.00
14	4680 NE Sandpebble Trace	0	0	0	0	2	sample.pdf	0	0	1	1	306333.44	30000.00	206091.17
15	6915 Aliso Avenue	0	0	0	0	2	\N	0	0	0	1	0.00	0.00	0.00
16	9070 Strandhill Way	0	0	1	1	2	\N	1	0	1	0	0.00	0.00	0.00
17	12880 72nd Ct N	0	0	0	0	2	\N	0	0	0	1	0.00	0.00	0.00
18	10303 Boca Springs Drive	0	0	0	0	2	\N	0	0	0	1	0.00	0.00	0.00
19	4745 Sherwood Forest Drive	0	0	0	0	2	\N	0	0	0	1	0.00	0.00	0.00
20	1432 Cold Springs Ct	0	0	0	0	2	\N	0	0	0	1	0.00	0.00	0.00
21	441 W 35th Street	1	0	1	1	2	77B4F8C3-D14D-420D-BDF2-596AA00001AD.jpeg	1	0	1	0	440000.00	30000.00	212745.70
22	6924 Camille Street	0	0	0	0	2	8580_Matt_H_Invoice.pdf	1	0	1	1	340000.00	30000.00	230017.50
23	10475 Galleria Street	1	0	1	0	2	11852.xlsx	1	0	1	1	400000.00	30000.00	318318.30
24	11852 61st St N	0	0	0	0	2		0	0	1	1	355000.00	30000.00	261843.90
25	6334 Ungerer Street	0	0	0	0	2	\N	0	0	0	1	0.00	0.00	0.00
26	117 Waterview Way	0	0	0	0	2		0	0	1	1	360000.00	30000.00	263785.50
27	414 Griswold Dr	0	0	0	0	2	Invoice_1177_from_MA_Inc.pdf	1	0	1	1	287246.68	30000.00	199357.50
28	3015 Rockville Ln	0	0	0	0	2	\N	0	0	0	1	0.00	0.00	0.00
29	4590 Orchid Drive	1	0	1	1	2		1	0	1	0	0.00	0.00	0.00
30	4955 Alfresco St, Boca Raton, 33428	0	0	0	0	2	\N	0	0	0	1	0.00	0.00	0.00
31	8580 Tourmaline Blvd	0	0	0	0	2	c87993aa959945f4994e958d6ba3e4a72fdc75ad8fad43bba668ac1cb50bf9f837f8e15503e9434f84f340287994cbea.pdf	0	0	0	1	290000.00	30000.00	242265.50
32	8944 Escondido Way	1	0	1	1	2	247D067F-88D1-4433-8D4D-71AE096F76F4.jpeg	1	0	1	0	440000.00	30000.00	265931.90
33	15630 Bent Creek	1	1	1	1	2	6924_camille.docx	1	0	1	0	400000.00	30000.00	262968.00
34	1800 Nebraska Avenue	1	0	1	1	2		1	0	1	0	500000.00	30000.00	300000.00
35	2899 SE Amherst Street	1	0	1	1	2	AF85124D-24ED-4C68-A694-D59E2BADB23C.jpeg	1	0	1	1	190000.00	30000.00	162505.00
36	8694 Egret Isles Ter	0	0	1	0	2	CEED1030-69ED-41C6-82E4-285171A0215D.jpeg	0	0	1	0	300000.00	30000.00	251521.70
37	4813 SE Chiles Court	1	0	1	1	2		0	0	1	0	500000.00	30000.00	400000.00
38	1467 SW Peninsula Ln	0	0	0	0	2		0	0	0	0	300000.00	20000.00	239257.00
39	3177 NE Lake Ave	1	0	0	0	2	Invoice_1340.pdf	0	0	0	0	210000.00	22000.00	104558.00
40	3614 Poinsettia Avenue	1	0	0	0	2		0	0	1	0	410000.00	45000.00	305000.00
42	2899 SE Amherst - Rental	1	0	0	0	2		0	0	1	0	230000.00	30000.00	190000.00
43	127 Canterbury Place	1	0	0	0	2	index.html	0	0	0	0	330000.00	30000.00	262150.50
\.


--
-- Data for Name: jobs_job; Type: TABLE DATA; Schema: public; Owner: genuwine12
--

COPY public.jobs_job (id, start_amount, start_date, total_paid, approved, rejected, document_link, balance_amount, company_id, house_id, notes, job_type) FROM stdin;
5	250.00	2018-03-13 21:30:42.149	250.00	0	1	uploads/10562 Wheelhouse Circle/20180305_171703.jpg	0.00	5	8	No notes...	
6	5200.00	2018-03-14 16:32:04.583	0.00	0	1	uploads/414 Griswold Dr/414_GRISWOLD.pdf	5200.00	6	27	No notes...	
7	900.00	2018-03-14 17:12:09.597	900.00	1	0	uploads/10475 Galleria Street/10475_galleria.pdf	0.00	7	23	No notes...	
9	1800.00	2018-03-15 16:56:40.691	1800.00	1	0	uploads/16785 Temple Blvd/invoice_house_loxahachee_Jazayri_Const_2_D3N5UXq.doc	0.00	9	12	No notes...	
12	1500.00	2018-03-15 20:41:52.147	1500.00	0	1	uploads/5033 Solar Point Drive/Inv_2818_from_Coast_To_Coast_Garage_Door_13572_2.pdf	0.00	10	4	No notes...	
13	1390.00	2018-03-21 18:57:05.511	1390.00	1	0	uploads/4680 NE Sandpebble Trace/4680_4680_NE_Sandpebble_Tr_2_T_14_SE_Goodman.pdf	0.00	11	14	No notes...	
15	990.00	2018-03-21 19:33:40.084	990.00	1	0	uploads/6915 Aliso Avenue/6915_aliso.pdf	0.00	7	15	No notes...	
16	1260.00	2018-03-21 20:56:30.531	1260.00	1	0	uploads/16785 Temple Blvd/invoice53.pdf	0.00	12	12	No notes...	
17	110.00	2018-03-21 20:59:11.669	110.00	1	0	uploads/1432 Cold Springs Ct/invoice56.pdf	0.00	12	20	No notes...	
18	120.00	2018-03-21 21:01:05.033	120.00	1	0	uploads/11852 61st St N/invoice57.pdf	0.00	12	24	No notes...	
19	225.00	2018-03-22 01:54:09.29	225.00	1	0	uploads/3015 Rockville Ln/Samjack_Blackston_LLC20180321_08593803_1288.pdf	0.00	9	28	No notes...	
20	400.00	2018-03-23 21:56:59.377	400.00	1	0	uploads/13377 Doubletree Circle/invoice59.pdf	0.00	12	9	400	
21	70.00	2018-03-26 22:45:22.791	70.00	1	0	uploads/117 Waterview Way/invoice60.pdf	0.00	12	26	No notes...	
22	120.00	2018-03-26 22:45:50.46	0.00	0	1	uploads/13377 Doubletree Circle/invoice61.pdf	120.00	12	9	No notes...	
23	200.00	2018-03-27 03:42:18.562	200.00	1	0	uploads/3916 NW Deer Oak/Maintenance_3916_Deer_Oak.pdf	0.00	8	2	James is crazy...	
24	175.00	2018-03-27 03:54:38.781	175.00	1	0	uploads/5033 Solar Point Drive/1522122777806_5033_solar_point.pdf	0.00	8	4	No notes...	Landscaping
25	395.00	2018-03-27 11:40:09.867	395.00	1	0	uploads/5033 Solar Point Drive/Lawn_Maint._3_7_18.pdf	0.00	8	4	No notes...	Landscaping
26	289.00	2018-03-28 14:37:45.036	0.00	0	0	uploads/1133 Benoist Farms Road/1627_1133_Benoist_Farms_103_srvc.pdf	289.00	13	13	No notes...	
27	225.00	2018-03-29 02:24:06.201	225.00	1	0	uploads/3015 Rockville Ln/Samjack_Blackston_LLC2.pdf	0.00	9	28	No notes...	
28	1770.00	2018-03-29 11:56:58.197	1770.00	1	0	uploads/6915 Aliso Avenue/invoice_1019.pdf	0.00	7	15	No notes...	
29	89.00	2018-03-29 13:35:13.533	0.00	0	0	uploads/1133 Benoist Farms Road/1627_1133_Benoist_Farms_103_srvc_22jWvwr.pdf	89.00	13	13	No notes...	
30	2497.50	2018-03-30 02:06:13.15	2497.50	1	0	uploads/414 Griswold Dr/414_Griwold.pdf	0.00	14	27	No notes...	
31	275.00	2018-04-04 04:41:43.613	275.00	1	0	uploads/1432 Cold Springs Ct/Invoice_-_1432_Cold_Springs_-_Wellington__-__Leak_Detection.pdf	0.00	15	20	No notes...	
32	85.00	2018-04-04 04:48:26.674	0.00	0	0	uploads/1432 Cold Springs Ct/Invoice_-_1432_Cold_Springs_-_Wellington__-__pump_leak_union.pdf	85.00	15	20	No notes...	
33	85.00	2018-04-04 04:59:45.402	85.00	1	0	uploads/3916 NW Deer Oak/Invoice_-_Monthly_Service_-_3916_Nw_Deer_Oak_-_Jensen_Beach__-__lBTxbG4.pdf	0.00	15	2	No notes...	
34	85.00	2018-04-04 05:00:10.648	0.00	0	0	uploads/13377 Doubletree Circle/Invoice_-_Monthly_Service_-_13377_Double_tree_-_Wellingt_4GMGwts.pdf	85.00	15	9	No notes...	
35	85.00	2018-04-04 05:00:41.571	85.00	1	0	uploads/175 Citrus Aveune/Invoice_-_Monthly_Service_-_175_Citrus_Ave_-_Boynton_Beach__-__XOeBhaL.pdf	0.00	15	11	No notes...	
36	85.00	2018-04-04 05:01:07.193	85.00	1	0	uploads/10562 Wheelhouse Circle/Invoice_-Monthly_Service_-_10562_Whellhouse_-_Boca_Raton_GiUfVA9.pdf	0.00	15	8	No notes...	
37	85.00	2018-04-04 05:01:28.918	0.00	0	0	uploads/4745 Sherwood Forest Drive/Invoice_-_Monthly_Service_-_4745_Sherwood_-_Delrey_Be_4ExfwbW.pdf	85.00	15	19	No notes...	
38	85.00	2018-04-04 05:01:52.834	85.00	1	0	uploads/1432 Cold Springs Ct/Invoice_-_Monthly_Service_-_1432_Cold_Springs_-_Wellington__su4oTxI.pdf	0.00	15	20	No notes...	
39	3195.00	2018-04-05 02:03:32.271	0.00	0	0	uploads/6915 Aliso Avenue/invoice_1022.pdf	3195.00	7	15	No notes...	
40	1425.00	2018-04-05 02:12:24.705	0.00	0	0	uploads/6915 Aliso Avenue/invoice_1023.pdf	1425.00	7	15	No notes...	
41	350.00	2018-04-05 23:48:17.176	350.00	1	0	uploads/16785 Temple Blvd/invoice62.pdf	0.00	12	12	No notes...	
42	85.00	2018-04-10 01:41:49.988	85.00	1	0	uploads/1432 Cold Springs Ct/Invoice_-_1432_Cold_Springs_-_Wellington__-__pump_leak_unio_cKtBMPq.pdf	0.00	15	20	No notes...	
43	85.00	2018-04-10 01:42:57.285	85.00	1	0	uploads/4745 Sherwood Forest Drive/Invoice_-_Monthly_Service_-_4745_Sherwood_-_Delrey_Be_8Cr8gvC.pdf	0.00	15	19	No notes...	
45	120.00	2018-04-11 02:48:21.216517	120.00	1	0	uploads/16785 Temple Blvd/20180410_224526.jpg	0.00	12	12	No notes...	
46	110.00	2018-04-11 02:49:09.813357	110.00	1	0	uploads/1432 Cold Springs Ct/20180410_224457.jpg	0.00	12	20	No notes...	
47	120.00	2018-04-11 02:49:45.451793	120.00	1	0	uploads/11852 61st St N/20180410_224429.jpg	0.00	12	24	No notes...	
48	435.00	2018-04-12 00:54:56.588127	435.00	1	0	uploads/6915 Aliso Avenue/invoice_1025.pdf	0.00	7	15	No notes...	
51	1300.00	2018-04-12 02:24:36.548817	1300.00	1	0	uploads/6915 Aliso Avenue/aliso_roofing.docx	0.00	9	15	No notes...	
52	89.00	2018-04-12 03:45:13.666622	89.00	1	0	uploads/1133 Benoist Farms Road/1627_1133_Benoist_Farms_103_srvc_22jWvwr_1mHLIKQ.pdf	0.00	11	13	No notes...	
53	120.00	2018-04-17 22:42:43.937639	120.00	1	0	worker_uploads/13377 Doubletree Circle/invoice61.pdf	0.00	12	9	No notes...	
57	4100.68	2018-04-18 22:07:13.385534	4100.68	1	0	worker_uploads/441 W 35th Street/441_35TH_ST_WEST_PALM_BEACH_FLOOR__DECOR_TILES_HeWgjW6.pdf	0.00	17	21	No notes...	
58	340.87	2018-04-18 22:07:59.628886	340.87	1	0	worker_uploads/6924 Camille Street/6924_CAMILLE_BOYNTON_BEACH_TILES_BATHROOM_XEkCaFe.pdf	0.00	17	22	No notes...	
59	289.61	2018-04-18 22:08:48.674843	289.61	1	0	worker_uploads/10475 Galleria Street/LOWES_GALLERIA__rFJypsC.pdf	0.00	17	23	No notes...	
60	440.00	2018-04-19 01:31:03.012387	0.00	0	1	worker_uploads/4680 NE Sandpebble Trace/LOWES_GALLERIA_.pdf	440.00	6	14	No notes...	
64	2203.50	2018-04-19 02:58:21.548444	2203.50	1	0	worker_uploads/414 Griswold Dr/invoice_1002_from_MA_Inc.pdf	0.00	18	27	No notes...	
65	1700.00	2018-04-19 03:01:47.07474	1700.00	1	0	worker_uploads/441 W 35th Street/invoice_1001_from_MA_Inc.pdf	0.00	18	21	No notes...	
66	2500.00	2018-04-19 03:02:55.158811	0.00	0	1	worker_uploads/6924 Camille Street/invoice_1003_from_MA_Inc.pdf	2500.00	18	22	No notes...	
67	770.00	2018-04-19 03:22:48.278744	770.00	1	0	worker_uploads/6915 Aliso Avenue/Invoice_010336_from_RYAN_PLUMBING_INC.pdf	0.00	9	15	No notes...	
68	250.00	2018-04-19 03:23:42.890518	250.00	1	0	worker_uploads/117 Waterview Way/Invoice_010382_from_RYAN_PLUMBING_INC.pdf	0.00	9	26	No notes...	
69	294.25	2018-04-19 03:25:15.553973	294.25	1	0	worker_uploads/1432 Cold Springs Ct/Samjack_Welligton_House.pdf	0.00	9	20	No notes...	
70	321.00	2018-04-19 03:26:06.800326	321.00	1	0	worker_uploads/10475 Galleria Street/Samjack_Inv_0619046_from_Overtime_Building_Maintena_PqZjr2T.pdf	0.00	9	23	No notes...	
71	267.00	2018-04-19 03:26:43.644843	267.00	1	0	worker_uploads/3015 Rockville Ln/Samjack_Royal_Palm_House.pdf	0.00	9	28	No notes...	
72	0.00	2018-04-19 12:27:32.835602	0.00	0	0	worker_uploads/1432 Cold Springs Ct/alan_hd.pdf	0.00	20	20	No notes...	
73	650.00	2018-04-24 14:59:02.545891	650.00	1	0	worker_uploads/6924 Camille Street/sam_jack_10469.pdf	0.00	21	22	No notes...	
74	289.61	2018-04-25 02:03:16.0794	289.61	1	0	worker_uploads/10475 Galleria Street/lowes_receipt_.pdf	0.00	9	23	No notes...	
75	2750.00	2018-04-25 14:48:20.787129	2750.00	1	0	worker_uploads/11852 61st St N/Invoice_1004_from_MA_Inc.pdf	0.00	18	24	No notes...	
76	2500.00	2018-04-25 15:03:51.411955	2500.00	1	0	worker_uploads/6924 Camille Street/2018-04-20_invoice_SamJack_Blackstone_1003.pdf	0.00	18	22	No notes...	
77	100.00	2018-04-26 01:18:24.637622	0.00	0	1	worker_uploads/10303 Boca Springs Drive/10303_Boca_Springs.pdf	100.00	18	18	No notes...	
78	100.00	2018-04-26 01:20:14.551099	100.00	1	0	worker_uploads/10303 Boca Springs Drive/Invoice_1005_from_MA_Inc.pdf	0.00	18	18	No notes...	
79	200.00	2018-04-26 01:30:00.834037	0.00	0	1	worker_uploads/17323 Boca Club/MyDocument.pdf	200.00	9	3	No notes...	
80	1376.14	2018-04-26 01:52:36.417259	1376.14	1	0	worker_uploads/117 Waterview Way/Floor__Decor_117_Waterview__Receipt_2.pdf	0.00	17	26	No notes...	
81	200.00	2018-04-26 20:04:22.491536	0.00	0	1	worker_uploads/13377 Doubletree Circle/invoice68.pdf	200.00	12	9	No notes...	
82	120.00	2018-04-26 20:07:19.2625	120.00	1	0	worker_uploads/13377 Doubletree Circle/invoice68_uoqrTwg.pdf	0.00	12	9	No notes...	
83	200.00	2018-04-26 20:07:50.819126	200.00	1	0	worker_uploads/7360 Via Luria/invoice67.pdf	0.00	12	6	No notes...	
84	650.00	2018-04-26 20:08:40.333532	650.00	1	0	worker_uploads/10303 Boca Springs Drive/Invoice_010387_from_RYAN_PLUMBING_INC1.pdf	0.00	9	18	No notes...	
85	70.00	2018-04-26 20:41:00.754276	70.00	1	0	worker_uploads/117 Waterview Way/invoice69.pdf	0.00	12	26	No notes...	
86	5141.50	2018-05-01 20:01:06.958204	5141.50	1	0	worker_uploads/414 Griswold Dr/invoice_1006__414_Griswold__MA_Inc.pdf	0.00	18	27	No notes...	
87	1376.14	2018-05-02 12:15:00.556564	0.00	0	1	worker_uploads/117 Waterview Way/Floor__Decor_117_Waterview__Receipt_1.pdf	1376.14	17	26	No notes...	
88	101.65	2018-05-02 12:42:02.798248	101.65	1	0	worker_uploads/522 S Palmway/Specialty_glass_88247.pdf	0.00	28	10	No notes...	
89	481.50	2018-05-02 12:44:11.022334	481.50	1	0	worker_uploads/3015 Rockville Ln/Samjack_Blackston_LL-specially_glass1.pdf	0.00	28	28	No notes...	
90	150.00	2018-05-02 15:07:27.791483	150.00	1	0	worker_uploads/1432 Cold Springs Ct/Invoice.pdf	0.00	29	20	No notes...	
91	550.00	2018-05-02 16:06:39.399928	550.00	1	0	worker_uploads/6924 Camille Street/6924_Camille_Street_Boynton.pdf	0.00	27	22	No notes...	
92	6.98	2018-05-02 17:56:03.004559	0.00	0	1	worker_uploads/6924 Camille Street/6924-Camille-Floor_and_decor-no_1099.pdf	6.98	17	22	No notes...	
93	399.75	2018-05-02 17:57:09.740435	399.75	1	0	worker_uploads/441 W 35th Street/441-Floor_and_Decor_tiles_receipt-1.pdf	0.00	17	21	No notes...	
94	1754.76	2018-05-02 20:08:27.711601	1754.76	1	0	worker_uploads/6924 Camille Street/Invoice_1007_from_MA_Inc.pdf	0.00	18	22	No notes...	
95	2900.00	2018-05-02 20:09:36.217129	2900.00	1	0	worker_uploads/414 Griswold Dr/Invoice_1008_from_MA_Inc.pdf	0.00	18	27	No notes...	
96	2568.33	2018-05-02 20:28:56.836383	2568.33	1	0	worker_uploads/6924 Camille Street/6924-Camille-home_depot_tile_return_receipt-allfloor_tiles.pdf	0.00	17	22	No notes...	
97	35.76	2018-05-02 20:34:43.022822	35.76	1	0	worker_uploads/6924 Camille Street/6924-Camille-home_depot_tile_-_receipt-_10x12_glazed_tile_.pdf	0.00	17	22	No notes...	
99	85.00	2018-05-08 02:43:31.743976	85.00	1	0	worker_uploads/13377 Doubletree Circle/Invoice_-_Monthly_Service_-_13377_Double_tree_-_W_Cgfxkoi.pdf	0.00	15	9	No notes...	
100	85.00	2018-05-08 02:44:06.922646	85.00	1	0	worker_uploads/175 Citrus Aveune/Invoice_-_Monthly_Service_-_175_Citrus_Ave_-_Boynton_Be_XvRdAvk.pdf	0.00	15	11	No notes...	
101	85.00	2018-05-08 02:44:32.534446	85.00	1	0	worker_uploads/10562 Wheelhouse Circle/Invoice_-Monthly_Service_-_10562_Whellhouse_-_Boc_kXENJWT.pdf	0.00	15	8	No notes...	
102	85.00	2018-05-08 02:45:04.057573	85.00	1	0	worker_uploads/1432 Cold Springs Ct/Invoice_-_Monthly_Service_-_1432_Cold_Springs_-_Well_ssZGUFZ.pdf	0.00	15	20	No notes...	
103	440.00	2018-05-08 04:33:42.174779	440.00	1	0	worker_uploads/4680 NE Sandpebble Trace/SAND_PEBBLE_TRACE.pdf	0.00	6	14	No notes...	
104	1500.00	2018-05-08 04:45:58.377569	1500.00	1	0	worker_uploads/414 Griswold Dr/GRISWOLD.pdf	0.00	6	27	No notes...	
105	120.00	2018-05-09 01:43:29.966637	120.00	1	0	worker_uploads/13377 Doubletree Circle/invoice68_HcgZ7IX.pdf	0.00	12	9	No notes...	
106	120.00	2018-05-09 02:00:07.874278	120.00	1	0	worker_uploads/16785 Temple Blvd/invoice71.pdf	0.00	12	12	No notes...	
107	120.00	2018-05-09 02:01:20.578289	120.00	1	0	worker_uploads/11852 61st St N/invoice72.pdf	0.00	12	24	No notes...	
108	110.00	2018-05-09 02:02:43.269422	110.00	1	0	worker_uploads/1432 Cold Springs Ct/invoice73.pdf	0.00	12	20	No notes...	
109	250.00	2018-05-09 15:41:23.784129	250.00	1	0	worker_uploads/11852 61st St N/11852.pdf	0.00	27	24	No notes...	
110	2924.66	2018-05-09 20:28:30.92549	2924.66	1	0	worker_uploads/6924 Camille Street/Invoice_1009__6924_Camille_St.pdf	0.00	18	22	No notes...	
111	3902.09	2018-05-09 20:41:41.949912	3902.09	1	0	worker_uploads/117 Waterview Way/Invoice_1010_from_MA_Inc.pdf	0.00	18	26	No notes...	
112	766.68	2018-05-16 16:39:52.168893	766.68	1	0	worker_uploads/6924 Camille Street/74B056BE-C628-4044-AB1E-8B7F5657E855.jpeg	0.00	30	22	No notes...	
113	465.00	2018-05-16 16:40:40.781668	465.00	1	0	worker_uploads/11852 61st St N/B34FF84E-354E-4934-8B2D-FBFF0714C1EC.jpeg	0.00	30	24	No notes...	
114	7241.78	2018-05-16 18:11:15.108424	0.00	0	1	worker_uploads/6924 Camille Street/Invoice_1011_from_MA_Inc.pdf	7241.78	18	22	No notes...	
115	1475.98	2018-05-16 18:41:39.33618	1475.98	1	0	worker_uploads/6924 Camille Street/Invoice_1012_from_MA_Inc.pdf	0.00	18	22	No notes...	
116	4175.25	2018-05-16 19:15:00.33179	4175.25	1	0	worker_uploads/441 W 35th Street/Invoice_1013_from_MA_Inc.pdf	0.00	18	21	No notes...	
117	2172.53	2018-05-16 20:26:05.243317	2172.53	1	0	worker_uploads/6924 Camille Street/Invoice_1011_from_MA_Inc_du81mLM.pdf	0.00	18	22	No notes...	
118	760.00	2018-05-17 00:45:54.48398	0.00	0	0	worker_uploads/11852 61st St N/61st_Street_Invoice.pdf	760.00	18	24	No notes...	
119	40.00	2018-05-17 00:47:09.538828	0.00	0	0	worker_uploads/414 Griswold Dr/Lawn_Maintenance.pdf	40.00	18	27	No notes...	
120	35.00	2018-05-17 00:47:41.145594	0.00	0	0	worker_uploads/441 W 35th Street/Lawn_Maintenance.pdf	35.00	18	21	No notes...	
121	35.00	2018-05-17 00:48:17.023133	0.00	0	0	worker_uploads/157 Gregory Place/Lawn_Maintenance.pdf	35.00	18	7	No notes...	
122	633.00	2018-05-17 11:34:18.272211	0.00	0	1	worker_uploads/5033 Solar Point Drive/Scan0039.pdf	633.00	31	4	No notes...	
123	366.00	2018-05-17 11:55:09.855934	366.00	1	0	worker_uploads/5033 Solar Point Drive/Scan0039_0NEiR33.pdf	0.00	31	4	No notes...	
124	900.00	2018-05-23 00:44:42.895818	0.00	0	1	worker_uploads/11852 61st St N/Invoice_1017_from_MA_Inc.pdf	900.00	18	24	No notes...	
125	900.00	2018-05-23 00:45:10.822859	0.00	0	1	worker_uploads/6924 Camille Street/Invoice_1016_from_MA_Inc.pdf	900.00	18	22	No notes...	
126	400.00	2018-05-23 00:45:35.682494	400.00	1	0	worker_uploads/10475 Galleria Street/Invoice__4.pdf	0.00	33	23	No notes...	
127	5000.00	2018-05-23 02:19:43.414229	0.00	0	1	worker_uploads/11852 61st St N/Loxahatchee_Estimate_Quotation.pdf	5000.00	34	24	No notes...	
128	2000.00	2018-05-23 02:26:16.718654	2000.00	1	0	worker_uploads/11852 61st St N/Invoice_Loxahatchee_Deposit.pdf	0.00	34	24	No notes...	
129	900.00	2018-05-23 19:22:26.707455	900.00	1	0	worker_uploads/11852 61st St N/Invoice_1017_from_MA_Inc-2.pdf	0.00	18	24	No notes...	
130	900.00	2018-05-23 19:22:52.108143	900.00	1	0	worker_uploads/6924 Camille Street/Invoice_1016_from_MA_Inc-2.pdf	0.00	18	22	No notes...	
131	40.00	2018-05-23 20:12:53.602654	40.00	1	0	worker_uploads/175 Citrus Aveune/175_Citrus_Ave..pdf	0.00	9	11	No notes...	
132	35.00	2018-05-23 20:33:34.190022	35.00	1	0	worker_uploads/441 W 35th Street/Lawn_Maintenance_JyiTKOf.pdf	0.00	9	21	No notes...	
133	40.00	2018-05-23 20:34:04.732332	40.00	1	0	worker_uploads/414 Griswold Dr/Lawn_Maintenance_NxXYYoe.pdf	0.00	9	27	No notes...	
134	35.00	2018-05-23 20:34:38.153305	35.00	1	0	worker_uploads/157 Gregory Place/Lawn_Maintenance_Q5ruAwS.pdf	0.00	9	7	No notes...	
135	1800.00	2018-05-23 20:52:06.953259	1800.00	1	0	worker_uploads/414 Griswold Dr/GRISWOLD_buJDWHy.pdf	0.00	9	27	No notes...	
136	172.78	2018-05-23 20:58:31.658671	172.78	1	0	worker_uploads/10562 Wheelhouse Circle/Invoice_4193_from_ACE_SECURITY_LOCKSMITH.pdf	0.00	9	8	No notes...	
137	235.27	2018-05-23 21:00:00.529623	235.27	1	0	worker_uploads/4590 Orchid Drive/Invoice_4192_from_ACE_SECURITY_LOCKSMITH.pdf	0.00	9	29	No notes...	
138	42.21	2018-05-23 21:02:16.686054	0.00	0	1	worker_uploads/3015 Rockville Ln/040117-052318.pdf	42.21	9	28	No notes...	
139	42.21	2018-05-23 21:03:38.052832	0.00	0	0	worker_uploads/3015 Rockville Ln/040117-052318_ICbQf0n.pdf	42.21	17	28	No notes...	
140	3000.00	2018-05-30 12:03:42.640648	3000.00	1	0	worker_uploads/11852 61st St N/Invoice_Remaining_Balance_Loxahatchee_Quotation.pdf	0.00	34	24	No notes...	
141	300.00	2018-05-30 13:49:49.874126	300.00	1	0	worker_uploads/6924 Camille Street/Inv_18288_from_Dan_Ryans_Pressure_Cleaning_9128.pdf	0.00	9	22	No notes...	
142	600.00	2018-05-30 13:54:47.195266	0.00	0	1	worker_uploads/1432 Cold Springs Ct/Invoice_jbu4VQT.pdf	600.00	35	20	No notes...	
143	600.00	2018-05-30 14:36:35.561352	600.00	1	0	worker_uploads/4955 Alfresco St, Boca Raton, 33428/Invoice.pdf	0.00	36	30	No notes...	
144	300.00	2018-05-30 19:29:34.908155	300.00	1	0	worker_uploads/6915 Aliso Avenue/232415-053018.pdf	0.00	9	15	No notes...	
145	300.00	2018-05-30 19:30:41.872004	300.00	1	0	worker_uploads/10475 Galleria Street/232415-053018.pdf	0.00	9	23	No notes...	
146	300.00	2018-05-30 19:31:29.349516	0.00	0	1	worker_uploads/1432 Cold Springs Ct/232415-053018.pdf	300.00	9	20	No notes...	
147	275.00	2018-05-30 19:31:54.492326	275.00	1	0	worker_uploads/1432 Cold Springs Ct/232415-053018_aF9rP1J.pdf	0.00	9	20	No notes...	
148	250.00	2018-05-30 19:32:19.301913	250.00	1	0	worker_uploads/3015 Rockville Ln/232415-053018.pdf	0.00	9	28	No notes...	
149	102.22	2018-05-30 19:52:41.679902	102.22	1	0	worker_uploads/414 Griswold Dr/135115-053018_OIhyKEE.pdf	0.00	18	27	No notes...	
150	2651.02	2018-05-30 20:02:19.369501	2651.02	1	0	worker_uploads/414 Griswold Dr/Screenshot_3.png	0.00	9	27	No notes...	
151	200.00	2018-05-31 02:16:38.34825	0.00	0	1	worker_uploads/4590 Orchid Drive/invoice74.pdf	200.00	12	29	No notes...	
152	235.27	2018-06-04 00:05:51.120669	235.27	1	0	worker_uploads/4590 Orchid Drive/image.jpg	0.00	32	29	No notes...	
153	172.78	2018-06-04 00:07:44.420498	172.78	1	0	worker_uploads/10562 Wheelhouse Circle/image.jpg	0.00	32	8	No notes...	
154	172.78	2018-06-04 00:07:57.673811	0.00	0	1	worker_uploads/10562 Wheelhouse Circle/image_Ay2oIBl.jpg	172.78	32	8	No notes...	
155	5065.30	2018-06-05 18:57:07.784673	5065.30	1	0	worker_uploads/6924 Camille Street/Invoice_1019_from_MA_Inc.pdf	0.00	18	22	No notes...	
156	200.00	2018-06-05 23:40:40.736887	200.00	1	0	worker_uploads/4590 Orchid Drive/invoice74_6ucvlLU.pdf	0.00	12	29	No notes...	
157	105.00	2018-06-06 00:17:00.157572	105.00	1	0	worker_uploads/117 Waterview Way/invoice75.pdf	0.00	12	26	No notes...	
158	120.00	2018-06-06 00:28:36.51402	120.00	1	0	worker_uploads/16785 Temple Blvd/invoice76.pdf	0.00	12	12	No notes...	
159	120.00	2018-06-06 00:29:38.326064	120.00	1	0	worker_uploads/11852 61st St N/invoice77.pdf	0.00	12	24	No notes...	
160	85.00	2018-06-06 14:36:18.298566	85.00	1	0	worker_uploads/6924 Camille Street/Invoice_-_Monthly_Service_-_6924_Camille_St_Boynton_B_1d3kLdv.pdf	0.00	15	22	No notes...	
161	85.00	2018-06-06 14:50:07.719388	85.00	1	0	worker_uploads/13377 Doubletree Circle/Invoice_-_Monthly_Service_-_13377_Double_tree_-_W_l8hS9Sf.pdf	0.00	15	9	No notes...	
162	85.00	2018-06-06 15:09:27.157256	85.00	1	0	worker_uploads/3916 NW Deer Oak/Invoice_-_Monthly_Service_-_3916_Nw_Deer_Oak_-_Jensen_Be_c2IJrW8.pdf	0.00	15	2	No notes...	
163	85.00	2018-06-06 15:10:58.272644	85.00	1	0	worker_uploads/175 Citrus Aveune/Invoice_-_Monthly_Service_-_175_Citrus_-_Boyton_Beach_-_TJ6Nfjx.pdf	0.00	15	11	No notes...	
164	85.00	2018-06-06 15:11:58.425814	85.00	1	0	worker_uploads/10562 Wheelhouse Circle/Invoice_-_Monthly_Service_-_10562_Whellhouse_-_Bo_00kDy4T.pdf	0.00	15	8	No notes...	
165	800.00	2018-06-06 16:35:15.735834	800.00	1	0	worker_uploads/16785 Temple Blvd/16785-Roofing_Repair.pdf	0.00	9	12	No notes...	
166	1848.96	2018-06-06 18:41:25.459157	0.00	0	1	worker_uploads/117 Waterview Way/Invoice_1018_from_MA_Inc-2.pdf	1848.96	9	26	No notes...	
167	150.00	2018-06-06 18:44:20.535081	150.00	1	0	worker_uploads/3015 Rockville Ln/Samjack_10607.pdf	0.00	9	28	No notes...	
168	385.00	2018-06-06 18:45:12.946995	385.00	1	0	worker_uploads/6915 Aliso Avenue/Samjack_10626.pdf	0.00	9	15	No notes...	
169	715.00	2018-06-06 18:48:34.231023	0.00	0	1	worker_uploads/414 Griswold Dr/414_GriswoldSt._Construction.pdf	715.00	9	27	No notes...	
170	40.00	2018-06-06 18:56:25.166779	40.00	1	0	worker_uploads/414 Griswold Dr/Service_Invoice_414_Griswold_Dr..pdf	0.00	9	27	No notes...	
171	865.00	2018-06-06 19:17:10.086878	0.00	0	1	worker_uploads/414 Griswold Dr/Invoice_1021_from_MA_Inc.pdf	865.00	9	27	No notes...	
172	25.00	2018-06-06 19:18:46.875059	0.00	0	1	worker_uploads/414 Griswold Dr/1528310700448_Service_Invoice_414_Griswold_Dr..pdf	25.00	9	27	No notes...	
173	1800.00	2018-06-06 19:29:16.967101	0.00	0	0	worker_uploads/6924 Camille Street/Invoice_Camille_st.pdf	1800.00	34	22	No notes...	
174	3068.10	2018-06-06 22:29:31.440492	0.00	0	1	worker_uploads/117 Waterview Way/Invoice_1018_from_MA_Inc.pdf	3068.10	18	26	No notes...	
175	1120.00	2018-06-06 22:40:10.132031	1120.00	1	0	worker_uploads/414 Griswold Dr/Invoice_1021_from_MA_Inc-2.pdf	0.00	9	27	No notes...	
176	6136.20	2018-06-06 22:46:15.501675	0.00	0	1	worker_uploads/117 Waterview Way/Invoice_1018_from_MA_Inc_wnz2CO3.pdf	6136.20	18	26	No notes...	
177	6136.20	2018-06-06 22:58:22.343747	6136.20	1	0	worker_uploads/117 Waterview Way/Invoice_1018_from_MA_Inc_FgvF0mW.pdf	0.00	18	26	No notes...	
178	196.88	2018-06-06 23:12:39.532465	196.88	1	0	worker_uploads/414 Griswold Dr/414_griswold-window-parts-expenses.pdf	0.00	9	27	No notes...	
179	385.00	2018-06-08 19:44:53.340652	0.00	0	1	worker_uploads/10562 Wheelhouse Circle/Scan_0001.pdf	385.00	31	8	No notes...	
180	2497.50	2018-06-08 20:06:13.890075	2497.50	1	0	worker_uploads/414 Griswold Dr/Scan_0002.pdf	0.00	31	27	No notes...	
181	385.00	2018-06-11 18:13:58.028778	385.00	1	0	worker_uploads/414 Griswold Dr/10562-AC-invoice.pdf	0.00	9	27	No notes...	
182	260.00	2018-06-11 18:27:04.266015	0.00	0	1	worker_uploads/157 Gregory Place/157-Staging_moving_furnitures.pdf	260.00	9	7	No notes...	
183	196.88	2018-06-11 18:32:12.034488	0.00	0	1	worker_uploads/5033 Solar Point Drive/5033-Window_balancers.pdf	196.88	9	4	No notes...	
192	170.00	2018-06-12 02:19:01.383245	170.00	1	1	worker_uploads/9070 Strandhill Way/9070-Grass_cutting_jm5Ff9J.pdf	0.00	17	16	No notes...	
193	366.00	2018-06-12 02:21:29.112706	366.00	1	0	worker_uploads/5033 Solar Point Drive/5033-Solar_AC_Invoice.pdf	0.00	9	4	No notes...	
194	260.00	2018-06-12 02:22:48.661003	260.00	1	0	worker_uploads/157 Gregory Place/157-Staging_moving_furnitures_x5L8FTh.pdf	0.00	17	7	No notes...	
195	196.88	2018-06-12 02:27:23.982581	196.88	1	0	worker_uploads/5033 Solar Point Drive/5033-Window_balancers_DqX5FeR.pdf	0.00	17	4	No notes...	Window/Door
196	1800.00	2018-06-12 21:54:52.074812	1800.00	0	1	worker_uploads/6924 Camille Street/Invoice_Camille_st_e2wfuJ1.pdf	0.00	34	22	No notes...	
197	1500.00	2018-06-12 22:07:55.906204	1500.00	1	0	worker_uploads/117 Waterview Way/Invoice_Wayerview_Deposit.pdf	0.00	34	26	No notes...	
198	1500.00	2018-06-12 22:11:33.518671	0.00	0	1	worker_uploads/117 Waterview Way/Invoice_Wayerview_Deposit_SlrT3rm.pdf	1500.00	34	26	No notes...	
199	200.00	2018-06-13 21:14:47.557263	200.00	1	0	worker_uploads/3015 Rockville Ln/Invoice_1026_from_MA_Inc.pdf	0.00	18	28	No notes...	
200	200.00	2018-06-13 21:15:34.783573	200.00	1	0	worker_uploads/117 Waterview Way/Invoice_1022_from_MA_Inc.pdf	0.00	18	26	No notes...	
201	3700.00	2018-06-13 21:16:17.211766	3700.00	1	0	worker_uploads/13377 Doubletree Circle/Invoice_1024_from_MA_Inc.pdf	0.00	18	9	No notes...	
202	150.00	2018-06-13 21:16:49.973966	150.00	1	0	worker_uploads/117 Waterview Way/Invoice_1027_from_MA_Inc.pdf	0.00	18	26	No notes...	
203	600.00	2018-06-13 21:17:48.223267	600.00	1	0	worker_uploads/5033 Solar Point Drive/Invoice_1023_from_MA_Inc.pdf	0.00	18	4	No notes...	Miscellaneous
204	500.00	2018-06-16 17:44:43.506733	500.00	1	1	worker_uploads/117 Waterview Way/Invoice_1028_from_MA_Inc.pdf	0.00	18	26	No notes...	
205	179.00	2018-06-19 00:54:05.273205	179.00	1	0	worker_uploads/3015 Rockville Ln/3015_Rockville_lane.pdf	0.00	31	28	No notes...	
206	2000.00	2018-06-20 11:53:11.329877	2000.00	1	0	worker_uploads/117 Waterview Way/Remaining_Balance_Waterview.pdf	0.00	34	26	No notes...	
207	60.00	2018-06-25 10:37:18.379083	60.00	1	0	worker_uploads/4590 Orchid Drive/invoice79.pdf	0.00	12	29	No notes...	
208	251.49	2018-06-25 10:52:56.527962	251.49	1	0	worker_uploads/11852 61st St N/invoice80.pdf	0.00	12	24	No notes...	
209	175.00	2018-06-27 21:21:36.540223	0.00	0	1	worker_uploads/414 Griswold Dr/15D510DD-A289-4C6C-B8D4-878AE385A5AB.png	175.00	9	27	No notes...	
210	400.00	2018-06-27 21:22:16.046891	0.00	0	1	worker_uploads/5033 Solar Point Drive/1EE16991-7F33-462C-842F-7851EE2C342E.png	400.00	9	4	No notes...	
211	758.77	2018-06-27 22:11:06.785659	758.77	1	0	worker_uploads/5033 Solar Point Drive/invoice_1030_from_MA_Inc.pdf	0.00	18	4	No notes...	Miscellaneous
212	324.11	2018-06-27 22:11:48.618614	324.11	1	0	worker_uploads/414 Griswold Dr/invoice_1031_from_MA_Inc.pdf	0.00	18	27	No notes...	
213	1870.54	2018-06-27 22:14:04.346151	1870.54	1	0	worker_uploads/6924 Camille Street/invoice_1032_from_MA_Inc.pdf	0.00	18	22	No notes...	
214	686.78	2018-06-27 22:15:51.484519	686.78	1	0	worker_uploads/6924 Camille Street/invoice_1033_from_MA_Inc.pdf	0.00	18	22	No notes...	
215	2808.74	2018-06-27 22:17:07.766759	2808.74	1	0	worker_uploads/117 Waterview Way/invoice_1029_from_MA_Inc.pdf	0.00	18	26	No notes...	
216	40.00	2018-06-27 22:39:02.878911	0.00	0	1	worker_uploads/441 W 35th Street/invoice_1034_from_MA_Inc.pdf	40.00	18	21	No notes...	
217	50.00	2018-06-27 22:45:35.631932	50.00	1	0	worker_uploads/441 W 35th Street/invoice_1034_from_MA_Inc_1.pdf	0.00	18	21	No notes...	
218	50.00	2018-06-27 22:46:15.602563	50.00	1	0	worker_uploads/157 Gregory Place/invoice_1034_from_MA_Inc_1.pdf	0.00	18	7	No notes...	
219	366.00	2018-06-29 14:31:13.553384	366.00	1	0	worker_uploads/3015 Rockville Ln/Scan_0001.pdf	0.00	31	28	No notes...	
220	85.00	2018-07-03 18:46:41.847981	85.00	1	0	worker_uploads/6924 Camille Street/Invoice_-_Monthly_Service_-_6924_Camille_St_Boynton_B_549FCEO.pdf	0.00	15	22	No notes...	
221	85.00	2018-07-03 18:47:29.416563	85.00	1	1	worker_uploads/13377 Doubletree Circle/Invoice_-_Monthly_Service_-_13377_Double_tree_-_W_hFQm9KK.pdf	0.00	15	9	No notes...	
222	85.00	2018-07-03 18:47:53.468701	0.00	0	1	worker_uploads/175 Citrus Aveune/Invoice_-_Monthly_Service_-_175_Citrus_-_Boyton_Beach_-_eT9pvTK.pdf	85.00	15	11	No notes...	
223	85.00	2018-07-03 18:48:19.678185	85.00	1	0	worker_uploads/10562 Wheelhouse Circle/Invoice_-_Monthly_Service_-_10562_Whellhouse_-_Bo_S7s99FD.pdf	0.00	15	8	No notes...	
224	85.00	2018-07-03 18:49:04.36231	85.00	1	0	worker_uploads/3916 NW Deer Oak/Invoice_-_Monthly_Service_-_3916_Nw_Deer_Oak_-_Jensen_Be_FHWB8OR.pdf	0.00	15	2	No notes...	
225	70.00	2018-07-03 23:03:42.925333	70.00	1	0	worker_uploads/117 Waterview Way/invoice81.pdf	0.00	12	26	No notes...	
226	120.00	2018-07-03 23:05:12.310966	120.00	1	0	worker_uploads/16785 Temple Blvd/invoice82.pdf	0.00	12	12	No notes...	
227	120.00	2018-07-03 23:05:50.806493	120.00	1	0	worker_uploads/11852 61st St N/invoice83.pdf	0.00	12	24	No notes...	
228	120.00	2018-07-03 23:06:20.342868	120.00	1	0	worker_uploads/13377 Doubletree Circle/invoice84.pdf	0.00	12	9	No notes...	
229	6275.25	2018-07-04 20:15:50.007926	6275.25	1	0	worker_uploads/441 W 35th Street/Invoice_1035_from_MA_Inc.pdf	0.00	18	21	No notes...	
230	760.00	2018-07-04 22:07:00.202658	0.00	0	1	worker_uploads/13377 Doubletree Circle/1029-Samjack-Blackstone-LLC-3001-w-Hallandale-Bea_oUAruaV.pdf	760.00	18	9	No notes...	
231	760.00	2018-07-04 23:39:03.697962	760.00	1	0	worker_uploads/13377 Doubletree Circle/2018-07-06_invoice_SamJack_Blackstone_1036.pdf	0.00	18	9	No notes...	
232	305.21	2018-07-04 23:44:06.756556	305.21	1	0	worker_uploads/7360 Via Luria/Invoice_1037_from_MA_Inc.pdf	0.00	18	6	No notes...	
233	160.12	2018-07-04 23:46:15.935712	160.12	1	0	worker_uploads/414 Griswold Dr/Invoice_1038_from_MA_Inc.pdf	0.00	18	27	No notes...	
234	1380.21	2018-07-04 23:51:19.888603	1380.21	1	0	worker_uploads/117 Waterview Way/Invoice_1039_from_MA_Inc.pdf	0.00	18	26	No notes...	
235	400.00	2018-07-08 21:50:02.566595	400.00	1	1	worker_uploads/4955 Alfresco St, Boca Raton, 33428/invoice85.pdf	0.00	12	32	No notes...	
236	275.00	2018-07-10 15:50:44.684682	275.00	1	0	worker_uploads/8580 Tourmaline Blvd/Invoice.pdf	0.00	38	31	No notes...	
237	250.00	2018-07-11 15:22:36.136663	250.00	1	0	worker_uploads/117 Waterview Way/Samjack10699.pdf	0.00	18	26	No notes...	
238	400.00	2018-07-11 15:27:14.330207	400.00	1	0	worker_uploads/9070 Strandhill Way/Invoice_1041_from_MA_Inc.pdf	0.00	18	16	No notes...	
239	6688.71	2018-07-11 15:30:03.405285	6688.71	1	0	worker_uploads/117 Waterview Way/2018-07-13_invoice_SamJack_Blackstone_1040.pdf	0.00	18	26	No notes...	
240	400.00	2018-07-11 17:02:58.604533	400.00	1	0	worker_uploads/5033 Solar Point Drive/5033-HVAC_contract_one_year_Confirmation_243106152.Pdf	0.00	17	4	No notes...	Miscellaneous
241	121.83	2018-07-11 17:03:31.346688	121.83	1	0	worker_uploads/5033 Solar Point Drive/5033-Sod_purchase.pdf	0.00	17	4	No notes...	Landscaping
242	299.39	2018-07-11 17:04:44.738026	299.39	1	0	worker_uploads/117 Waterview Way/117-_Floor_decore_backsplash_purchase-.pdf	0.00	17	26	No notes...	
243	3630.65	2018-07-11 19:16:20.353074	3630.65	1	0	worker_uploads/441 W 35th Street/Invoice_1042_from_MA_Inc.pdf	0.00	18	21	No notes...	
244	180.00	2018-07-13 19:00:10.8387	180.00	1	0	worker_uploads/117 Waterview Way/Scan_0001.pdf	0.00	31	26	No notes...	
245	765.00	2018-07-18 14:22:39.522691	765.00	1	0	worker_uploads/117 Waterview Way/Inv_4953.pdf	0.00	39	26	No notes...	
246	500.00	2018-07-18 19:13:28.690555	500.00	1	0	worker_uploads/6924 Camille Street/Invoice_1043_from_MA_Inc.pdf	0.00	18	22	No notes...	
247	600.00	2018-07-18 20:07:56.707011	600.00	1	0	worker_uploads/117 Waterview Way/Invoice_1044_from_MA_Inc.pdf	0.00	18	26	No notes...	
248	300.00	2018-07-18 22:42:11.465694	300.00	1	0	worker_uploads/414 Griswold Dr/dfbae8610b7f40938f7c4bbc64317f0438d2588a551246939521d13c4_wFKFPru.pdf	0.00	18	27	No notes...	
249	2635.22	2018-07-18 22:57:39.362623	2635.22	1	0	worker_uploads/414 Griswold Dr/0ca3b84a0a88483d88f45cd0ca502d481193b94d4ea14add94d0a769f_kQH8JOL.pdf	0.00	18	27	No notes...	
250	1610.00	2018-07-25 19:29:19.224217	1610.00	1	0	worker_uploads/6924 Camille Street/1950_6924_Camille_Boyton_Bch_chg_out.pdf	0.00	40	22	No notes...	
251	3880.00	2018-07-25 19:49:18.702377	3880.00	1	0	worker_uploads/10475 Galleria Street/Scan_0003.pdf	0.00	31	23	No notes...	
252	701.22	2018-07-25 20:03:32.984834	701.22	1	0	worker_uploads/414 Griswold Dr/Invoice_1048_from_MA_Inc.pdf	0.00	18	27	No notes...	
253	3100.00	2018-07-25 20:05:42.632802	3100.00	1	0	worker_uploads/441 W 35th Street/Invoice_1049_from_MA_Inc.pdf	0.00	18	21	No notes...	
254	2889.23	2018-07-25 20:07:32.824198	0.00	0	1	worker_uploads/8944 Escondido Way/Invoice_1049_from_MA_Inc.pdf	2889.23	18	32	No notes...	
255	2889.23	2018-07-25 20:09:30.051153	0.00	0	1	worker_uploads/8944 Escondido Way/Invoice_1047_from_MA_Inc.pdf	2889.23	18	32	No notes...	
256	1756.82	2018-07-25 21:45:18.417718	1756.82	1	0	worker_uploads/6924 Camille Street/81ac37bab10d43c5beb7fcdf02e2e4026d0153f265bf40248e275_C9KJam1.pdf	0.00	18	22	No notes...	
257	284.42	2018-07-25 22:03:55.375333	0.00	0	1	worker_uploads/117 Waterview Way/066DB057-C284-4D9C-9554-1F71B8B0DB79.jpeg	284.42	18	26	No notes...	
258	179.64	2018-07-25 22:04:31.929476	0.00	0	1	worker_uploads/117 Waterview Way/213A6581-5441-4795-B319-7FD204F83405.png	179.64	18	26	No notes...	
259	425.00	2018-07-25 22:09:47.924358	425.00	1	0	worker_uploads/10562 Wheelhouse Circle/Samjack_Blackston_Mirror-_proposal_00120223.jpg	0.00	9	8	No notes...	
260	175.00	2018-07-25 22:23:43.552299	175.00	1	0	worker_uploads/117 Waterview Way/117_Watreview-tub.docx	0.00	9	26	No notes...	
261	14.96	2018-07-25 22:24:22.765484	14.96	1	0	worker_uploads/414 Griswold Dr/Scanned_Documents.pdf	0.00	18	27	No notes...	
262	3233.54	2018-07-25 22:36:39.118966	3233.54	1	0	worker_uploads/8944 Escondido Way/Invoice_1047_from_MA_Inc_YuYSlXl.pdf	0.00	18	32	No notes...	
263	366.00	2018-07-27 02:18:00.391202	366.00	1	0	worker_uploads/10562 Wheelhouse Circle/Scan_0005.pdf	0.00	31	8	No notes...	
264	425.00	2018-07-30 15:29:27.647879	425.00	1	0	worker_uploads/10562 Wheelhouse Circle/Samjack_Blackston_Mirror-_proposal_00120223_x3Zmkus.jpg	0.00	9	8	No notes...	
265	828.00	2018-07-30 15:30:10.025346	828.00	1	0	worker_uploads/8944 Escondido Way/Samjack_Invoice__88771_specialty_glass.pdf	0.00	9	32	No notes...	
266	1610.00	2018-07-31 17:11:43.724809	1610.00	1	0	worker_uploads/6924 Camille Street/1952_6924_Camille_St_balance.pdf	0.00	40	22	No notes...	
267	195.00	2018-07-31 17:55:48.246587	195.00	1	0	worker_uploads/522 S Palmway/Samjack_Blackstone_-_Gedeon.pdf	0.00	41	10	No notes...	
268	395.00	2018-07-31 17:56:26.493204	395.00	1	1	worker_uploads/3015 Rockville Ln/Samjack_Blackstone_-_Madison_Green.pdf	0.00	41	28	No notes...	
269	230.00	2018-08-01 00:23:33.206978	0.00	0	0	worker_uploads/8944 Escondido Way/invoice87.pdf	230.00	12	32	No notes...	
270	60.00	2018-08-01 00:34:12.023076	60.00	1	1	worker_uploads/4590 Orchid Drive/invoice88.pdf	0.00	12	29	No notes...	
271	70.00	2018-08-01 00:39:39.559883	70.00	1	1	worker_uploads/117 Waterview Way/invoice89.pdf	0.00	12	26	No notes...	
272	120.00	2018-08-01 00:45:41.67225	120.00	1	0	worker_uploads/16785 Temple Blvd/invoice90.pdf	0.00	12	12	No notes...	
273	120.00	2018-08-01 00:57:07.752291	120.00	1	0	worker_uploads/13377 Doubletree Circle/invoice91.pdf	0.00	12	9	No notes...	
274	120.00	2018-08-01 00:57:37.273652	120.00	1	1	worker_uploads/11852 61st St N/invoice92.pdf	0.00	12	24	No notes...	
275	85.00	2018-08-01 14:29:29.67231	85.00	1	0	worker_uploads/10562 Wheelhouse Circle/Invoice_-_Monthly_Service_-_10562_Whellhouse_-_Bo_cFIN0j5.pdf	0.00	42	8	No notes...	
276	85.00	2018-08-01 14:29:59.299542	85.00	1	0	worker_uploads/13377 Doubletree Circle/Invoice_-_Monthly_Service_-_13377_Double_tree_-_W_7Xm4e5n.pdf	0.00	42	9	No notes...	
277	85.00	2018-08-01 14:30:30.139725	85.00	1	0	worker_uploads/6924 Camille Street/Invoice_-_Monthly_Service_-_6924_Camille_St_Boynton_B_GkQPp8h.pdf	0.00	42	22	No notes...	
278	85.00	2018-08-01 14:30:55.231396	85.00	1	0	worker_uploads/3916 NW Deer Oak/Invoice_-_Monthly_Service_-_3916_Nw_Deer_Oak_-_Jensen_Be_Dkm0NGz.pdf	0.00	42	2	No notes...	
279	450.00	2018-08-01 19:53:58.929987	450.00	1	1	worker_uploads/117 Waterview Way/Samjack_10799.pdf	0.00	18	26	No notes...	
280	400.00	2018-08-01 22:17:17.32496	400.00	1	0	worker_uploads/157 Gregory Place/Invoice_1051_from_MA_Inc.pdf	0.00	18	7	No notes...	
281	1013.87	2018-08-01 22:31:46.683884	1013.87	1	1	worker_uploads/414 Griswold Dr/Invoice_1053_from_MA_Inc.pdf	0.00	18	27	No notes...	
282	500.00	2018-08-01 22:58:52.255523	500.00	1	1	worker_uploads/117 Waterview Way/Invoice_1052_from_MA_Inc.pdf	0.00	18	26	No notes...	
283	299.00	2018-08-06 21:38:16.442673	299.00	1	0	worker_uploads/1133 Benoist Farms Road/1133-Benoist-Mold_inspection.PDF	0.00	17	13	No notes...	
284	350.00	2018-08-07 14:47:04.160482	350.00	1	0	worker_uploads/11852 61st St N/11852_roof_repai.docx	0.00	9	24	No notes...	
285	2400.00	2018-08-08 11:28:41.297133	2400.00	1	0	worker_uploads/414 Griswold Dr/Invoice_Griswold.pdf	0.00	34	27	No notes...	
286	175.00	2018-08-08 14:55:24.574143	175.00	1	0	worker_uploads/117 Waterview Way/Invoice_1913276_from_RYAN_PLUMBING_INC.pdf	0.00	9	26	No notes...	
287	300.00	2018-08-08 21:37:12.002858	300.00	1	0	worker_uploads/414 Griswold Dr/Invoice_1056_from_MA_Inc.pdf	0.00	18	27	No notes...	
288	300.00	2018-08-08 21:37:37.53979	0.00	0	1	worker_uploads/117 Waterview Way/Invoice_1055_from_MA_Inc.pdf	300.00	18	26	No notes...	
289	1012.42	2018-08-08 22:27:04.719754	1012.42	1	0	worker_uploads/8944 Escondido Way/Invoice_1054_from_MA_Inc.pdf	0.00	18	32	No notes...	
290	300.00	2018-08-08 23:41:58.933916	300.00	1	0	worker_uploads/1133 Benoist Farms Road/Invoice_21302_sanatation_mold.pdf	0.00	9	13	No notes...	
291	638.00	2018-08-09 00:03:14.292313	638.00	1	0	worker_uploads/117 Waterview Way/Invoice_1055_from_MA_Inc_rbbEK2F.pdf	0.00	18	26	No notes...	
292	650.00	2018-08-09 01:06:57.653255	650.00	1	0	worker_uploads/13377 Doubletree Circle/invoice_1057_from_MA_Inc.pdf	0.00	18	9	No notes...	
293	750.00	2018-08-10 00:54:03.478386	750.00	1	0	worker_uploads/10861 Southeast Arielle Terrace/Samjack.docx	0.00	45	5	No notes...	
294	230.00	2018-08-12 18:47:58.396983	230.00	1	0	worker_uploads/8944 Escondido Way/invoice87_ajoP3J8.pdf	0.00	12	32	No notes...	
295	370.00	2018-08-12 18:48:28.023081	370.00	1	0	worker_uploads/157 Gregory Place/invoice94.pdf	0.00	12	7	No notes...	
296	600.00	2018-08-12 18:49:06.776799	600.00	1	0	worker_uploads/13377 Doubletree Circle/invoice95.pdf	0.00	12	9	No notes...	
297	3180.00	2018-08-14 19:47:11.559128	3180.00	1	0	worker_uploads/13377 Doubletree Circle/1983_13377_Double_Tree_Cir_Wellington_ah_install.pdf	0.00	40	9	No notes...	
298	1610.00	2018-08-14 20:28:36.450922	1610.00	1	0	worker_uploads/6924 Camille Street/1961_6924_Camille_St_Boyton_bch_install.pdf	0.00	40	22	No notes...	
299	1912.32	2018-08-15 21:10:07.866284	1912.32	1	0	worker_uploads/11852 61st St N/invoice_1061_from_MA_Inc.pdf	0.00	18	24	No notes...	
300	1467.54	2018-08-15 21:11:02.874291	1467.54	1	0	worker_uploads/11852 61st St N/invoice_1058_from_MA_Inc.pdf	0.00	18	24	No notes...	
301	300.00	2018-08-15 21:19:34.957717	300.00	1	0	worker_uploads/13377 Doubletree Circle/invoice_1059_from_MA_Inc.pdf	0.00	18	9	No notes...	
302	210.00	2018-08-15 21:43:26.996894	210.00	1	0	worker_uploads/117 Waterview Way/117_-_Sprinklers_-Eric.pdf	0.00	9	26	No notes...	
303	4130.89	2018-08-15 22:21:42.922679	4130.89	1	0	worker_uploads/441 W 35th Street/Invoice_1062_from_MA_Inc.pdf	0.00	18	32	No notes...	
304	944.79	2018-08-15 23:19:49.997631	944.79	1	0	worker_uploads/4590 Orchid Drive/4590_ORCHID_POOL_REPAIR.pdf	0.00	9	29	No notes...	
305	1000.00	2018-08-15 23:57:15.18327	0.00	0	0	worker_uploads/441 W 35th Street/Invoice_1064_from_MA_Inc.pdf	1000.00	18	21	No notes...	
306	1800.00	2018-08-22 11:26:42.256014	1800.00	1	1	worker_uploads/11852 61st St N/Invoice_Cabinets_Loxahatchee.pdf	0.00	34	24	No notes...	
307	6041.43	2018-08-22 21:27:24.419681	6041.43	1	0	worker_uploads/13377 Doubletree Circle/djQ6MTIzMTQ1OTUyMTQ1NzQ0Oi90cmFuc2FjdGlvbnMvVHJhb_oXsB6QA.pdf	0.00	18	9	No notes...	
308	295.00	2018-08-22 21:28:34.470549	295.00	1	0	worker_uploads/11852 61st St N/djQ6MTIzMTQ1OTUyMTQ1NzQ0Oi90cmFuc2FjdGlvbnMvVHJhbnNhY3Rpb246_366.pdf	0.00	18	24	No notes...	
309	422.34	2018-08-22 21:29:43.042718	422.34	1	0	worker_uploads/414 Griswold Dr/djQ6MTIzMTQ1OTUyMTQ1NzQ0Oi90cmFuc2FjdGlvbnMvVHJhbnNhY3Rpb246_365.pdf	0.00	18	27	No notes...	
310	319.82	2018-08-22 21:32:10.424643	319.82	1	0	worker_uploads/8944 Escondido Way/djQ6MTIzMTQ1OTUyMTQ1NzQ0Oi90cmFuc2FjdGlvbnMvVHJhbnNhY3_Xrfkjpw.pdf	0.00	18	32	No notes...	
311	630.98	2018-08-22 21:48:56.514206	630.98	1	0	worker_uploads/441 W 35th Street/Invoice_1070_from_MA_Inc.pdf	0.00	18	21	No notes...	
312	6593.33	2018-08-22 21:49:25.949606	6593.33	1	0	worker_uploads/441 W 35th Street/Invoice_1069_from_MA_Inc.pdf	0.00	18	21	No notes...	
313	1000.00	2018-08-22 21:50:13.959429	1000.00	1	0	worker_uploads/441 W 35th Street/Invoice_1064_from_MA_Inc_T1d2HuF.pdf	0.00	18	21	No notes...	
314	120.00	2018-08-25 01:04:08.786692	120.00	1	0	worker_uploads/9070 Strandhill Way/invoice97.pdf	0.00	12	16	No notes...	
315	60.00	2018-08-25 01:04:37.094649	60.00	1	0	worker_uploads/157 Gregory Place/invoice98.pdf	0.00	12	7	No notes...	
316	60.00	2018-08-25 01:06:22.454681	60.00	1	0	worker_uploads/441 W 35th Street/invoice99.pdf	0.00	12	21	No notes...	
317	60.00	2018-08-25 01:08:07.547345	60.00	1	0	worker_uploads/414 Griswold Dr/invoice100.pdf	0.00	12	27	No notes...	
318	70.00	2018-08-25 01:10:25.206309	70.00	1	0	worker_uploads/8944 Escondido Way/invoice101.pdf	0.00	12	32	No notes...	
319	60.00	2018-08-25 01:12:37.695634	60.00	1	0	worker_uploads/10562 Wheelhouse Circle/invoice102.pdf	0.00	12	8	No notes...	
320	4458.00	2018-08-27 23:34:52.276152	0.00	0	1	worker_uploads/13377 Doubletree Circle/Quote-113377_Doubletree_Cir._Electrical_Renovation-0818.pdf	4458.00	48	9	No notes...	
321	3130.00	2018-08-27 23:39:26.96103	0.00	0	1	worker_uploads/8944 Escondido Way/Quote-8944_Escondido_Way_E._Boca_Raton_0818.pdf	3130.00	48	32	No notes...	
322	740.00	2018-08-29 13:06:46.284455	740.00	1	0	worker_uploads/8580 Tourmaline Blvd/8580_Matt_H_Invoice.pdf	0.00	9	31	No notes...	
323	300.00	2018-08-29 18:01:14.049879	0.00	0	1	worker_uploads/8944 Escondido Way/Invoice_1073_from_MA_Inc.pdf	300.00	18	32	No notes...	
324	2769.45	2018-08-29 18:02:06.617849	2769.45	1	0	worker_uploads/441 W 35th Street/Invoice_1071_from_MA_Inc.pdf	0.00	18	21	No notes...	Drywall
325	2986.86	2018-08-29 18:13:44.343139	2986.86	1	0	worker_uploads/13377 Doubletree Circle/Invoice__1186-113377_Doubletree_Cir_Wellington.pdf	0.00	48	9	No notes...	
326	77.00	2018-08-29 19:35:58.658753	77.00	1	0	worker_uploads/441 W 35th Street/Insulation_for_441_reimbursement.pdf	0.00	18	21	No notes...	
327	460.00	2018-08-29 19:42:44.485835	460.00	1	0	worker_uploads/13377 Doubletree Circle/Invoice_1072_from_MA_Inc.pdf	0.00	18	9	No notes...	
328	200.00	2018-08-29 19:48:22.745738	200.00	1	0	worker_uploads/13377 Doubletree Circle/Invoice_1075_from_MA_Inc.pdf	0.00	18	9	No notes...	
329	300.00	2018-08-29 19:49:43.990875	300.00	1	0	worker_uploads/8944 Escondido Way/Invoice_1073_from_MA_Inc_LlOM5x2.pdf	0.00	18	32	No notes...	
330	484.46	2018-08-29 21:25:35.363698	484.46	1	0	worker_uploads/6924 Camille Street/invoice_1076_from_MA_Inc.pdf	0.00	18	22	No notes...	
331	4225.52	2018-08-29 21:26:07.675503	4225.52	1	0	worker_uploads/13377 Doubletree Circle/invoice_1074_from_MA_Inc.pdf	0.00	18	9	No notes...	
332	120.00	2018-09-02 03:19:56.727973	0.00	0	1	worker_uploads/9070 Strandhill Way/invoice97_A9T8Iw3.pdf	120.00	12	16	No notes...	
333	60.00	2018-09-02 03:20:35.837503	0.00	0	1	worker_uploads/157 Gregory Place/invoice98_nE9SkXl.pdf	60.00	12	7	No notes...	
334	60.00	2018-09-02 03:21:08.45087	0.00	0	1	worker_uploads/441 W 35th Street/invoice99_7NYCTGI.pdf	60.00	12	21	No notes...	
335	60.00	2018-09-02 03:21:39.521876	0.00	0	1	worker_uploads/414 Griswold Dr/invoice100_IyHbUqA.pdf	60.00	12	27	No notes...	
336	70.00	2018-09-02 03:22:22.428541	0.00	0	1	worker_uploads/8944 Escondido Way/invoice101_targd7J.pdf	70.00	12	32	No notes...	
337	60.00	2018-09-02 03:22:49.120552	0.00	0	1	worker_uploads/10562 Wheelhouse Circle/invoice102_PXH1otN.pdf	60.00	12	8	No notes...	
338	70.00	2018-09-02 03:23:24.498611	70.00	1	1	worker_uploads/117 Waterview Way/invoice103.pdf	0.00	12	26	No notes...	
339	120.00	2018-09-02 03:23:46.288614	120.00	1	1	worker_uploads/16785 Temple Blvd/invoice104.pdf	0.00	12	12	No notes...	
340	120.00	2018-09-02 03:24:10.656218	120.00	1	1	worker_uploads/13377 Doubletree Circle/invoice105.pdf	0.00	12	9	No notes...	
341	120.00	2018-09-02 03:24:38.16973	120.00	1	1	worker_uploads/11852 61st St N/invoice106.pdf	0.00	12	24	No notes...	
342	60.00	2018-09-02 03:25:03.872653	60.00	1	1	worker_uploads/4590 Orchid Drive/invoice107.pdf	0.00	12	29	No notes...	
343	300.00	2018-09-05 22:39:07.67053	300.00	1	0	worker_uploads/11852 61st St N/Invoice_1078_from_MA_Inc.pdf	0.00	18	24	No notes...	
344	280.00	2018-09-05 22:39:54.777336	280.00	1	0	worker_uploads/6924 Camille Street/Invoice_1077_from_MA_Inc.pdf	0.00	18	22	No notes...	
345	80.00	2018-09-06 00:47:29.304277	80.00	1	0	worker_uploads/11852 61st St N/11852_61st_wpb_fl___WATER_SYSTEM__invoice21720.pdf	0.00	9	24	No notes...	
346	110.00	2018-09-06 00:48:29.167472	110.00	1	0	worker_uploads/16785 Temple Blvd/16785_temple_blvd21719WATER_SYSTEM.pdf	0.00	9	12	No notes...	
347	445.00	2018-09-06 00:56:11.942914	445.00	1	0	worker_uploads/9070 Strandhill Way/9070-Survey_deposit_recd_invoice.pdf	0.00	9	16	No notes...	
348	548.00	2018-09-07 14:07:35.916963	548.00	1	0	worker_uploads/157 Gregory Place/Invoice-157_Gregory_Pl-Electrical_Repair.pdf	0.00	48	7	No notes...	
349	85.00	2018-09-12 14:09:13.327022	85.00	1	0	worker_uploads/3916 NW Deer Oak/Invoice_-_Monthly_Service_-_3916_Nw_Deer_Oak_-_Jensen_Be_Er7Ctul.pdf	0.00	15	2	No notes...	
350	85.00	2018-09-12 14:09:52.557581	85.00	1	0	worker_uploads/10562 Wheelhouse Circle/Invoice_-_Monthly_Service_-_10562_Whellhouse_-_Bo_OF0YfJk.pdf	0.00	15	8	No notes...	
351	450.00	2018-09-12 14:10:15.09504	450.00	1	0	worker_uploads/13377 Doubletree Circle/Invoice_-_Drain_the_Pool_and_Spa_-_13377_Double_t_zj1YhWq.pdf	0.00	15	9	No notes...	
352	85.00	2018-09-12 14:10:49.205284	85.00	1	0	worker_uploads/6924 Camille Street/Invoice_-_Monthly_Service_-_6924_Camille_St_Boynton_B_F3AIylH.pdf	0.00	15	22	No notes...	
353	1421.34	2018-09-12 20:33:20.863523	1421.34	1	0	worker_uploads/13377 Doubletree Circle/djQ6MTIzMTQ1OTUyMTQ1NzQ0Oi90cmFuc2FjdGlvbnMvVHJhb_HoEVFPS.pdf	0.00	18	9	No notes...	
354	1659.72	2018-09-12 21:51:08.510503	1659.72	1	0	worker_uploads/8944 Escondido Way/Invoice_1079_from_MA_Inc.pdf	0.00	18	32	No notes...	
355	1854.16	2018-09-12 22:24:39.906295	1554.16	1	0	worker_uploads/13377 Doubletree Circle/Invoice_1081_from_MA_Inc.pdf	300.00	18	9	No notes...	
356	180.00	2018-09-13 10:42:58.532889	180.00	1	0	worker_uploads/6924 Camille Street/invoice108.pdf	0.00	12	22	No notes...	
357	7009.66	2018-09-19 02:35:22.738563	0.00	0	1	worker_uploads/13377 Doubletree Circle/2018-09-18_invoice_SamJack_Blackstone_1082.pdf	7009.66	18	9	No notes...	
358	599.73	2018-09-19 02:36:50.592929	599.73	1	0	worker_uploads/414 Griswold Dr/2018-09-18_invoice_SamJack_Blackstone_1083.pdf	0.00	18	27	No notes...	
359	125.00	2018-09-19 14:13:09.219974	0.00	0	0	worker_uploads/5033 Solar Point Drive/5033-_Specialty_Glass.pdf	125.00	9	4	No notes...	
360	454.75	2018-09-19 14:23:36.022346	454.75	1	0	worker_uploads/157 Gregory Place/157-specialty_Glass.pdf	0.00	9	7	No notes...	
361	400.00	2018-09-19 14:26:17.295087	400.00	1	0	worker_uploads/117 Waterview Way/117_Garage_door.pdf	0.00	9	26	No notes...	
366	7222.80	2018-09-20 01:14:51.109532	7222.80	1	0	worker_uploads/13377 Doubletree Circle/7222.80.pdf	0.00	18	9	No notes...	
367	3240.28	2018-09-20 01:17:19.135316	3240.28	1	0	worker_uploads/13377 Doubletree Circle/3240.28.pdf	0.00	18	9	No notes...	
368	303.82	2018-09-20 01:18:49.073887	303.82	1	0	worker_uploads/11852 61st St N/djQ6MTIzMTQ1OTUyMTQ1NzQ0Oi90cmFuc2FjdGlvbnMvVHJhbnNhY3Rpb246-467.pdf	0.00	18	24	No notes...	
369	540.48	2018-09-20 01:20:40.455445	0.00	0	1	worker_uploads/13377 Doubletree Circle/540.48.pdf	540.48	18	9	No notes...	
370	3897.24	2018-09-20 01:22:43.52047	3897.24	1	0	worker_uploads/8944 Escondido Way/3897.24.pdf	0.00	18	32	No notes...	
371	301.78	2018-09-20 01:40:23.098986	301.78	1	0	worker_uploads/13377 Doubletree Circle/955jNx-djQ6MTIzMTQ1OTUyMTQ1NzQ0Oi90cmFuc2FjdGlvbn_B2kk2QB.pdf	0.00	18	9	No notes...	
372	700.00	2018-09-26 14:22:07.119685	700.00	1	0	worker_uploads/11852 61st St N/Invoice_Loxahatchee_Garage.pdf	0.00	34	24	No notes...	
373	422.34	2018-09-26 22:30:09.690784	422.34	1	0	worker_uploads/16785 Temple Blvd/2018-09-26_invoice_SamJack_Blackstone_1091.pdf	0.00	18	12	No notes...	
374	1462.68	2018-09-26 22:38:04.166514	1462.68	1	0	worker_uploads/8944 Escondido Way/2018-09-26_invoice_SamJack_Blackstone_1092.pdf	0.00	18	9	No notes...	
375	4306.11	2018-09-26 22:43:37.3501	4306.11	1	0	worker_uploads/8944 Escondido Way/2018-09-25_invoice_SamJack_Blackstone_1089.pdf	0.00	18	32	No notes...	
376	2145.83	2018-09-26 22:51:24.658816	2145.83	1	0	worker_uploads/13377 Doubletree Circle/2018-09-25_invoice_SamJack_Blackstone_1088.pdf	0.00	18	9	No notes...	
377	1386.11	2018-09-26 22:55:34.930916	1386.11	1	0	worker_uploads/13377 Doubletree Circle/2018-09-26_invoice_SamJack_Blackstone_1090.pdf	0.00	18	9	No notes...	
378	175.00	2018-09-27 20:19:54.05919	175.00	1	0	worker_uploads/6924 Camille Street/Invoice-6924_Camille_St..pdf	0.00	48	22	No notes...	
379	1200.00	2018-09-27 20:20:34.598071	0.00	0	1	worker_uploads/8944 Escondido Way/Invoice-8944_Escondido_Way_E._Boca_Raton-Application_1.pdf	1200.00	48	32	No notes...	
380	100.00	2018-09-28 14:42:11.346861	100.00	1	0	worker_uploads/10861 Southeast Arielle Terrace/2058_10861_SE_Arielle_Ter_Tequesta_inspct.pdf	0.00	40	5	No notes...	
381	129.00	2018-09-28 14:53:14.509312	129.00	1	0	worker_uploads/4590 Orchid Drive/2059_4590_Orchid_St_Tequesta_PM.pdf	0.00	40	29	No notes...	
382	129.00	2018-09-28 14:58:01.226746	129.00	1	0	worker_uploads/157 Gregory Place/2060_157_Gregory_Pl_Delary_PM.pdf	0.00	40	7	No notes...	
383	434.56	2018-09-30 01:54:52.537358	0.00	0	1	worker_uploads/414 Griswold Dr/SOW-RP-13377.doc.pdf	434.56	9	27	No notes...	
384	300.00	2018-09-30 22:52:31.078227	300.00	1	0	worker_uploads/8580 Tourmaline Blvd/invoice110.pdf	0.00	12	31	No notes...	
385	200.00	2018-09-30 22:52:52.643126	200.00	1	0	worker_uploads/13377 Doubletree Circle/invoice111.pdf	0.00	12	9	No notes...	
386	120.00	2018-09-30 22:53:20.917669	120.00	1	0	worker_uploads/9070 Strandhill Way/invoice112.pdf	0.00	12	16	No notes...	
387	60.00	2018-09-30 22:53:43.047131	60.00	1	0	worker_uploads/441 W 35th Street/invoice113.pdf	0.00	12	21	No notes...	
388	60.00	2018-09-30 22:54:02.584152	60.00	1	0	worker_uploads/157 Gregory Place/invoice114.pdf	0.00	12	7	No notes...	
389	60.00	2018-09-30 22:54:12.84281	60.00	1	1	worker_uploads/157 Gregory Place/invoice114_6S5juVN.pdf	0.00	12	7	No notes...	
390	60.00	2018-09-30 22:54:34.384049	60.00	1	0	worker_uploads/414 Griswold Dr/invoice115.pdf	0.00	12	27	No notes...	
391	70.00	2018-09-30 22:55:50.344839	70.00	1	0	worker_uploads/8944 Escondido Way/invoice116.pdf	0.00	12	32	No notes...	
392	60.00	2018-09-30 22:56:08.818528	60.00	1	1	worker_uploads/10562 Wheelhouse Circle/invoice117.pdf	0.00	12	8	No notes...	
393	120.00	2018-09-30 22:56:35.416708	120.00	1	1	worker_uploads/13377 Doubletree Circle/invoice118.pdf	0.00	12	9	No notes...	
394	120.00	2018-09-30 22:56:56.826495	120.00	1	1	worker_uploads/16785 Temple Blvd/invoice119.pdf	0.00	12	12	No notes...	
395	120.00	2018-09-30 22:57:14.078612	120.00	1	0	worker_uploads/11852 61st St N/invoice120.pdf	0.00	12	24	No notes...	
396	70.00	2018-09-30 22:57:32.926672	70.00	1	0	worker_uploads/117 Waterview Way/invoice121.pdf	0.00	12	26	No notes...	
397	60.00	2018-09-30 22:57:53.984724	60.00	1	0	worker_uploads/4590 Orchid Drive/invoice122.pdf	0.00	12	29	No notes...	
398	7500.00	2018-10-01 15:31:43.393963	0.00	0	1	worker_uploads/13377 Doubletree Circle/e14f1abf-ccef-4ab4-8913-d4f1ea08a53c.pdf	7500.00	50	9	No notes...	
399	285.00	2018-10-02 15:12:38.252581	0.00	0	1	worker_uploads/6924 Camille Street/2065_6924_Camille_boyton_rtn_box.pdf	285.00	40	22	No notes...	
400	85.00	2018-10-02 15:55:06.754189	85.00	1	0	worker_uploads/10562 Wheelhouse Circle/Invoice_-_Monthly_Service_-_10562_Whellhouse_-_Bo_6L1cHs2.pdf	0.00	15	8	No notes...	
401	85.00	2018-10-02 15:55:40.395575	85.00	1	0	worker_uploads/6924 Camille Street/Invoice_-_Monthly_Service_-_6924_Camille_St_Boynton_B_SEySdOP.pdf	0.00	15	22	No notes...	
402	85.00	2018-10-02 15:55:56.840186	85.00	1	0	worker_uploads/3916 NW Deer Oak/Invoice_-_Monthly_Service_-_3916_Nw_Deer_Oak_-_Jensen_Be_ZN0Bj8A.pdf	0.00	15	2	No notes...	
403	1400.00	2018-10-03 12:16:46.598105	1400.00	1	0	worker_uploads/8944 Escondido Way/Invoice_Escondido.pdf	0.00	34	32	No notes...	
404	244.32	2018-10-03 23:45:50.220204	244.32	1	0	worker_uploads/8944 Escondido Way/invoice_1096_from_MA_Inc.pdf	0.00	18	32	No notes...	
405	3844.98	2018-10-03 23:47:40.608102	3844.98	1	0	worker_uploads/13377 Doubletree Circle/958092100ef245e59c15dc409c14f09d93cc95c27f854ab0a_o96HcxP.pdf	0.00	18	9	No notes...	
406	2338.13	2018-10-03 23:49:26.072269	2338.13	1	0	worker_uploads/13377 Doubletree Circle/invoice_1094_from_MA_Inc.pdf	0.00	18	9	No notes...	
407	365.67	2018-10-03 23:50:49.087258	365.67	1	0	worker_uploads/414 Griswold Dr/220a5875dc564930b24be75ed6039fa880a9f5d31ab9409c8f7ce61e3_14isAwN.pdf	0.00	18	27	No notes...	
408	85.00	2018-10-04 14:45:38.744458	0.00	0	1	worker_uploads/10562 Wheelhouse Circle/Invoice_-_Monthly_Service_-_10562_Whellhouse_-_Bo_XSxqK0h.pdf	85.00	15	8	No notes...	
409	353.56	2018-10-09 17:55:41.248346	0.00	0	1	worker_uploads/13377 Doubletree Circle/normal_1422943403-6.PNG	353.56	9	9	No notes...	
410	1612.45	2018-10-10 21:28:24.091021	0.00	0	1	worker_uploads/6924 Camille Street/Invoice_1099_from_MA_Inc.pdf	1612.45	18	22	No notes...	
411	1686.56	2018-10-10 21:29:50.652809	1686.56	1	0	worker_uploads/13377 Doubletree Circle/Invoice_1100_from_MA_Inc.pdf	0.00	18	9	No notes...	
412	3896.87	2018-10-10 21:30:22.584621	0.00	0	1	worker_uploads/13377 Doubletree Circle/Invoice_1097_from_MA_Inc.pdf	3896.87	18	9	No notes...	
413	3896.87	2018-10-10 21:47:59.888069	0.00	0	1	worker_uploads/13377 Doubletree Circle/Invoice_1100_from_MA_Inc_qeuOQql.pdf	3896.87	18	9	No notes...	
414	3867.73	2018-10-10 22:33:21.091777	3867.73	1	0	worker_uploads/441 W 35th Street/Invoice_1098_from_MA_Inc.pdf	0.00	18	21	No notes...	
415	1612.45	2018-10-10 22:48:36.15518	1612.45	1	0	worker_uploads/11852 61st St N/Invoice_1099_from_MA_Inc.pdf	0.00	18	24	No notes...	
416	3896.87	2018-10-10 22:59:21.788198	0.00	0	1	worker_uploads/13377 Doubletree Circle/Invoice_1097_from_MA_Inc_Ychj1CB.pdf	3896.87	18	9	No notes...	
417	2901.99	2018-10-10 23:03:56.862864	0.00	0	1	worker_uploads/8944 Escondido Way/PNG_image_2.png	2901.99	18	32	No notes...	
418	3896.87	2018-10-10 23:05:59.361938	0.00	0	1	worker_uploads/13377 Doubletree Circle/Invoice_1097_from_MA_Inc_UxbOTtX.pdf	3896.87	18	9	No notes...	
419	3896.87	2018-10-10 23:09:29.012116	0.00	0	1	worker_uploads/13377 Doubletree Circle/Invoice_1097_from_MA_Inc_sbooJXV.pdf	3896.87	18	9	No notes...	
420	3896.87	2018-10-10 23:10:58.891544	3896.87	1	0	worker_uploads/13377 Doubletree Circle/2018-10-09_invoice_SamJack_Blackstone_1097.pdf	0.00	18	9	No notes...	
421	350.00	2018-10-10 23:12:50.188706	350.00	1	0	worker_uploads/13377 Doubletree Circle/13377_DoubleTree_Wellington-Roof_Leak.docx	0.00	9	9	No notes...	
422	400.00	2018-10-10 23:14:09.431212	400.00	1	0	worker_uploads/16785 Temple Blvd/Temple_Boulevard_Loxahatchee_Florida-roof.docx	0.00	9	12	No notes...	
423	60.00	2018-10-11 02:27:45.30576	0.00	0	1	worker_uploads/10562 Wheelhouse Circle/invoice124.pdf	60.00	12	8	No notes...	
424	200.00	2018-10-11 02:28:19.835179	200.00	1	0	worker_uploads/13377 Doubletree Circle/invoice125.pdf	0.00	12	9	No notes...	
425	350.00	2018-10-11 15:06:30.261385	0.00	0	0	worker_uploads/6924 Camille Street/Invoice_-_Take_out_Heater_-_6924_Camille_St_Boynton_Beach.pdf	350.00	15	22	No notes...	
426	200.22	2018-10-14 01:28:00.192919	0.00	0	1	worker_uploads/10861 Southeast Arielle Terrace/normal_1422943403-6.PNG	200.22	18	5	No notes...	
428	800.00	2018-10-17 12:13:13.027949	800.00	1	0	worker_uploads/8944 Escondido Way/Invoice_Remaining_Escondido.pdf	0.00	34	32	No notes...	
429	1562.83	2018-10-17 15:40:48.44821	1562.63	1	1	worker_uploads/8944 Escondido Way/Invoice_1102_from_MA_Inc.pdf	0.20	18	32	It was originally $1,562.63 but Negar gave us 20 more cents, so we got paid $1,562.83.	
430	1558.75	2018-10-17 15:41:54.40276	1558.75	1	0	worker_uploads/13377 Doubletree Circle/Invoice_1101_from_MA_Inc.pdf	0.00	18	9	No notes...	
431	3290.00	2018-10-17 18:23:28.809787	0.00	0	1	worker_uploads/8944 Escondido Way/2078_8944_Escondido_Way_Boca_Install.pdf	3290.00	40	32	No notes...	
432	1010.51	2018-10-17 20:39:26.442299	1010.51	1	0	worker_uploads/16785 Temple Blvd/Invoice_1103_from_MA_Inc.pdf	0.00	18	12	No notes...	
433	18321.00	2018-10-17 22:38:30.603004	0.00	0	1	worker_uploads/13377 Doubletree Circle/Estimate_1934_from_Pool_Service_Plus_Inc.pdf	18321.00	9	9	No notes...	
434	95.00	2018-10-17 22:40:17.773861	0.00	0	1	worker_uploads/8580 Tourmaline Blvd/Invoice_4365_from_ACE_SECURITY_LOCKSMITH.pdf	95.00	9	31	No notes...	
435	95.00	2018-10-17 22:41:21.278817	95.00	1	0	worker_uploads/4680 NE Sandpebble Trace/Invoice_4365_from_ACE_SECURITY_LOCKSMITH.pdf	0.00	9	14	No notes...	
436	187.57	2018-10-17 22:41:47.031346	187.57	1	0	worker_uploads/8580 Tourmaline Blvd/Invoice_4374_from_ACE_SECURITY_LOCKSMITH.pdf	0.00	9	31	No notes...	
437	300.00	2018-10-17 22:42:44.500818	300.00	1	0	worker_uploads/414 Griswold Dr/Invoice.pdf	0.00	9	27	No notes...	
438	130.00	2018-10-17 22:47:51.840798	130.00	1	0	worker_uploads/157 Gregory Place/Invoice_157_Gregory_Place_from_RYAN_PLUMBING_INC.pdf	0.00	9	7	No notes...	
439	140.00	2018-10-17 22:48:42.792115	140.00	1	0	worker_uploads/414 Griswold Dr/Invoice_0022117_from_RYAN_PLUMBING_INC.pdf	0.00	9	27	No notes...	
440	570.00	2018-10-17 22:49:08.333122	570.00	1	0	worker_uploads/6924 Camille Street/Invoice_2182277011934_from_RYAN_PLUMBING_INC.pdf	0.00	9	22	No notes...	
441	225.00	2018-10-17 22:49:38.823658	225.00	1	0	worker_uploads/6924 Camille Street/Invoice_0054998_from_RYAN_PLUMBING_INC.pdf	0.00	9	22	No notes...	
442	1645.00	2018-10-17 23:03:37.166358	1645.00	1	0	worker_uploads/8944 Escondido Way/8944-ESCONDIDO_AIR_CONDITION_.pdf	0.00	9	32	No notes...	
443	3665.00	2018-10-17 23:09:37.476528	3665.00	1	0	worker_uploads/13377 Doubletree Circle/13377-POOL_RESURF-PAVERS-POOL_COPING-20_PERCENT.pdf	0.00	9	9	No notes...	
444	5496.00	2018-10-17 23:11:01.116627	5496.00	1	0	worker_uploads/13377 Doubletree Circle/13377-POOL_RESURF-PAVERS-POOL_COPING-30_PERCENT.pdf	0.00	9	9	No notes...	
445	2000.00	2018-10-24 03:08:53.875707	2000.00	1	0	worker_uploads/8580 Tourmaline Blvd/Invoice_Tourmaline_Deposit.pdf	0.00	34	31	No notes...	
446	1645.00	2018-10-24 18:26:42.316785	1645.00	1	0	worker_uploads/8944 Escondido Way/2078_8944_Escondido_Way_Boca_Install_-_Balance.pdf	0.00	40	32	No notes...	
447	2330.78	2018-10-24 19:23:47.021237	2330.78	1	0	worker_uploads/441 W 35th Street/Invoice_1106_from_MA_Inc.pdf	0.00	18	21	No notes...	
448	2683.60	2018-10-24 19:24:34.582037	2683.60	1	0	worker_uploads/13377 Doubletree Circle/Invoice_1105_from_MA_Inc.pdf	0.00	18	9	No notes...	
449	1263.82	2018-10-24 19:25:03.371898	1263.82	1	0	worker_uploads/8944 Escondido Way/Invoice_1108_from_MA_Inc.pdf	0.00	18	32	No notes...	
450	2602.37	2018-10-24 19:25:50.919467	2602.37	1	0	worker_uploads/8944 Escondido Way/Invoice_1104_from_MA_Inc.pdf	0.00	18	32	No notes...	
451	1867.42	2018-10-24 19:26:36.57735	1867.42	1	0	worker_uploads/8944 Escondido Way/Invoice_1107_from_MA_Inc.pdf	0.00	18	32	No notes...	
452	300.00	2018-10-24 19:28:28.699126	300.00	1	0	worker_uploads/8944 Escondido Way/Invoice_1109_from_MA_Inc.pdf	0.00	18	32	No notes...	
454	17490.00	2018-10-24 21:59:05.262917	17490.00	1	0	worker_uploads/4590 Orchid Drive/Alan_Mashraghi_Sam_Jack_Blackstone_Jupiter_Estimate_Red_JAydodH.pdf	0.00	9	29	No notes...	
455	139.87	2018-10-24 22:07:49.411393	139.87	1	0	worker_uploads/8580 Tourmaline Blvd/Invoice_4427_from_ACE_SECURITY_LOCKSMITH-glued_lock_.pdf	0.00	9	31	No notes...	
456	310.00	2018-10-24 22:22:50.925688	310.00	1	1	worker_uploads/6924 Camille Street/Invoice_011769_from_RYAN_PLUMBING_INC.pdf	0.00	9	22	No notes...	
457	95.00	2018-10-24 22:39:41.012022	0.00	0	1	worker_uploads/4680 NE Sandpebble Trace/Invoice_4365_from_ACE_SECURITY_LOCKSMITH23435.pdf	95.00	9	14	No notes...	
458	40.00	2018-10-26 02:16:03.976841	40.00	1	0	worker_uploads/10475 Galleria Street/invoice126.pdf	0.00	12	23	No notes...	
459	60.00	2018-10-26 02:16:29.551752	60.00	1	0	worker_uploads/8580 Tourmaline Blvd/invoice127.pdf	0.00	12	31	No notes...	
460	60.00	2018-10-26 02:16:50.827697	60.00	1	0	worker_uploads/10562 Wheelhouse Circle/invoice128.pdf	0.00	12	8	No notes...	
461	60.00	2018-10-26 02:17:14.508137	60.00	1	0	worker_uploads/4590 Orchid Drive/invoice129.pdf	0.00	12	29	No notes...	
462	70.00	2018-10-26 02:17:34.526775	70.00	1	0	worker_uploads/117 Waterview Way/invoice130.pdf	0.00	12	26	No notes...	
463	120.00	2018-10-26 02:17:59.124597	120.00	1	0	worker_uploads/16785 Temple Blvd/invoice131.pdf	0.00	12	12	No notes...	
464	120.00	2018-10-26 02:18:15.194748	120.00	1	0	worker_uploads/13377 Doubletree Circle/invoice132.pdf	0.00	12	9	No notes...	
465	120.00	2018-10-26 02:18:47.051642	120.00	1	0	worker_uploads/11852 61st St N/invoice133.pdf	0.00	12	24	No notes...	
466	120.00	2018-10-26 02:19:07.411929	120.00	1	0	worker_uploads/9070 Strandhill Way/invoice134.pdf	0.00	12	16	No notes...	
467	60.00	2018-10-26 02:20:56.389752	60.00	1	0	worker_uploads/441 W 35th Street/invoice136.pdf	0.00	12	21	No notes...	
468	60.00	2018-10-26 02:21:17.303963	60.00	1	0	worker_uploads/414 Griswold Dr/invoice137.pdf	0.00	12	27	No notes...	
469	70.00	2018-10-26 02:21:45.962857	70.00	1	0	worker_uploads/8944 Escondido Way/invoice138.pdf	0.00	12	32	No notes...	
470	60.00	2018-10-26 02:22:30.816946	0.00	0	1	worker_uploads/22852 Marbella Cir/invoice135.pdf	60.00	12	7	No notes...	
471	300.00	2018-10-26 02:57:39.792113	0.00	0	1	worker_uploads/3916 NW Deer Oak/0f7edce904654be5ad0b162d611b59a7d213afa8d4454e95a7242b78_3CTiu7c.pdf	300.00	9	2	No notes...	
472	500.00	2018-10-29 01:17:39.39131	0.00	0	1	worker_uploads/3916 NW Deer Oak/Copy_of_AMG_Property_Solutions_Logo-Blue.png	500.00	9	2	No notes...	
473	300.00	2018-10-29 19:11:11.780534	300.00	1	0	worker_uploads/22852 Marbella Cir/Marbella_now.docx	0.00	55	1	No notes...	Drywall
474	1600.00	2018-10-31 12:49:00.413922	1600.00	1	0	worker_uploads/8580 Tourmaline Blvd/Remaining_Balance_Tourmaline.pdf	0.00	34	31	No notes...	
475	363.82	2018-10-31 20:36:26.850062	363.82	1	0	worker_uploads/4680 NE Sandpebble Trace/Invoice_1117_from_MA_Inc.pdf	0.00	18	14	No notes...	
476	921.13	2018-10-31 20:37:38.632923	921.13	1	0	worker_uploads/8944 Escondido Way/Invoice_1116_from_MA_Inc.pdf	0.00	18	32	No notes...	
477	452.33	2018-10-31 20:38:49.827343	452.33	1	0	worker_uploads/13377 Doubletree Circle/Invoice_1114_from_MA_Inc.pdf	0.00	18	9	No notes...	
478	6261.76	2018-10-31 20:39:48.845786	6261.76	1	0	worker_uploads/13377 Doubletree Circle/Invoice_1110_from_MA_Inc.pdf	0.00	18	9	No notes...	
479	2106.37	2018-10-31 20:40:32.153976	2106.37	1	0	worker_uploads/8944 Escondido Way/Invoice_1115_from_MA_Inc.pdf	0.00	18	32	No notes...	
480	1553.85	2018-10-31 20:41:19.438988	1553.85	1	0	worker_uploads/441 W 35th Street/Invoice_1112_from_MA_Inc.pdf	0.00	18	21	No notes...	
481	1043.74	2018-10-31 20:42:28.941247	1043.74	1	0	worker_uploads/8944 Escondido Way/Invoice_1113_from_MA_Inc.pdf	0.00	18	32	No notes...	
482	300.00	2018-10-31 20:43:19.407237	300.00	1	0	worker_uploads/11852 61st St N/Invoice_1111_from_MA_Inc.pdf	0.00	18	24	No notes...	
483	85.00	2018-11-07 13:53:17.038946	85.00	1	0	worker_uploads/10562 Wheelhouse Circle/Invoice_-_Monthly_Service_-_10562_Whellhouse_-_Bo_hEjqFoU.pdf	0.00	15	8	No notes...	
484	85.00	2018-11-07 13:55:14.555168	85.00	1	0	worker_uploads/3916 NW Deer Oak/Invoice_-_Monthly_Service_-_3916_Nw_Deer_Oak_-_Jensen_Be_bcPBGGD.pdf	0.00	15	2	No notes...	
485	2104.33	2018-11-07 21:03:06.368585	0.00	0	1	worker_uploads/441 W 35th Street/Invoice_1119_from_MA_Inc.pdf	2104.33	18	21	No notes...	
486	2104.33	2018-11-07 21:04:54.760936	2104.33	1	0	worker_uploads/13377 Doubletree Circle/Invoice_1119_from_MA_Inc.pdf	0.00	18	9	No notes...	
487	2174.22	2018-11-07 21:05:49.034155	2174.22	1	0	worker_uploads/441 W 35th Street/Invoice_1120_from_MA_Inc.pdf	0.00	18	21	No notes...	
488	3884.64	2018-11-07 21:10:54.797332	3884.64	1	0	worker_uploads/441 W 35th Street/Invoice_1118_from_MA_Inc.pdf	0.00	18	21	No notes...	
489	400.00	2018-11-08 12:51:47.73208	400.00	1	0	worker_uploads/8944 Escondido Way/Escondido_Repaint_Back.pdf	0.00	34	32	No notes...	
490	139.87	2018-11-09 23:56:24.884525	139.87	1	0	worker_uploads/8944 Escondido Way/c87993aa959945f4994e958d6ba3e4a72fdc75ad8fad43bba668ac_2Xbhb9O.pdf	0.00	9	32	No notes...	
491	350.00	2018-11-10 01:31:11.832293	350.00	1	0	worker_uploads/6924 Camille Street/Invoice_-_Take_out_Heater_-_6924_Camille_St_Boynton_B_o1pkDAc.pdf	0.00	9	22	No notes...	
492	85.00	2018-11-10 01:31:43.190134	85.00	1	0	worker_uploads/6924 Camille Street/Invoice_-_Monthly_Service_-_6924_Camille_St_Boynton_B_9Jow6wE.pdf	0.00	9	22	No notes...	
493	1437.42	2018-11-14 17:56:43.774941	1437.42	1	0	worker_uploads/13377 Doubletree Circle/Invoice_1125_from_MA_Inc.pdf	0.00	18	9	No notes...	
494	1532.47	2018-11-14 17:57:50.84838	1532.47	1	0	worker_uploads/13377 Doubletree Circle/Invoice_1123_from_MA_Inc.pdf	0.00	18	9	No notes...	
495	1887.63	2018-11-14 17:59:47.158965	1887.63	1	0	worker_uploads/13377 Doubletree Circle/Invoice_1124_from_MA_Inc.pdf	0.00	18	9	No notes...	
496	2160.95	2018-11-14 18:01:25.84556	2160.95	1	0	worker_uploads/441 W 35th Street/Invoice_1121_from_MA_Inc.pdf	0.00	18	21	No notes...	
497	622.37	2018-11-14 18:02:24.947556	622.37	1	0	worker_uploads/11852 61st St N/Invoice_1122_from_MA_Inc.pdf	0.00	18	24	No notes...	
498	475.00	2018-11-14 18:04:10.541205	475.00	1	1	worker_uploads/11852 61st St N/Invoice_0059987_from_Ryan_Plumbing_Inc.pdf	0.00	9	24	No notes...	
499	2150.00	2018-11-14 18:07:27.336219	2200.00	1	0	worker_uploads/8944 Escondido Way/4c0e082d9ed1445698648b884cd494c84baf3278a73941e09250a2_jaRYLyV.pdf	-50.00	9	32	No notes...	
500	1845.00	2018-11-15 11:28:00.468599	1845.00	1	0	worker_uploads/10861 Southeast Arielle Terrace/10861_SE_Arielle_Tequesta_5_ton_Goodman_1_HTLQ0VB.pdf	0.00	9	5	No notes...	
501	3690.00	2018-11-16 14:44:35.73981	1845.00	0	1	worker_uploads/10861 Southeast Arielle Terrace/10861_SE_Arielle_Tequesta_5_ton_Goodman_1_oVcqvUH.pdf	1845.00	9	5	No notes...	
502	312.17	2018-11-19 23:52:39.02681	312.17	1	0	worker_uploads/11852 61st St N/Invoice_1127_from_MA_Inc.pdf	0.00	18	24	No notes...	
503	842.54	2018-11-19 23:53:15.15486	842.54	1	0	worker_uploads/8944 Escondido Way/Invoice_1126_from_MA_Inc.pdf	0.00	18	32	No notes...	
504	30337.00	2018-11-20 03:56:07.765013	18241.25	1	0	worker_uploads/15630 Bent Creek/Mashragi_15630_Bent_Creek_Wellington_Tile.doc	12095.75	9	33	No more checks until delivery of the tiles\r\n\r\nYou paid $7,830.00 + $2,610.00\r\n\r\nThey are requesting a check for $10,675.75 on 3/5/2019	Roofing
505	314.78	2018-11-20 16:17:51.679868	314.78	1	0	worker_uploads/4590 Orchid Drive/Invoice_1128_from_MA_Inc.pdf	0.00	18	29	No notes...	
507	300.00	2018-11-24 17:35:39.204343	0.00	0	1	worker_uploads/16785 Temple Blvd/demo.zip	300.00	9	12	No notes...	
508	455.00	2018-11-28 17:29:27.689222	455.00	1	0	worker_uploads/3916 NW Deer Oak/invoice_3916_NW_Deer_Oak_Dr_from_Ryan_Plumbing_Inc.pdf	0.00	43	2	No notes...	
509	425.00	2018-11-28 17:32:28.812053	425.00	1	0	worker_uploads/16785 Temple Blvd/Temple_loxahatchee.docx	0.00	55	12	No notes...	
510	495.00	2018-11-28 17:42:43.158199	495.00	1	0	worker_uploads/11852 61st St N/Invoice_1208_from_Exclusive_Electric_Service_Inc.pdf	0.00	48	24	No notes...	
511	393.00	2018-11-28 17:56:07.371633	393.00	1	0	worker_uploads/3916 NW Deer Oak/Invoice_1209_from_Exclusive_Electric_Service_Inc.pdf	0.00	48	2	No notes...	
512	890.00	2018-11-28 22:35:33.606432	0.00	0	1	worker_uploads/13377 Doubletree Circle/Invoice_18153_from_Pool_Service_Plus_Inc.pdf	890.00	9	9	No notes...	
513	1123.47	2018-11-29 01:00:52.520864	1123.47	1	0	worker_uploads/441 W 35th Street/Invoice_1131_from_MA_Inc.pdf	0.00	18	21	No notes...	
514	1653.33	2018-11-29 01:01:47.74178	1653.33	1	0	worker_uploads/8944 Escondido Way/Invoice_1130_from_MA_Inc.pdf	0.00	18	32	No notes...	
515	1682.27	2018-11-29 01:02:39.504519	1682.27	1	0	worker_uploads/441 W 35th Street/Invoice_1129_from_MA_Inc.pdf	0.00	18	21	No notes...	
516	890.00	2018-11-29 01:15:54.696718	890.00	1	0	worker_uploads/13377 Doubletree Circle/Invoice_18153_from_Pool_Service_Plus_Inc_LuVvg9F.pdf	0.00	9	9	No notes...	
517	1210.79	2018-11-29 01:59:24.128717	1210.79	1	0	worker_uploads/4590 Orchid Drive/Invoice_1132_from_MA_Inc.pdf	0.00	18	29	No notes...	
518	40.00	2018-12-02 22:47:47.58864	40.00	1	0	worker_uploads/10475 Galleria Street/invoice140.pdf	0.00	12	23	No notes...	Landscaping
519	60.00	2018-12-02 22:48:38.815922	60.00	1	0	worker_uploads/8580 Tourmaline Blvd/invoice141.pdf	0.00	12	31	No notes...	
520	60.00	2018-12-02 22:49:04.725913	60.00	1	0	worker_uploads/10562 Wheelhouse Circle/invoice142.pdf	0.00	12	8	No notes...	
521	60.00	2018-12-02 22:49:38.606522	60.00	1	0	worker_uploads/4590 Orchid Drive/invoice143.pdf	0.00	12	29	No notes...	
522	70.00	2018-12-02 22:50:05.024121	70.00	1	0	worker_uploads/117 Waterview Way/invoice144.pdf	0.00	12	26	No notes...	
523	120.00	2018-12-02 22:50:34.631308	120.00	1	0	worker_uploads/16785 Temple Blvd/invoice145.pdf	0.00	12	12	No notes...	
524	120.00	2018-12-02 22:51:40.189337	120.00	1	0	worker_uploads/13377 Doubletree Circle/invoice146.pdf	0.00	12	9	No notes...	
525	120.00	2018-12-02 22:53:05.935806	120.00	1	0	worker_uploads/11852 61st St N/invoice147.pdf	0.00	12	24	No notes...	
526	120.00	2018-12-02 22:53:31.754865	120.00	1	0	worker_uploads/9070 Strandhill Way/invoice148.pdf	0.00	12	16	No notes...	
527	60.00	2018-12-02 22:54:20.538654	60.00	1	0	worker_uploads/441 W 35th Street/invoice150.pdf	0.00	12	21	No notes...	
528	60.00	2018-12-02 22:54:51.332988	60.00	1	0	worker_uploads/414 Griswold Dr/invoice151.pdf	0.00	12	27	No notes...	
529	70.00	2018-12-02 22:55:13.51419	70.00	1	0	worker_uploads/8944 Escondido Way/invoice152.pdf	0.00	12	32	No notes...	Landscaping
530	0.00	2018-12-04 01:20:48.322192	0.00	0	1	worker_uploads/13377 Doubletree Circle/13377-POOL_RESURF-PAVERS-POOL_COPING-20_PERCENT_oPJhhKh.pdf	0.00	9	9	No notes...	
531	3664.20	2018-12-04 01:21:56.715202	0.00	0	1	worker_uploads/13377 Doubletree Circle/13377-for_2nd_20-_3664_Pool_Service_Plus_Inc.pdf	3664.20	9	9	No notes...	
532	85.00	2018-12-05 03:39:31.942942	85.00	1	0	worker_uploads/10562 Wheelhouse Circle/Invoice_-_Monthly_Service_-_10562_Whellhouse_-_Bo_6ly6e0P.pdf	0.00	15	8	No notes...	
533	85.00	2018-12-05 03:39:58.987887	85.00	1	0	worker_uploads/3916 NW Deer Oak/Invoice_-_Monthly_Service_-_3916_Nw_Deer_Oak_-_Jensen_Be_bTfz0zA.pdf	0.00	15	2	No notes...	
534	1574.99	2018-12-06 00:12:14.091982	1574.99	1	0	worker_uploads/8944 Escondido Way/Invoice_1133_from_MA_Inc.pdf	0.00	18	32	No notes...	
535	130.00	2018-12-07 18:57:36.272036	130.00	1	0	worker_uploads/3916 NW Deer Oak/samjack_3916.pdf	0.00	57	2	No notes...	
536	280.00	2018-12-11 00:27:37.298514	280.00	1	0	worker_uploads/8580 Tourmaline Blvd/invoice153.pdf	0.00	12	31	No notes...	
537	250.00	2018-12-11 00:28:11.02753	250.00	1	0	worker_uploads/15630 Bent Creek/invoice154.pdf	0.00	12	33	No notes...	
538	250.00	2018-12-12 23:02:18.704863	250.00	1	0	worker_uploads/10475 Galleria Street/Invoice_1137_from_MA_Inc.pdf	0.00	18	23	No notes...	
539	250.00	2018-12-12 23:03:29.935454	250.00	1	0	worker_uploads/13377 Doubletree Circle/Invoice_1138_from_MA_Inc.pdf	0.00	18	9	No notes...	
540	300.00	2018-12-12 23:04:02.868962	300.00	1	0	worker_uploads/10861 Southeast Arielle Terrace/Invoice_1136_from_MA_Inc.pdf	0.00	18	5	No notes...	
541	1574.99	2018-12-13 02:05:39.220459	0.00	0	1	worker_uploads/8944 Escondido Way/Invoice_1133_from_MA_Inc_gehCpts.pdf	1574.99	18	32	No notes...	
542	565.44	2018-12-13 02:10:23.837632	565.44	1	0	worker_uploads/22852 Marbella Cir/Invoice_1135_from_MA_Inc.pdf	0.00	18	1	No notes...	Demolition
543	3362.41	2018-12-13 02:13:19.648807	3362.41	1	0	worker_uploads/4590 Orchid Drive/Invoice_1140_from_MA_Inc.pdf	0.00	18	29	No notes...	
544	9510.50	2018-12-13 02:30:36.978803	9510.50	1	0	worker_uploads/13377 Doubletree Circle/Invoice_17774_from_Pool_Service_Plus_Inc.pdf	0.00	9	9	No notes...	
545	7220.00	2018-12-19 14:41:17.799323	0.00	0	1	worker_uploads/8944 Escondido Way/Invoice_1060_from_Masterpiece_Cabinets_Inc.pdf	7220.00	59	32	No notes...	
546	60.00	2018-12-19 16:08:11.69152	0.00	0	1	worker_uploads/11852 61st St N/Invoice_1061_from_Masterpiece_Cabinets_Inc.pdf	60.00	59	24	No notes...	
547	2950.00	2018-12-19 18:26:09.209483	2950.00	1	0	worker_uploads/4590 Orchid Drive/Invoice_Jupiter_Quotation.pdf	0.00	34	29	No notes...	
548	3611.00	2018-12-20 02:00:17.815401	3611.00	1	0	worker_uploads/8944 Escondido Way/Invoice_1060_from_Masterpiece_Cabinets_Inc_---.pdf	0.00	59	32	No notes...	
549	5000.00	2018-12-20 02:08:44.034517	5000.00	1	0	worker_uploads/13377 Doubletree Circle/13377-Window_55052_INVOICE_13377_DOUBLETREE_CIR_W_AwkXyFx.pdf	0.00	9	9	No notes...	
550	555.00	2018-12-20 17:03:19.639032	555.00	1	0	worker_uploads/4590 Orchid Drive/samjack_blackstoneleakinvoice.xls	0.00	60	29	No notes...	
551	3610.00	2018-12-26 18:21:48.255738	0.00	0	1	worker_uploads/8944 Escondido Way/Invoice_1060_from_Masterpiece_Cabinets_Inc_b9N7kHG.pdf	3610.00	59	32	No notes...	
552	290.00	2018-12-26 18:23:05.645429	0.00	0	0	worker_uploads/8944 Escondido Way/Invoice_1062_from_Masterpiece_Cabinets_Inc.pdf	290.00	59	32	Here are my notes!	
553	85.00	2018-12-26 20:41:56.937193	85.00	1	0	worker_uploads/4590 Orchid Drive/samjack_blackstonejan19.xls	0.00	60	29	No notes...	
554	3000.00	2018-12-27 03:20:51.607881	3000.00	1	0	worker_uploads/8944 Escondido Way/Invoice_1060_from_Masterpiece_Cabinets_Inc_b9N7kHG_6eXqsN7.pdf	0.00	59	32	No notes...	
555	1778.05	2018-12-27 03:47:59.784983	1778.05	1	0	worker_uploads/441 W 35th Street/Invoice_1142_from_MA_Inc.pdf	0.00	18	21	No notes...	
556	376.87	2018-12-27 03:49:17.357004	376.87	1	0	worker_uploads/4680 NE Sandpebble Trace/Invoice_1143_from_MA_Inc.pdf	0.00	18	14	No notes...	
557	363.12	2018-12-27 03:50:11.343973	363.12	1	0	worker_uploads/4680 NE Sandpebble Trace/Invoice_1146_from_MA_Inc.pdf	0.00	18	14	No notes...	
558	650.25	2018-12-27 03:51:06.59329	650.25	1	0	worker_uploads/441 W 35th Street/Invoice_1145_from_MA_Inc.pdf	0.00	18	21	No notes...	Window/Door
559	3321.10	2018-12-27 03:52:29.669709	3321.10	1	0	worker_uploads/9070 Strandhill Way/Invoice_1148_from_MA_Inc.pdf	0.00	18	16	No notes...	
560	4926.79	2018-12-27 03:54:21.469574	4926.79	1	0	worker_uploads/13377 Doubletree Circle/Invoice_1147_from_MA_Inc.pdf	0.00	18	9	No notes...	
561	3581.40	2018-12-27 04:13:19.377159	3581.40	1	0	worker_uploads/8944 Escondido Way/Invoice_1149_from_MA_Inc.pdf	0.00	18	32	No notes...	
562	1012.42	2018-12-27 04:20:56.378859	1012.42	1	0	worker_uploads/441 W 35th Street/Invoice_1141_from_MA_Inc.pdf	0.00	18	21	No notes...	
563	610.00	2019-01-02 18:02:43.533176	610.00	1	0	worker_uploads/8944 Escondido Way/Invoice_1060_from_Masterpiece_Cabinets_Inc_QzhF6rQ.pdf	0.00	59	32	No notes...	
564	290.00	2019-01-02 18:03:18.325667	290.00	1	0	worker_uploads/8944 Escondido Way/Invoice_1062_from_Masterpiece_Cabinets_Inc_DfDBahM.pdf	0.00	59	32	No notes...	
565	829.96	2019-01-02 23:27:39.077725	829.96	1	0	worker_uploads/441 W 35th Street/Invoice_1152_from_MA_Inc.pdf	0.00	18	21	No notes...	
566	686.87	2019-01-02 23:28:36.415551	686.87	1	0	worker_uploads/441 W 35th Street/Invoice_1150_from_MA_Inc.pdf	0.00	18	21	No notes...	
567	671.48	2019-01-02 23:29:39.847068	671.48	1	0	worker_uploads/8944 Escondido Way/Invoice_1151_from_MA_Inc.pdf	0.00	18	32	No notes...	
568	1702.68	2019-01-02 23:48:10.501699	1702.68	1	0	worker_uploads/9070 Strandhill Way/Invoice_1153_from_MA_Inc.pdf	0.00	18	16	No notes...	
569	1702.68	2019-01-02 23:58:28.236486	0.00	0	1	worker_uploads/9070 Strandhill Way/Invoice_1153_from_MA_Inc_zykPuxt.pdf	1702.68	18	16	No notes...	
570	1762.86	2019-01-03 00:11:54.472941	0.00	0	1	worker_uploads/9070 Strandhill Way/Invoice_1153_from_MA_Inc_tIo5REg.pdf	1762.86	18	16	No notes...	
571	3321.10	2019-01-03 01:42:44.489823	3321.10	1	0	worker_uploads/9070 Strandhill Way/Invoice_1148_from_MA_Inc_CR36u9a.pdf	0.00	18	16	No notes...	
572	750.00	2019-01-09 18:17:38.098142	0.00	0	1	worker_uploads/8944 Escondido Way/Est_144_from_L.B.Faith_handy_man_service_39792.pdf	750.00	9	32	No notes...	
573	85.00	2019-01-09 21:40:24.537096	0.00	0	1	worker_uploads/10562 Wheelhouse Circle/Invoice_-_Monthly_Service_-_10562_Whellhouse_-_Bo_5OAMRkc.pdf	85.00	15	8	No notes...	
574	1571.21	2019-01-10 00:20:41.31381	1571.21	1	0	worker_uploads/441 W 35th Street/Invoice_1154_from_MA_Inc.pdf	0.00	18	21	No notes...	
575	90.00	2019-01-10 00:22:48.600183	90.00	1	0	worker_uploads/117 Waterview Way/Scanned_Documents.pdf	0.00	9	26	No notes...	
576	3000.00	2019-01-10 05:04:54.820423	3000.00	1	0	worker_uploads/13377 Doubletree Circle/13377-doubletree-popcorn_clg_.jpeg	0.00	9	9	No notes...	
577	1400.00	2019-01-10 05:09:04.520411	1400.00	1	0	worker_uploads/8944 Escondido Way/8944-Popcorn_Clg_removal.jpeg	0.00	9	32	Notes for this job!	
578	954.93	2019-01-10 05:12:22.310215	954.93	1	1	worker_uploads/8944 Escondido Way/Invoice_1155_from_MA_Inc.pdf	0.00	18	32	No notes...	
579	150.00	2019-01-10 20:54:58.954125	150.00	1	1	worker_uploads/13377 Doubletree Circle/Invoice_18915_from_Pool_Service_Plus_Inc27442.pdf	0.00	17	9	Redid the spillover from the jacuzzi to the pool in doubletree.	
580	365.00	2019-01-11 17:30:41.875741	0.00	0	1	worker_uploads/4590 Orchid Drive/15472277750144153066045834163366.jpg	365.00	63	29	No notes...	
581	875.00	2019-01-14 14:32:24.874666	875.00	1	0	worker_uploads/117 Waterview Way/Scan1.pdf	0.00	9	26	No notes...	
582	220.00	2019-01-15 03:30:16.19421	220.00	1	0	worker_uploads/15630 Bent Creek/invoice168.pdf	0.00	12	33	No notes...	
583	523.41	2019-01-16 21:52:16.765288	523.41	1	0	worker_uploads/4590 Orchid Drive/Invoice_1156_from_MA_Inc.pdf	0.00	18	29	No notes...	
584	2500.00	2019-01-16 23:56:38.716412	2500.00	1	0	worker_uploads/441 W 35th Street/56934612132__C863AAF0-2D18-4D6D-9B1A-722444EE622E.jpeg	0.00	9	21	No notes...	
585	3800.00	2019-01-16 23:57:35.99605	3800.00	1	0	worker_uploads/13377 Doubletree Circle/56876245264__A4E86B30-4E0B-474B-A8AD-7F53AA3DFC58-min.jpeg	0.00	9	9	No notes...	
586	60.00	2019-01-17 03:08:33.454149	60.00	1	0	worker_uploads/8580 Tourmaline Blvd/invoice154.pdf	0.00	12	31	No notes...	
587	120.00	2019-01-17 03:09:07.902912	120.00	1	0	worker_uploads/10562 Wheelhouse Circle/invoice155.pdf	0.00	12	8	No notes...	
588	60.00	2019-01-17 03:09:38.03281	60.00	1	0	worker_uploads/4590 Orchid Drive/invoice156.pdf	0.00	12	29	No notes...	
589	70.00	2019-01-17 03:10:20.234899	70.00	1	0	worker_uploads/117 Waterview Way/invoice157.pdf	0.00	12	26	No notes...	
590	120.00	2019-01-17 03:10:46.906401	120.00	1	0	worker_uploads/16785 Temple Blvd/invoice158.pdf	0.00	12	12	No notes...	
591	120.00	2019-01-17 03:11:40.38687	120.00	1	0	worker_uploads/13377 Doubletree Circle/invoice159.pdf	0.00	12	9	No notes...	
592	120.00	2019-01-17 03:13:02.577539	120.00	1	0	worker_uploads/9070 Strandhill Way/invoice161.pdf	0.00	12	16	No notes...	
593	60.00	2019-01-17 03:13:32.234994	60.00	1	0	worker_uploads/441 W 35th Street/invoice162.pdf	0.00	12	21	No notes...	
594	70.00	2019-01-17 03:14:06.94447	70.00	1	0	worker_uploads/8944 Escondido Way/invoice163.pdf	0.00	12	32	No notes...	
595	60.00	2019-01-17 03:14:37.576183	60.00	1	0	worker_uploads/414 Griswold Dr/invoice164.pdf	0.00	12	27	No notes...	
596	250.00	2019-01-17 03:15:06.599791	250.00	1	0	worker_uploads/10861 Southeast Arielle Terrace/invoice165.pdf	0.00	12	5	No notes...	
597	350.00	2019-01-17 03:15:35.331779	350.00	1	0	worker_uploads/9070 Strandhill Way/invoice166.pdf	0.00	12	16	No notes...	
598	212.52	2019-01-23 23:10:05.080702	212.52	1	0	worker_uploads/441 W 35th Street/Invoice_1161_from_MA_Inc.pdf	0.00	18	21	No notes...	
599	445.22	2019-01-23 23:11:12.336891	445.22	1	0	worker_uploads/10475 Galleria Street/Invoice_1160_from_MA_Inc.pdf	0.00	18	23	No notes...	
600	374.22	2019-01-23 23:12:07.431169	374.22	1	0	worker_uploads/414 Griswold Dr/Invoice_1158_from_MA_Inc.pdf	0.00	18	27	No notes...	
601	5656.74	2019-01-23 23:13:30.598655	0.00	0	1	worker_uploads/15630 Bent Creek/Invoice_1157_from_MA_Inc.pdf	5656.74	18	33	No notes...	
602	657.23	2019-01-23 23:14:31.628527	657.23	1	0	worker_uploads/15630 Bent Creek/Invoice_1159_from_MA_Inc.pdf	0.00	18	32	No notes...	
603	150.00	2019-01-24 01:35:02.552118	150.00	1	0	worker_uploads/13377 Doubletree Circle/Invoice_1220_from_Exclusive_Electric_Service_Inc.pdf	0.00	48	9	No notes...	
604	982.88	2019-01-24 02:27:17.774746	982.88	1	0	worker_uploads/4680 NE Sandpebble Trace/4680-Special_Assesment.pdf	0.00	17	14	No notes...	
605	187.89	2019-01-24 02:35:44.850873	187.89	1	0	worker_uploads/441 W 35th Street/441-35_st_front_tile20190123_21332231.pdf	0.00	17	21	No notes...	
606	187.19	2019-01-24 02:36:33.229614	187.19	1	0	worker_uploads/441 W 35th Street/441-35_st_window_sill20190123_21340326.pdf	0.00	17	21	No notes...	
607	42.50	2019-01-24 02:41:17.181113	42.50	1	0	worker_uploads/13377 Doubletree Circle/1377_Doubletree_Cir-_Pool_Maintenance20190123_21405992.pdf	0.00	17	9	No notes...	
608	150.00	2019-01-24 02:44:53.623122	150.00	1	0	worker_uploads/13377 Doubletree Circle/Invoice_18915_from_Pool_Service_Plus_Inc27417.pdf	0.00	17	9	No notes...	
609	3428.37	2019-01-24 03:03:33.412808	0.00	0	1	worker_uploads/15630 Bent Creek/Invoice_1157_from_MA_Inc_ewB2983.pdf	3428.37	18	33	No notes...	
610	3428.37	2019-01-24 03:04:26.861827	3428.37	1	0	worker_uploads/15630 Bent Creek/Invoice_1157_from_MA_Inc_wsvg1SM.pdf	0.00	18	33	No notes...	
611	3428.37	2019-01-31 02:21:11.11301	3428.37	1	0	worker_uploads/15630 Bent Creek/Invoice_1162_from_MA_Inc.pdf	0.00	18	33	No notes...	
612	1427.67	2019-01-31 02:52:33.570463	1427.67	1	0	worker_uploads/16785 Temple Blvd/16785_Temple-Best_buy_Appliances20190130_21480928.pdf	0.00	17	12	No notes...	
613	650.00	2019-01-31 02:58:10.985992	650.00	1	0	worker_uploads/10475 Galleria Street/Hannas_furniture_moving_to_10475_Galleria.JPG	0.00	17	23	No notes...	
614	50.00	2019-02-09 02:59:50.229921	50.00	1	0	worker_uploads/16785 Temple Blvd/16785_Temple_Permit_docs20190208_21491393.pdf	0.00	17	12	No notes...	
615	35.00	2019-02-12 23:56:46.329001	35.00	1	0	worker_uploads/15630 Bent Creek/invoice170.pdf	0.00	12	33	No notes...	
616	60.00	2019-02-12 23:57:42.08368	60.00	1	0	worker_uploads/8580 Tourmaline Blvd/invoice171.pdf	0.00	12	31	gjhgghghghj	
617	60.00	2019-02-12 23:58:12.331578	60.00	1	0	worker_uploads/4590 Orchid Drive/invoice172.pdf	0.00	12	29	No notes...	
618	120.00	2019-02-13 00:00:40.833266	0.00	0	1	worker_uploads/16785 Temple Blvd/invoice174.pdf	120.00	12	12	Has to be paid at the end of February for February 2019	
619	120.00	2019-02-13 00:01:37.499044	0.00	0	1	worker_uploads/13377 Doubletree Circle/invoice175.pdf	120.00	12	9	Has to be paid at the end of February for February 2019	
620	120.00	2019-02-13 00:02:37.912154	120.00	1	0	worker_uploads/9070 Strandhill Way/invoice176.pdf	0.00	12	16	No notes...	
621	60.00	2019-02-13 00:03:51.169419	60.00	1	0	worker_uploads/441 W 35th Street/invoice177.pdf	0.00	12	21	No notes...	
622	70.00	2019-02-13 00:04:21.347769	70.00	1	0	worker_uploads/8944 Escondido Way/invoice178.pdf	0.00	12	32	Hello	
623	60.00	2019-02-13 00:04:48.8918	60.00	1	0	worker_uploads/414 Griswold Dr/invoice179.pdf	0.00	12	27	No notes...	
624	85.00	2019-02-13 18:15:15.815593	85.00	1	0	worker_uploads/10562 Wheelhouse Circle/Invoice_-_Monthly_Service_-_10562_Whellhouse_-_Bo_RCOx588.pdf	0.00	15	8	No notes...	
625	681.22	2019-02-14 00:58:06.278304	681.22	1	0	worker_uploads/441 W 35th Street/Invoice_1165_from_MA_Inc.pdf	0.00	18	21	No notes...	
626	2671.91	2019-02-14 00:59:09.748999	2671.91	1	0	worker_uploads/8944 Escondido Way/Invoice_1163_from_MA_Inc.pdf	0.00	18	32	No notes...	
627	712.55	2019-02-14 00:59:39.749206	712.55	1	0	worker_uploads/8944 Escondido Way/Invoice_1164_from_MA_Inc.pdf	0.00	18	32	No notes...	
628	2840.64	2019-02-14 01:19:34.49281	2840.64	1	0	worker_uploads/8944 Escondido Way/8944_Escondido20190213_20190808.pdf	0.00	17	32	thin set was returned \r\n-798.22	
629	2820.07	2019-02-14 02:04:32.876345	2820.07	1	0	worker_uploads/8944 Escondido Way/8944_Escondido-Best_buy20190213_21012185.pdf	0.00	17	32	No notes...	
630	340.00	2019-02-20 17:53:36.81909	340.00	1	0	worker_uploads/4590 Orchid Drive/samjack_blackstonejan19_0VV3sEp.xls	0.00	60	29	No notes...	
631	2000.00	2019-02-20 20:48:11.416448	2000.00	1	0	worker_uploads/8944 Escondido Way/Invoice_Deposit_Escondido.pdf	0.00	34	32	No notes...	
632	2000.00	2019-02-21 01:45:21.290508	2000.00	1	0	worker_uploads/8944 Escondido Way/Blue_Sky_-_Doc_Feb_11_2019_1513.pdf	0.00	17	32	No notes...	
633	24560.99	2019-02-21 01:48:25.322721	12000.00	1	0	worker_uploads/13377 Doubletree Circle/13377_Doubletree_Cir20190220_20395903.pdf	12560.99	9	9	total $24,560 \r\n$12,000 almost 50% for the first payment 2-20-19\r\nbalance $12,560	Cabinet/Countertop
634	3201.29	2019-02-27 23:05:51.029898	3201.29	1	0	worker_uploads/13377 Doubletree Circle/Invoice_1167_from_MA_Inc.pdf	0.00	18	9	No notes...	
635	482.65	2019-02-27 23:06:25.577558	482.65	1	0	worker_uploads/8944 Escondido Way/Invoice_1166_from_MA_Inc.pdf	0.00	18	32	No notes...	
636	350.00	2019-02-28 00:03:24.339934	350.00	1	0	worker_uploads/8944 Escondido Way/Invoice_0065444_from_Ryan_Plumbing_Inc30069.pdf	0.00	43	32	No notes...	
637	500.00	2019-02-28 00:05:48.85938	500.00	1	0	worker_uploads/16785 Temple Blvd/Invoice_0076935_from_Ryan_Plumbing_Inc.pdf	0.00	43	12	No notes...	
638	1900.00	2019-02-28 07:37:59.346161	0.00	0	0	worker_uploads/8944 Escondido Way/Invoice_Remaining_Balance_Escondido.pdf	1900.00	34	32	No notes...	
639	1611.14	2019-03-06 23:53:09.084669	1611.14	1	0	worker_uploads/13377 Doubletree Circle/Invoice_1168_from_MA_Inc.pdf	0.00	18	9	No notes...	
640	843.78	2019-03-06 23:54:40.19201	843.78	1	0	worker_uploads/441 W 35th Street/Invoice_1169_from_MA_Inc.pdf	0.00	18	21	No notes...	
641	2801.28	2019-03-06 23:55:50.736041	2801.28	1	0	worker_uploads/13377 Doubletree Circle/Invoice_1170_from_MA_Inc.pdf	0.00	18	9	No notes...	
642	85.00	2019-03-07 01:15:53.513679	85.00	1	0	worker_uploads/10562 Wheelhouse Circle/Invoice_-_Monthly_Service_-_10562_Whellhouse_-_Bo_DIoPc2J.pdf	0.00	15	8	No notes...	
643	565.89	2019-03-07 02:54:48.385127	0.00	0	1	worker_uploads/13377 Doubletree Circle/13377_Chiminy_repair.pdf	565.89	17	9	No notes...	
644	2119.00	2019-03-07 03:01:29.026603	2119.00	1	0	worker_uploads/13377 Doubletree Circle/1377-Screen_builder_final.pdf	0.00	9	9	No notes...	
645	1700.00	2019-03-07 03:10:44.659165	1700.00	1	0	worker_uploads/8944 Escondido Way/Invoice_Escondido_Interior.pdf	0.00	9	32	No notes...	
646	4122.00	2019-03-07 03:22:01.970511	4122.00	0	1	worker_uploads/15630 Bent Creek/Mashragi_Invoice.Invocie-Extra_plywood_shetting_on_roof.pdf	0.00	9	33	This was addition to the extra plywood to the roof	
647	632.52	2019-03-07 03:59:50.891649	0.00	0	1	worker_uploads/13377 Doubletree Circle/Invoice_1171_from_MA_Inc.pdf	632.52	18	9	No notes...	
648	60.00	2019-03-08 02:39:37.429104	60.00	1	0	worker_uploads/4590 Orchid Drive/invoice181.pdf	0.00	12	29	No notes...	
649	60.00	2019-03-08 02:40:10.339163	60.00	1	0	worker_uploads/414 Griswold Dr/invoice182.pdf	0.00	12	27	No notes...	
650	120.00	2019-03-08 02:40:35.554655	120.00	1	0	worker_uploads/16785 Temple Blvd/invoice183.pdf	0.00	12	12	No notes...	
651	120.00	2019-03-08 02:41:01.930946	120.00	1	0	worker_uploads/9070 Strandhill Way/invoice184.pdf	0.00	12	16	No notes...	
652	70.00	2019-03-08 02:41:27.970963	70.00	1	0	worker_uploads/8944 Escondido Way/invoice185.pdf	0.00	12	32	No notes...	
653	60.00	2019-03-08 02:41:54.986992	60.00	1	0	worker_uploads/10562 Wheelhouse Circle/invoice186.pdf	0.00	12	8	No notes...	
654	60.00	2019-03-08 02:42:17.417311	60.00	1	0	worker_uploads/441 W 35th Street/invoice187.pdf	0.00	12	21	No notes...	
655	40.00	2019-03-08 02:42:47.668242	40.00	1	0	worker_uploads/10475 Galleria Street/invoice188.pdf	0.00	12	23	No notes...	
656	120.00	2019-03-08 02:43:11.589894	120.00	1	0	worker_uploads/13377 Doubletree Circle/invoice189.pdf	0.00	12	9	No notes...	
657	60.00	2019-03-08 02:43:38.463634	60.00	1	0	worker_uploads/15630 Bent Creek/invoice190.pdf	0.00	12	33	No notes...	
658	433.00	2019-03-08 21:08:54.834943	0.00	0	1	worker_uploads/10562 Wheelhouse Circle/sample.pdf	433.00	9	8	No notes...	
659	150.00	2019-03-14 00:02:23.190284	150.00	1	0	worker_uploads/117 Waterview Way/Invoice_0079421_from_Ryan_Plumbing_Inc.pdf	0.00	43	26	No notes...	
660	342.55	2019-03-14 00:18:07.970105	342.55	1	0	worker_uploads/441 W 35th Street/Invoice_1172_from_MA_Inc.pdf	0.00	18	21	No notes...	
661	827.68	2019-03-14 00:19:01.317114	827.68	1	0	worker_uploads/15630 Bent Creek/Invoice_1173_from_MA_Inc.pdf	0.00	18	33	No notes...	
662	640.00	2019-03-14 00:23:19.196315	640.00	1	0	worker_uploads/10562 Wheelhouse Circle/Invoice_0055500_from_Ryan_Plumbing_Inc-xxxx.pdf	0.00	43	8	No notes...	
663	105.00	2019-03-19 16:25:27.754874	105.00	1	0	worker_uploads/10562 Wheelhouse Circle/SAmjck_Invoice_2005778.jpeg	0.00	43	8	No notes...	
664	175.00	2019-03-19 16:25:58.706163	175.00	1	0	worker_uploads/22852 Marbella Cir/Samjack_Invoice_0068499.jpeg	0.00	43	1	No notes...	Plumbing
665	750.00	2019-03-20 23:37:19.553535	750.00	1	0	worker_uploads/10562 Wheelhouse Circle/10562-_roof_repair20190320_19353426.pdf	0.00	9	8	No notes...	
666	2886.44	2019-03-21 02:06:11.799143	0.00	0	1	worker_uploads/15630 Bent Creek/Invoice_1174_from_MA_Inc.pdf	2886.44	18	33	No notes...	
667	1741.22	2019-03-21 02:07:13.966495	1741.22	1	0	worker_uploads/441 W 35th Street/Invoice_1175_from_MA_Inc.pdf	0.00	18	21	No notes...	
668	3848.58	2019-03-21 03:14:53.980984	3848.58	1	0	worker_uploads/15630 Bent Creek/Invoice_1174_from_MA_Inc_5VHf0uh.pdf	0.00	18	33	No notes...	Cabinet/Countertop
669	130.00	2019-03-22 22:55:16.214737	130.00	0	1	worker_uploads/414 Griswold Dr/samjack_invoice_0076339.jpeg	0.00	43	27	No notes...	
670	2337.61	2019-03-28 02:37:59.033428	2337.61	1	0	worker_uploads/1800 Nebraska Avenue/Invoice_1176_from_MA_Inc.pdf	0.00	18	34	No notes...	
671	1227.43	2019-03-28 03:08:53.002141	1227.43	1	0	worker_uploads/1800 Nebraska Avenue/Invoice_1177_from_MA_Inc.pdf	0.00	18	34	No notes...	
672	198.97	2019-04-01 15:53:17.934335	198.97	1	0	worker_uploads/15630 Bent Creek/image.jpg	0.00	32	33	No notes...	
673	205.39	2019-04-01 16:06:05.51415	0.00	0	1	worker_uploads/2899 SE Amherst Street/image.jpg	205.39	32	35	No notes...	
674	95.00	2019-04-01 16:12:43.276209	0.00	0	1	worker_uploads/1800 Nebraska Avenue/image.jpg	95.00	32	34	No notes...	
675	205.39	2019-04-01 16:14:25.286312	205.39	1	1	worker_uploads/2899 SE Amherst Street/image_VSpqx1n.jpg	0.00	32	35	No notes...	
676	205.39	2019-04-01 16:15:29.443654	205.39	1	0	worker_uploads/4813 SE Chiles Court/image.jpg	0.00	32	37	No notes...	
677	173.29	2019-04-01 16:16:50.721555	173.29	1	0	worker_uploads/8694 Egret Isles Ter/image.jpg	0.00	32	36	No notes...	
678	454.75	2019-04-01 16:18:03.342773	0.00	0	1	worker_uploads/1800 Nebraska Avenue/image_mbBhbNJ.jpg	454.75	32	34	No notes...	
679	500.00	2019-04-03 11:34:45.499171	500.00	1	0	worker_uploads/4813 SE Chiles Court/Invoice_Stuart_Quotation.pdf	0.00	34	37	No notes...	
680	19879.00	2019-04-03 16:28:17.414456	9939.50	1	0	worker_uploads/13377 Doubletree Circle/13377_Doubletree_Window_impact_contract20190403_12331328.pdf	9939.50	9	9	No notes...	
681	2200.00	2019-04-03 22:57:37.252707	0.00	0	1	worker_uploads/1800 Nebraska Avenue/ALAN-_MIANTENANCE-19.rtf	2200.00	40	34	No notes...	
682	300.00	2019-04-03 22:59:07.120883	300.00	1	0	worker_uploads/4813 SE Chiles Court/ALAN-_MIANTENANCE-2-19.rtf	0.00	40	37	No notes...	
683	712.32	2019-04-04 01:42:39.247831	712.32	1	0	worker_uploads/1800 Nebraska Avenue/Invoice_1181_from_MA_Inc.pdf	0.00	18	34	No notes...	
684	2432.87	2019-04-04 01:45:48.564976	2432.87	1	0	worker_uploads/1800 Nebraska Avenue/Invoice_1180_from_MA_Inc.pdf	0.00	18	34	No notes...	
685	2802.67	2019-04-04 02:02:37.4088	2802.67	1	0	worker_uploads/1800 Nebraska Avenue/Invoice_1182_from_MA_Inc.pdf	0.00	18	34	No notes...	
686	4380.23	2019-04-04 02:33:30.120297	4380.23	1	0	worker_uploads/1800 Nebraska Avenue/Invoice_1183_from_MA_Inc.pdf	0.00	18	34	No notes...	
687	784.00	2019-04-04 23:09:49.557333	784.00	1	0	worker_uploads/8944 Escondido Way/Invoice_-_8944_Escondido_Way_-_Spa.pdf	0.00	15	32	No notes...	
688	21.25	2019-04-04 23:10:47.421553	21.25	1	0	worker_uploads/8944 Escondido Way/Invoice_-_Monthly_Service_-_8944_Escondido_Way_-_Boca__i7jG3Ul.pdf	0.00	15	32	No notes...	
689	21.25	2019-04-04 23:14:00.561002	21.25	1	0	worker_uploads/4590 Orchid Drive/Invoice_-_Monthly_Service_-_4590_Orchid_St_-_Tequesta_-_JzrMyjO.pdf	0.00	15	29	No notes...	
690	25.00	2019-04-04 23:14:53.499833	25.00	1	0	worker_uploads/13377 Doubletree Circle/Invoice_-_Monthly_Service_-_13377_Doubletree_Cir__8v3Swbp.pdf	0.00	15	9	No notes...	
691	647.31	2019-04-05 01:54:24.377616	647.31	1	1	worker_uploads/1800 Nebraska Avenue/1800_nebraska_unit_101_washer_dryer20190410_22375294.pdf	0.00	17	34	No notes...	
692	85.00	2019-04-05 18:14:25.033915	85.00	1	0	worker_uploads/10562 Wheelhouse Circle/Invoice_-_Monthly_Service_-_10562_Whellhouse_-_Bo_eleS0cQ.pdf	0.00	15	8	No notes...	
693	1135.00	2019-04-10 15:43:42.227147	1135.00	1	0	worker_uploads/16785 Temple Blvd/16875_Temple_Water_System20190410_11421274.pdf	0.00	9	12	No notes...	
694	1847.63	2019-04-11 02:03:40.072742	0.00	0	1	worker_uploads/1800 Nebraska Avenue/Invoice_1185_from_MA_Inc.pdf	1847.63	18	34	No notes...	
695	500.00	2019-04-11 02:04:33.704439	0.00	0	1	worker_uploads/2899 SE Amherst Street/Invoice_1186_from_MA_Inc.pdf	500.00	18	35	No notes...	
696	1063.42	2019-04-11 02:05:47.960411	1063.42	1	1	worker_uploads/1800 Nebraska Avenue/Invoice_1184_from_MA_Inc_1.pdf	0.00	18	34	No notes...	
697	2657.07	2019-04-11 02:26:24.14407	2657.07	1	1	worker_uploads/1800 Nebraska Avenue/Invoice_1185_from_MA_Inc_nJ4bIEm_1.pdf	0.00	18	34	No notes...	
699	632.14	2019-04-11 02:36:27.150351	632.14	1	0	worker_uploads/2899 SE Amherst Street/Invoice_1186_from_MA_Inc_SYDPwhi.pdf	0.00	18	35	No notes...	
700	110.00	2019-04-15 18:57:42.175985	0.00	0	1	worker_uploads/16785 Temple Blvd/Invoice-0000028SAMJACK_BLACKSTONE_2_.pdf	110.00	64	12	No notes...	
701	110.00	2019-04-15 18:58:57.071804	110.00	1	0	worker_uploads/16785 Temple Blvd/Invoice-0000028SAMJACK_BLACKSTONE_2__NAEwMJV.pdf	0.00	64	12	No notes...	
702	80.00	2019-04-15 18:59:14.615256	80.00	1	0	worker_uploads/16785 Temple Blvd/Invoice-0000027_SAMJACKBLACKSTONE_1.pdf	0.00	64	12	No notes...	
703	510.00	2019-04-17 14:54:00.923638	0.00	0	1	worker_uploads/4590 Orchid Drive/samjack_blackstonejan19_UWODIIq.xls	510.00	60	29	No notes...	
704	1650.00	2019-04-17 19:32:41.046063	0.00	0	1	worker_uploads/1800 Nebraska Avenue/Invoice_Nebrasca_Apparments.pdf	1650.00	34	34	No notes...	
705	1500.00	2019-04-17 19:36:19.96262	0.00	0	1	worker_uploads/441 W 35th Street/Invoice_Deposit_441_35th.pdf	1500.00	34	21	No notes...	
706	12398.98	2019-04-17 23:30:35.928548	12398.98	1	1	worker_uploads/1800 Nebraska Avenue/Invoice_1187_from_MA_Inc.pdf	0.00	18	34	No notes...	
707	1255.93	2019-04-17 23:32:08.797025	1255.93	1	1	worker_uploads/8944 Escondido Way/Invoice_1188_from_MA_Inc.pdf	0.00	18	32	No notes...	
708	420.33	2019-04-18 03:23:30.429144	420.33	1	0	worker_uploads/15630 Bent Creek/Invoice_1190_from_MA_Inc.pdf	0.00	18	33	No notes...	
709	1980.23	2019-04-18 03:24:11.85223	1980.23	1	1	worker_uploads/1800 Nebraska Avenue/Invoice_1189_from_MA_Inc.pdf	0.00	18	34	No notes...	
710	75.00	2019-04-18 22:34:22.331842	75.00	1	1	worker_uploads/9070 Strandhill Way/Invoice-0000045.pdf	0.00	64	16	No notes...	
711	150.00	2019-04-18 22:35:33.503413	150.00	1	1	worker_uploads/16785 Temple Blvd/Invoice-0000039.pdf	0.00	64	12	No notes...	
713	140.00	2019-04-24 18:33:52.538622	0.00	0	1	worker_uploads/8944 Escondido Way/SanJack_invoice_0055468.jpeg	140.00	43	32	No notes...	
714	1500.00	2019-04-24 23:13:50.06708	0.00	0	1	worker_uploads/441 W 35th Street/Invoice_Deposit_441_35th_O42IOQu.pdf	1500.00	34	21	No notes...	
715	1500.00	2019-04-24 23:14:05.491441	0.00	0	1	worker_uploads/441 W 35th Street/Invoice_Deposit_441_35th_IpMQTDz.pdf	1500.00	34	21	No notes...	
716	1450.00	2019-04-24 23:34:06.61823	1450.00	1	0	worker_uploads/13377 Doubletree Circle/invoice_doubletree_Jazayri__Const32754.pdf	0.00	9	9	No notes...	
717	1450.00	2019-04-24 23:37:22.768733	1450.00	1	1	worker_uploads/9070 Strandhill Way/invoice_strandhill_Jazayri__Const.pdf	0.00	9	16	No notes...	
718	512.40	2019-04-25 00:22:31.143067	512.40	1	0	worker_uploads/1800 Nebraska Avenue/Invoice_1193_from_MA_Inc.pdf	0.00	18	34	No notes...	
719	322.71	2019-04-25 00:23:11.965106	322.71	1	0	worker_uploads/8944 Escondido Way/Invoice_1194_from_MA_Inc.pdf	0.00	18	32	No notes...	
720	1821.46	2019-04-25 00:24:18.455104	0.00	0	1	worker_uploads/441 W 35th Street/Invoice_1195_from_MA_Inc.pdf	1821.46	18	21	No notes...	
721	3455.23	2019-04-25 00:27:19.510687	3455.23	1	0	worker_uploads/1800 Nebraska Avenue/Invoice_1196_from_MA_Inc.pdf	0.00	18	34	No notes...	
722	294.75	2019-04-25 00:44:38.905259	294.75	1	0	worker_uploads/8944 Escondido Way/Invoice_1192_from_MA_Inc.pdf	0.00	18	32	No notes...	
723	1540.74	2019-04-25 00:49:59.136964	1540.74	1	0	worker_uploads/1800 Nebraska Avenue/Invoice_1197_from_MA_Inc.pdf	0.00	18	34	No notes...	
724	152.52	2019-04-25 00:56:04.695274	152.52	1	0	worker_uploads/4813 SE Chiles Court/Invoice_1198_from_MA_Inc.pdf	0.00	18	37	No notes...	
725	1821.46	2019-04-25 02:20:28.32649	1821.46	1	0	worker_uploads/22852 Marbella Cir/Invoice_1195_from_MA_Inc.pdf	0.00	18	21	The total of this job is $6,750\r\nBalance after 1St payment\r\nis $4928.54	
726	1933.37	2019-04-25 02:24:55.302722	1933.37	1	0	worker_uploads/1800 Nebraska Avenue/Invoice_1199_from_MA_Inc.pdf	0.00	18	34	No notes...	
727	35.00	2019-04-25 12:07:33.392273	35.00	1	0	worker_uploads/13377 Doubletree Circle/166E32BA-022A-4B4A-8173-4B9B385945B3.jpeg	0.00	15	9	No notes...	
728	745.00	2019-04-25 12:08:33.912996	745.00	1	0	worker_uploads/8944 Escondido Way/A8DABED2-D8B9-4112-A5E4-F4B7CF6B3148.jpeg	0.00	15	32	No notes...	
729	100.00	2019-05-06 02:12:04.086046	100.00	1	0	worker_uploads/13377 Doubletree Circle/Invoice_-_13377_Doubletree_Cir_-_Wellignton__-__A_0E82UIR.pdf	0.00	15	9	Ask why he is charging $100 instead of $85?	
730	85.00	2019-05-06 02:12:38.213806	85.00	1	0	worker_uploads/8944 Escondido Way/Invoice_-_8944_Escondido_Way_-_Boca_Raton_-_APRIL_2019.pdf	0.00	15	32	No notes...	
731	85.00	2019-05-06 02:13:03.688325	85.00	1	0	worker_uploads/4590 Orchid Drive/Invoice_-_4590_Orchid_St_-_Tequesta_-_APRIL_2019.pdf	0.00	15	29	No notes...	
732	550.00	2019-05-06 02:13:30.142114	550.00	1	0	worker_uploads/8944 Escondido Way/Invoice_-_8944_Escondido_Way_-_Boca_Raton_-_Spa_Baby_Fence.pdf	0.00	15	32	No notes...	
733	320.00	2019-05-08 18:26:07.370607	320.00	1	1	worker_uploads/15630 Bent Creek/samjack_bentcreek.jpeg	0.00	43	33	No notes...	
734	650.00	2019-05-08 18:36:15.465598	0.00	0	1	worker_uploads/8944 Escondido Way/samjack_Escondido_384574.pdf	650.00	43	32	No notes...	
735	550.00	2019-05-08 18:42:13.225557	0.00	0	1	worker_uploads/1800 Nebraska Avenue/samjack_Nebraska_way_384575.pdf	550.00	43	34	No notes...	
736	270.00	2019-05-08 19:50:28.346958	270.00	1	0	worker_uploads/4590 Orchid Drive/2834_4590_Orchid_Dr_Tequesta_freon.pdf	0.00	13	29	No notes...	
737	5878.17	2019-05-09 01:27:20.414484	0.00	0	1	worker_uploads/441 W 35th Street/2019-05-08_invoice_SamJack_Blackstone_1200.pdf	5878.17	18	21	No notes...	
738	5878.17	2019-05-09 01:37:31.057999	0.00	0	1	worker_uploads/441 W 35th Street/2019-05-08_invoice_SamJack_Blackstone_1200_8ZPGlSf.pdf	5878.17	18	21	No notes...	
739	200.00	2019-05-09 01:47:51.546465	200.00	1	0	worker_uploads/13377 Doubletree Circle/Invoice_1960_from_Precise_Landscaping_Services_Inc.pdf	0.00	9	9	No notes...	
740	110.00	2019-05-09 01:48:37.005159	110.00	1	0	worker_uploads/15630 Bent Creek/Invoice_1961_from_Precise_Landscaping_Services_Inc.pdf	0.00	9	33	No notes...	
741	250.00	2019-05-09 01:49:09.448708	250.00	1	0	worker_uploads/16785 Temple Blvd/Invoice_1959_from_Precise_Landscaping_Services_Inc.pdf	0.00	9	12	No notes...	
742	5878.17	2019-05-09 01:58:53.296397	5878.17	1	0	worker_uploads/441 W 35th Street/Invoice_1200_from_MA_Inc.pdf	0.00	18	21	No notes...	
743	275.00	2019-05-14 20:22:38.916114	275.00	1	0	worker_uploads/8944 Escondido Way/Invoice_-_8944_Escondido_Way_-_Boca_Raton_-_Leak.pdf	0.00	15	32	No notes...	
744	2100.00	2019-05-15 14:30:37.705854	0.00	0	1	worker_uploads/441 W 35th Street/Remaining_Interior_441_35th_st36138.pdf	2100.00	34	21	No notes...	
745	1500.00	2019-05-15 14:40:32.202596	0.00	0	1	worker_uploads/1800 Nebraska Avenue/Invoice_7816_from_TIM_ECKER-2.pdf	1500.00	65	34	No notes...	
746	968.91	2019-05-16 00:02:33.23473	0.00	1	0	worker_uploads/2899 SE Amherst Street/Invoice_1204_from_MA_Inc.pdf	968.91	18	35	No notes...	
747	551.74	2019-05-16 00:03:41.51889	551.74	1	0	worker_uploads/441 W 35th Street/B87C52CD-31DE-41FE-AEDF-BC60F519049C.jpeg	0.00	18	21	No notes...	
748	1582.77	2019-05-16 00:04:41.475142	1582.77	1	0	worker_uploads/8944 Escondido Way/DF8B46BE-F810-4C77-BF95-217C40F138E1.jpeg	0.00	18	32	No notes...	
749	1758.23	2019-05-16 00:05:28.124629	1758.23	1	0	worker_uploads/9070 Strandhill Way/ECE5A750-BC2F-4385-B057-469C561B7E59.jpeg	0.00	18	16	No notes...	
750	1859.33	2019-05-16 00:07:15.848204	1859.33	1	0	worker_uploads/4590 Orchid Drive/5D4B220F-D838-4243-83A9-DFF817F019EA.jpeg	0.00	18	29	No notes...	
751	968.91	2019-05-16 02:28:32.490214	968.91	0	1	worker_uploads/2899 SE Amherst Street/Invoice_1204_from_MA_Inc_JbqKaRe.pdf	0.00	18	35	No notes...	
752	100.00	2019-05-21 00:06:07.339738	0.00	1	0	worker_uploads/13377 Doubletree Circle/Invoice_-_13377_Doubletree_Cir_-_Wellignton__-_SHOCK.pdf	0.00	15	9	No notes...	
753	837.20	2019-05-23 00:47:47.169792	0.00	1	1	worker_uploads/15630 Bent Creek/Invoice_1207_from_MA_Inc_TAJFU5n.pdf	837.20	18	33	No notes...	
754	2156.46	2019-05-23 00:48:22.573185	0.00	1	0	worker_uploads/15630 Bent Creek/EB56EBE9-1B38-4975-A2F8-9547CB7609F8.jpeg	0.00	18	33	No notes...	Drywall
755	1538.36	2019-05-23 00:49:00.622165	0.00	1	0	worker_uploads/1800 Nebraska Avenue/Invoice_1208_from_MA_Inc.pdf	1538.36	18	34	No notes...	
756	122.12	2019-05-23 00:49:30.953172	0.00	1	1	worker_uploads/9070 Strandhill Way/F9DCE432-9764-4001-B81F-0EADB2BF0C4D.jpeg	0.00	18	16	No notes...	
757	340.00	2019-05-23 01:55:37.376295	0.00	0	1	worker_uploads/13377 Doubletree Circle/13377_Partial_permit20190522_21515202.pdf	0.00	17	9	No notes...	
758	5772.88	2019-05-23 10:03:58.306843	0.00	0	1	worker_uploads/15630 Bent Creek/Invoice_1210_from_MA_Inc.pdf	0.00	18	33	No notes...	
759	423.85	2019-05-23 10:56:17.232976	0.00	1	0	worker_uploads/8944 Escondido Way/Inv_6054_from_AMAZING_GLASS__MIRRORS_LLC_14812.pdf	0.00	9	32	No notes...	
760	2428.00	2019-05-25 15:48:54.175803	0.00	0	1	worker_uploads/1800 Nebraska Avenue/Invoice_1254_from_Exclusive_Electric_Service_Inc.pdf	0.00	48	34	No notes...	
761	3100.30	2019-05-29 18:35:14.140905	0.00	1	0	worker_uploads/1800 Nebraska Avenue/7CB96E5D-8CAA-4F4B-861F-89CA7A6B48E2.jpeg	0.00	18	34	No notes...	
762	91.74	2019-05-29 19:09:32.232214	0.00	1	0	worker_uploads/441 W 35th Street/Invoice_1214_from_MA_Inc_mMFr9o7.pdf	91.74	18	21	No notes...	
763	1212.89	2019-05-29 19:10:27.166654	0.00	1	0	worker_uploads/441 W 35th Street/Invoice_1213_from_MA_Inc_tQqZbSy.pdf	1212.89	18	21	No notes...	
764	1212.43	2019-05-29 19:24:43.851781	0.00	0	1	worker_uploads/441 W 35th Street/15329BDC-0841-4E50-B5D8-C9785AAC2976.jpeg	0.00	18	21	No notes...	
765	750.00	2019-06-04 16:37:54.137155	0.00	1	1	worker_uploads/13377 Doubletree Circle/Samjack_009970.jpeg	0.00	43	9	No notes...	
766	225.00	2019-06-04 16:59:04.853017	0.00	1	1	worker_uploads/8944 Escondido Way/Samjack0066511.jpeg	0.00	43	32	No notes...	
767	880.00	2019-06-04 18:02:55.966191	0.00	0	1	worker_uploads/8944 Escondido Way/Samjack_009970_revised.jpeg	0.00	43	32	No notes...	
768	100.00	2019-06-05 03:45:32.174131	0.00	1	0	worker_uploads/13377 Doubletree Circle/Invoice_-_13377_Doubletree_Cir_-_Wellignton__-__MAY_2019.pdf	0.00	15	9	No notes...	
769	85.00	2019-06-05 03:46:07.584777	0.00	1	0	worker_uploads/8944 Escondido Way/Invoice_-_8944_Escondido_Way_-_Boca_Raton_-_MAY_2019.pdf	0.00	15	32	No notes...	
770	85.00	2019-06-05 03:47:10.832134	0.00	1	0	worker_uploads/4590 Orchid Drive/Invoice_-_4590_Orchid_St_-_Tequesta_-_MAY_2019.pdf	0.00	15	29	No notes...	
771	5772.88	2019-06-05 14:08:24.70907	0.00	1	0	worker_uploads/15630 Bent Creek/Invoice_1210_from_MA_Inc_p6ZYeMd.pdf	0.00	18	33	No notes...	Cabinet/Countertop
772	552.14	2019-06-05 14:09:22.707822	0.00	1	0	worker_uploads/22852 Marbella Cir/Invoice_1212_from_MA_Inc.pdf	552.14	18	1	No notes...	Miscellaneous
773	150.00	2019-06-05 16:39:06.760646	0.00	1	0	worker_uploads/13377 Doubletree Circle/77F9384E-E9AA-49F0-BA0E-EAB7660868EB.jpeg	150.00	9	9	Wasn't cut last time	
774	200.00	2019-06-05 16:40:11.545713	0.00	1	0	worker_uploads/16785 Temple Blvd/DA9275FD-AA6E-45CF-9775-96368F98A876.jpeg	0.00	9	12	No notes...	
775	110.00	2019-06-05 16:42:16.306154	0.00	1	0	worker_uploads/15630 Bent Creek/3F03BED1-68B1-4CAF-B50B-9CD1463941FD.jpeg	110.00	9	33	we will not pay, this guy didn't cut the grass.	
776	5384.10	2019-06-05 19:44:53.722726	0.00	1	0	worker_uploads/2899 SE Amherst Street/79690FE6-2453-4A3E-BA4E-3F1F1BF2A043.jpeg	0.00	18	35	No notes...	
777	800.00	2019-06-05 19:46:11.139865	0.00	1	0	worker_uploads/9070 Strandhill Way/BA8C066E-4DFD-4144-B3AF-DCB7BDE81ABC.jpeg	0.00	18	16	No notes...	
778	122.12	2019-06-12 19:21:28.454768	0.00	1	0	worker_uploads/9070 Strandhill Way/5C747992-E625-49E0-8651-F713D6729CC9.jpeg	122.12	18	16	SAMJACK CK#8075 PAID	Landscaping
779	2334.02	2019-06-12 19:22:31.9271	0.00	1	0	worker_uploads/1800 Nebraska Avenue/DEF5E7B1-2D15-47E3-9A05-CCC38952E16C.jpeg	0.00	18	34	No notes...	
780	1240.34	2019-06-12 19:24:20.468636	0.00	1	0	worker_uploads/441 W 35th Street/F0C5A04E-9A9B-425F-A472-FD7623F394D2.jpeg	0.00	18	21	No notes...	
781	135.00	2019-06-12 19:26:03.283776	0.00	1	0	worker_uploads/4590 Orchid Drive/170A0C7D-3825-482B-AC02-CCC5E9A4587A.jpeg	0.00	18	29	No notes...	
782	1250.00	2019-06-12 19:43:48.80107	0.00	1	0	worker_uploads/8694 Egret Isles Ter/10861_Arille-Roof20190612_15425322.pdf	1250.00	37	36	No notes...	
783	2000.00	2019-06-12 19:45:34.597884	0.00	1	0	worker_uploads/8694 Egret Isles Ter/8694_Egret_Isles20190612_15405996.pdf	0.00	37	36	No notes...	
784	500.00	2019-06-19 18:10:46.393498	0.00	1	0	worker_uploads/13377 Doubletree Circle/Copy_of_Invoice_18061.139010.xls	0.00	9	9	No notes...	
785	4517.01	2019-06-19 19:41:50.800134	0.00	1	0	worker_uploads/15630 Bent Creek/Invoice_1228_from_MA_Inc.pdf	0.00	18	33	No notes...	
786	1668.17	2019-06-19 19:42:55.433459	0.00	1	0	worker_uploads/15630 Bent Creek/Invoice_1227_from_MA_Inc.pdf	0.00	18	33	No notes...	Electric
787	196.38	2019-06-19 19:43:53.063088	0.00	1	0	worker_uploads/8944 Escondido Way/Invoice_1226_from_MA_Inc.pdf	0.00	18	32	No notes...	
788	275.12	2019-06-19 19:45:29.382653	0.00	1	0	worker_uploads/15630 Bent Creek/Invoice_1225_from_MA_Inc.pdf	0.00	18	33	No notes...	
789	2631.11	2019-06-19 19:46:15.284219	0.00	1	1	worker_uploads/1800 Nebraska Avenue/Invoice_1224_from_MA_Inc_2.pdf	2631.11	18	34	No notes...	
790	1800.00	2019-06-25 17:15:51.916806	0.00	1	0	worker_uploads/8944 Escondido Way/05DFB9C7-4989-48B4-8FB5-0F3DDDCBB3AA.jpeg	0.00	9	32	No notes...	
791	746.29	2019-06-26 17:58:16.453887	0.00	1	0	worker_uploads/1800 Nebraska Avenue/Invoice_1231_from_MA_Inc.pdf	0.00	18	34	No notes...	
792	2002.56	2019-06-26 17:59:23.683127	0.00	1	0	worker_uploads/441 W 35th Street/Invoice_1232_from_MA_Inc.pdf	0.00	18	21	No notes...	
793	510.45	2019-06-26 18:00:09.791569	0.00	1	0	worker_uploads/8944 Escondido Way/Invoice_1233_from_MA_Inc.pdf	0.00	18	32	No notes...	
794	510.45	2019-06-26 18:00:52.488777	0.00	1	0	worker_uploads/15630 Bent Creek/Invoice_1234_from_MA_Inc.pdf	0.00	18	33	No notes...	
795	589.04	2019-06-26 18:01:18.291628	0.00	1	0	worker_uploads/15630 Bent Creek/Invoice_1235_from_MA_Inc.pdf	0.00	18	33	No notes...	Electric
796	461.74	2019-06-26 18:02:03.822042	0.00	1	0	worker_uploads/8944 Escondido Way/Invoice_1236_from_MA_Inc.pdf	0.00	18	32	No notes...	
797	170.00	2019-06-27 18:09:04.981762	0.00	1	0	worker_uploads/441 W 35th Street/samjack_79.jpeg	0.00	43	21	No notes...	
798	650.00	2019-07-02 16:50:28.445293	0.00	1	0	worker_uploads/8944 Escondido Way/Samjack_0099113.jpeg	0.00	43	32	No notes...	
799	750.00	2019-07-02 16:50:52.702661	0.00	0	1	worker_uploads/13377 Doubletree Circle/Samjack__009970.jpeg	750.00	43	9	Already have a check ready for them.	
800	570.00	2019-07-02 18:37:28.295336	0.00	1	0	worker_uploads/15630 Bent Creek/Invoice_011117_from_Ryan_Plumbing_Inc.pdf	0.00	43	33	No notes...	
801	175.00	2019-07-02 18:45:56.623605	0.00	1	0	worker_uploads/10861 Southeast Arielle Terrace/Invoice_0045339_from_Ryan_Plumbing_Inc.pdf	0.00	43	5	No notes...	
802	645.66	2019-07-02 19:01:37.98571	0.00	1	0	worker_uploads/8694 Egret Isles Ter/Invoice_1238_from_MA_Inc.pdf	0.00	18	36	No notes...	
803	256.29	2019-07-02 19:02:17.429578	0.00	1	0	worker_uploads/15630 Bent Creek/Invoice_1245_from_MA_Inc.pdf	0.00	18	33	No notes...	
804	1256.12	2019-07-02 19:02:52.733206	0.00	1	0	worker_uploads/15630 Bent Creek/Invoice_1244_from_MA_Inc.pdf	0.00	18	33	No notes...	
805	1454.69	2019-07-02 19:03:45.820923	0.00	1	0	worker_uploads/441 W 35th Street/Invoice_1237_from_MA_Inc.pdf	0.00	18	21	No notes...	
806	141.24	2019-07-02 19:04:33.304509	0.00	1	0	worker_uploads/15630 Bent Creek/Invoice_1241_from_MA_Inc.pdf	0.00	18	33	No notes...	
807	155.03	2019-07-02 19:05:34.768418	0.00	1	0	worker_uploads/13377 Doubletree Circle/Invoice_1242_from_MA_Inc.pdf	0.00	18	9	No notes...	
808	170.00	2019-07-02 19:06:53.729651	0.00	1	0	worker_uploads/16785 Temple Blvd/Invoice_1243_from_MA_Inc.pdf	0.00	18	12	No notes...	
809	421.70	2019-07-02 19:07:20.897288	0.00	1	0	worker_uploads/15630 Bent Creek/Invoice_1239_from_MA_Inc.pdf	0.00	18	33	No notes...	
810	2778.82	2019-07-02 19:44:10.50654	0.00	1	0	worker_uploads/4590 Orchid Drive/Invoice_1246_from_MA_Inc39517.pdf	0.00	18	29	No notes...	
811	85.00	2019-07-03 19:55:28.33646	0.00	1	0	worker_uploads/4590 Orchid Drive/Invoice_-_4590_Orchid_St_-_Tequesta_-_JUN_2019.pdf	0.00	15	29	No notes...	
812	185.00	2019-07-03 19:56:03.488303	0.00	1	0	worker_uploads/13377 Doubletree Circle/Invoice_-_13377_Doubletree_Cir_-_Wellignton__-__JUN_2019.pdf	0.00	15	9	No notes...	
813	200.00	2019-07-09 21:26:05.703932	0.00	0	1	worker_uploads/13377 Doubletree Circle/Invoice_-_13377_Doubletree_Cir_-_Wellignton__-__J_dtdSMJr.pdf	0.00	15	9	No notes...	
814	85.00	2019-07-09 21:26:35.461758	0.00	1	0	worker_uploads/8944 Escondido Way/Invoice_-_8944_Escondido_Way_-_Boca_Raton_-_JUN_2019.pdf	0.00	15	32	No notes...	
815	85.00	2019-07-09 21:26:55.618299	0.00	1	0	worker_uploads/4590 Orchid Drive/Invoice_-_4590_Orchid_St_-_Tequesta_-_JUN_2019_jKeP2tm.pdf	0.00	15	29	No notes...	
816	563.45	2019-07-10 17:03:48.863869	0.00	1	0	worker_uploads/10475 Galleria Street/Invoice_1250_from_MA_Inc.pdf	0.00	18	23	No notes...	
817	2641.02	2019-07-10 17:25:33.954623	0.00	1	0	worker_uploads/4590 Orchid Drive/Invoice_1249_from_MA_Inc.pdf	0.00	18	29	No notes...	
818	300.00	2019-07-10 17:27:34.306527	0.00	1	0	worker_uploads/10861 Southeast Arielle Terrace/Invoice_1247_from_MA_Inc.pdf	0.00	18	5	No notes...	
819	327.42	2019-07-10 17:53:59.156222	0.00	1	1	worker_uploads/1800 Nebraska Avenue/Invoice_1248_from_MA_Inc.pdf	0.00	18	34	No notes...	
820	510.45	2019-07-10 19:19:11.146972	0.00	1	0	worker_uploads/10861 Southeast Arielle Terrace/3836733D-5CB3-4914-9264-3EC6E20FA8A9.jpeg	0.00	18	5	No notes...	
821	152.12	2019-07-10 19:20:22.808368	0.00	1	0	worker_uploads/9070 Strandhill Way/B648EC44-115C-4920-8107-34F8C75274C9.jpeg	0.00	18	16	No notes...	
822	135.00	2019-07-10 19:21:37.302328	0.00	1	0	worker_uploads/4590 Orchid Drive/708968B4-B2D6-45EB-A117-C10B1BFE300B.jpeg	0.00	18	29	No notes...	
823	323.00	2019-07-11 18:22:17.13269	0.00	0	1	worker_uploads/10475 Galleria Street/Rental_Application.pdf	0.00	9	23	No notes...	Window/Door
824	8000.00	2019-07-17 15:08:22.115912	0.00	1	0	worker_uploads/1800 Nebraska Avenue/INVOICE_1-Structure_fees_.pdf	0.00	9	34	No notes...	Miscellaneous
825	1255.00	2019-07-17 15:10:02.871051	0.00	1	0	worker_uploads/1800 Nebraska Avenue/Mayfair_Energy_Calcs_fees20190717_11055971.pdf	0.00	9	34	No notes...	Miscellaneous
826	7512.30	2019-07-17 17:20:36.683258	0.00	1	0	worker_uploads/13377 Doubletree Circle/Invoice_2042_from_K_Line_Construction_Group.pdf	0.00	9	9	No notes...	Window/Door
827	165.00	2019-07-17 19:33:18.292659	0.00	0	0	worker_uploads/2899 SE Amherst Street/14E24E18-611B-4D26-AE4A-01652DB932BB.jpeg	0.00	9	35	No notes...	Landscaping
828	395.00	2019-07-24 17:23:36.41025	0.00	1	1	worker_uploads/10861 Southeast Arielle Terrace/10861_SE_Areille20190724_13230640.pdf	0.00	41	5	No notes...	Miscellaneous
829	160.00	2019-07-24 18:07:02.16291	0.00	1	0	worker_uploads/22852 Marbella Cir/Invoice_011157_from_Ryan_Plumbing_Inc.pdf	0.00	43	1	No notes...CHECK 8100 GOT PAID	Plumbing
830	327.42	2019-07-24 19:53:57.786596	0.00	0	1	worker_uploads/1800 Nebraska Avenue/Invoice_1248_from_MA_Inc_pZL0Yk4.pdf	0.00	18	34	No notes...	Miscellaneous
831	4261.33	2019-07-24 19:54:45.729575	0.00	1	0	worker_uploads/15630 Bent Creek/Invoice_1256_from_MA_Inc.pdf	0.00	18	33	No notes...	Miscellaneous
832	270.49	2019-07-24 19:56:27.276128	0.00	1	0	worker_uploads/22852 Marbella Cir/Invoice_1255_from_MA_Inc.pdf	0.00	18	1	No notes...	Miscellaneous
833	784.62	2019-07-24 19:57:20.276944	0.00	1	0	worker_uploads/22852 Marbella Cir/Invoice_1254_from_MA_Inc.pdf	0.00	18	1	No notes...	Miscellaneous
834	1465.78	2019-07-24 19:58:03.958155	0.00	1	0	worker_uploads/1800 Nebraska Avenue/Invoice_1257_from_MA_Inc.pdf	0.00	18	34	No notes...	Miscellaneous
835	423.00	2019-07-24 20:44:31.820945	0.00	1	0	worker_uploads/8944 Escondido Way/Inv_6054_from_AMAZING_GLASS__MIRRORS_LLC_1086423058430_RzeEDBx.pdf	0.00	30	32	No notes...	Miscellaneous
836	170.00	2019-07-31 18:53:49.371232	0.00	1	0	worker_uploads/2899 SE Amherst Street/Invoice_1262_from_MA_Inc.pdf	0.00	18	35	No notes...	Landscaping
837	5012.63	2019-07-31 18:55:31.474789	0.00	1	0	worker_uploads/4590 Orchid Drive/Invoice_1259_from_MA_Inc.pdf	0.00	18	29	No notes...	Miscellaneous
838	303.49	2019-07-31 18:57:20.690938	0.00	1	0	worker_uploads/22852 Marbella Cir/Invoice_1260_from_MA_Inc.pdf	0.00	18	1	No notes...	Miscellaneous
839	725.93	2019-07-31 18:58:57.475134	0.00	0	1	worker_uploads/22852 Marbella Cir/Invoice_1258_from_MA_Inc.pdf	0.00	18	1	No notes...	Roofing
840	747.37	2019-07-31 19:02:03.183198	0.00	1	0	worker_uploads/15630 Bent Creek/Invoice_1261_from_MA_Inc.pdf	0.00	18	33	No notes...	Miscellaneous
841	85.00	2019-08-01 04:07:22.480074	0.00	0	0	worker_uploads/13377 Doubletree Circle/Invoice_-_8944_Escondido_Way_-_Boca_Raton_-_JUL_2019.pdf	0.00	15	9	No notes...	Miscellaneous
842	185.00	2019-08-01 04:08:14.834495	0.00	0	0	worker_uploads/13377 Doubletree Circle/Invoice_-_13377_Doubletree_Cir_-_Wellignton__-__JUL_2019.pdf	0.00	15	9	No notes...	Miscellaneous
843	85.00	2019-08-01 04:08:48.792312	0.00	1	0	worker_uploads/4590 Orchid Drive/Invoice_-_4590_Orchid_St_-_Tequesta_-_JUL_2019.pdf	0.00	15	29	No notes...	Miscellaneous
844	85.00	2019-08-01 04:09:18.445085	0.00	0	0	worker_uploads/8944 Escondido Way/Invoice_-_8944_Escondido_Way_-_Boca_Raton_-_JUL_2019.pdf	0.00	15	32	No notes...	Miscellaneous
845	312.10	2019-08-07 19:52:25.307233	0.00	1	0	worker_uploads/22852 Marbella Cir/4BD0BF21-9BF9-4732-9221-6E70140787CC.jpeg	312.10	18	1	No notes...	Miscellaneous
846	160.71	2019-08-07 19:53:23.117837	0.00	1	0	worker_uploads/22852 Marbella Cir/5E26571B-91C9-46E6-A475-247C8644204A.jpeg	0.00	18	1	No notes...	Landscaping
847	555.90	2019-08-07 19:54:31.806304	0.00	1	0	worker_uploads/4590 Orchid Drive/8E9345E9-8A47-41F3-B65E-72E9BB5B7DD2.jpeg	0.00	18	29	No notes...	Plumbing
848	261.32	2019-08-07 19:55:33.694597	0.00	1	0	worker_uploads/2899 SE Amherst Street/A0CA635E-12C2-4C97-A56B-DF685F8683EB.jpeg	0.00	18	35	No notes...	Landscaping
849	112.36	2019-08-07 19:56:30.746738	0.00	1	0	worker_uploads/8944 Escondido Way/4CC0CF13-A96B-44FB-8C9A-0E8DB9E39A39.jpeg	0.00	18	32	No notes...	Landscaping
850	350.00	2019-08-07 20:23:13.267173	0.00	1	0	worker_uploads/441 W 35th Street/Invoice_1270_from_MA_Inc-441_35_AC-coil.pdf	0.00	18	21	No notes...	Miscellaneous
851	3993.00	2019-08-10 14:36:17.788769	0.00	0	1	worker_uploads/2899 SE Amherst Street/1264.pdf	0.00	18	35	No notes...	Roofing
852	150.00	2019-08-14 14:00:14.116552	0.00	0	1	worker_uploads/22852 Marbella Cir/sanjack.jpeg	0.00	43	1	No notes...	Plumbing
853	1750.00	2019-08-14 18:26:40.01051	0.00	1	0	worker_uploads/441 W 35th Street/Inv_4765_from_Coast_To_Coast_Garage_Door_6876.pdf	0.00	10	21	No notes...	Window/Door
854	601.12	2019-08-14 19:09:41.44296	0.00	1	0	worker_uploads/4590 Orchid Drive/66FC2A88-A9BD-4481-950C-D74CDC01DD70.jpeg	0.00	18	29	No notes...	Miscellaneous
855	923.15	2019-08-14 19:10:42.220993	0.00	0	1	worker_uploads/22852 Marbella Cir/8C51EA77-2CDB-40B4-B39D-9D43BB34AB22.jpeg	0.00	18	1	No notes...	Miscellaneous
856	2871.87	2019-08-14 19:11:43.119226	0.00	1	0	worker_uploads/4590 Orchid Drive/544171D3-384A-465E-965B-52AE16D3E600.jpeg	0.00	18	29	No notes...	Miscellaneous
857	311.58	2019-08-14 19:12:21.199525	0.00	1	1	worker_uploads/1800 Nebraska Avenue/B09A34C4-4E5B-424F-90C0-DA5703DF061D.jpeg	0.00	18	34	No notes...	Plumbing
858	185.00	2019-08-21 03:17:02.401858	0.00	0	0	worker_uploads/13377 Doubletree Circle/Invoice_-_13377_Doubletree_Cir_-_Wellignton__-__J_VAKlY1D.pdf	0.00	15	9	No notes...	Miscellaneous
859	85.00	2019-08-21 03:17:35.712571	0.00	0	0	worker_uploads/8944 Escondido Way/Invoice_-_8944_Escondido_Way_-_Boca_Raton_-_JUL_2019_5lnn0sj.pdf	0.00	15	32	No notes...	Miscellaneous
860	85.00	2019-08-21 03:18:02.17302	0.00	1	0	worker_uploads/4590 Orchid Drive/Invoice_-_4590_Orchid_St_-_Tequesta_-_JUL_2019_05Iz50N.pdf	0.00	15	29	No notes...	Miscellaneous
861	798.11	2019-08-21 20:00:56.078169	0.00	0	0	worker_uploads/15630 Bent Creek/Invoice_1280_from_MA_Inc.pdf	0.00	18	33	No notes...	Miscellaneous
862	250.31	2019-08-21 20:09:54.596127	0.00	0	1	worker_uploads/15630 Bent Creek/Invoice_1191_from_MA_Inc.pdf	0.00	18	33	No notes...	Miscellaneous
863	85.00	2019-08-27 20:39:55.947594	0.00	1	0	worker_uploads/8944 Escondido Way/Invoice_-_8944_Escondido_Way_-_Boca_Raton_-_JUL_2019_OjlmwM5.pdf	0.00	15	32	No notes...	Miscellaneous
864	85.00	2019-08-27 20:46:41.948593	0.00	1	0	worker_uploads/4590 Orchid Drive/Invoice_-_4590_Orchid_St_-_Tequesta_-_JUL_2019_pjAMOAq.pdf	0.00	15	29	No notes...	Miscellaneous
865	200.00	2019-08-27 20:49:10.424839	0.00	1	0	worker_uploads/13377 Doubletree Circle/Invoice_-_13377_Doubletree_Cir_-_Wellignton__-__J_7XaffV7.pdf	0.00	15	9	No notes...	Miscellaneous
866	750.00	2019-08-28 15:58:42.319474	0.00	1	1	worker_uploads/10475 Galleria Street/Invoice-matt_Habibi.pdf	0.00	36	23	No notes...	Miscellaneous
867	725.93	2019-08-28 16:59:14.442535	0.00	1	0	worker_uploads/22852 Marbella Cir/456F3655-4A50-4668-B438-EEFECB8295BF.jpeg	0.00	18	1	printed	Roofing
868	303.15	2019-08-28 17:07:54.702118	0.00	1	0	worker_uploads/22852 Marbella Cir/64F75255-295C-47CB-BDDF-D71D1D45710E.jpeg	0.00	18	1	No notes...	Drywall
869	570.86	2019-08-28 17:10:17.557887	0.00	1	0	worker_uploads/4590 Orchid Drive/84338C32-71B7-440B-8E5E-DE4B24EB2DC8.jpeg	0.00	18	29	printed	Landscaping
870	312.49	2019-08-28 17:13:29.437275	0.00	0	1	worker_uploads/22852 Marbella Cir/57E23107-C963-48AD-BDBD-C81ADC006F93.jpeg	0.00	18	1	Ryan plumbing charged $160 for the master sink repair on 7/24/2019.	Plumbing
871	1613.44	2019-08-28 17:16:20.204998	0.00	1	0	worker_uploads/22852 Marbella Cir/CB094284-52F6-4D49-B93A-FA0D7E7DC8DC.jpeg	0.00	18	1	p	Miscellaneous
872	2013.25	2019-08-28 17:18:52.328381	0.00	1	0	worker_uploads/15630 Bent Creek/EE3B92BF-A7CC-4B68-9307-5EFC87F35630.jpeg	0.00	18	33	printed	Miscellaneous
873	270.58	2019-08-28 17:20:39.398097	0.00	1	0	worker_uploads/22852 Marbella Cir/6031E540-CB3C-4BE7-BB8C-771E9163EF39.jpeg	0.00	18	1	Screen was repaired for $552.14 and submitted into software on 6/5/2019, but the door hardware and screen was not included.\r\n\r\nprinted	Window/Door
874	206.78	2019-08-28 17:23:21.006524	0.00	0	1	worker_uploads/22852 Marbella Cir/0D4DFD24-468C-497C-A4CA-550F5825DB0E.jpeg	0.00	18	1	Ryan plumbing charged $160 for the master sink repair on 7/24/2019.	Plumbing
875	348.12	2019-08-28 19:59:04.406952	0.00	1	0	worker_uploads/1800 Nebraska Avenue/60E55F59-E19B-4DE8-9750-5EB9F97322DB.jpeg	0.00	18	34	No notes...	Miscellaneous
876	340.87	2019-08-28 20:00:01.39218	0.00	1	0	worker_uploads/1800 Nebraska Avenue/2A295F89-4E74-4582-BE18-A7D7BF13DADC.jpeg	0.00	18	34	No notes...	Plumbing
877	685.22	2019-08-28 20:01:24.895383	0.00	1	0	worker_uploads/15630 Bent Creek/7FCF0F48-09EE-4C54-BAC0-48EE4B96B6DF.jpeg	0.00	18	33	No notes...	Miscellaneous
878	498.78	2019-08-28 20:02:33.924832	0.00	1	0	worker_uploads/15630 Bent Creek/75207F7D-CEC0-401E-B52E-21CB25E549FE.jpeg	0.00	18	33	No notes...	Miscellaneous
879	184.49	2019-08-28 21:14:35.898149	0.00	1	0	worker_uploads/1800 Nebraska Avenue/F41E2AF3-1F79-477D-A02B-C72CC07B0CF0.jpeg	0.00	18	34	No notes...	Miscellaneous
880	200.00	2019-09-04 00:32:41.194691	0.00	0	1	worker_uploads/13377 Doubletree Circle/Invoice_-__13377_Doubletree_Cir_-_Wellignton_-_AUG_2019.pdf	0.00	15	9	No notes...	Miscellaneous
881	85.00	2019-09-04 00:33:19.321885	0.00	0	1	worker_uploads/4590 Orchid Drive/Invoice_-_4590_Orchid_St_-_Tequesta_-_AUG_2019.pdf	0.00	15	29	No notes...	Miscellaneous
882	85.00	2019-09-04 00:33:56.320955	0.00	0	1	worker_uploads/8944 Escondido Way/Invoice_-__8944_Escondido_Way_-_Boca_Raton_-_AUG_2019.pdf	0.00	15	32	No notes...	Miscellaneous
883	240.75	2019-09-04 18:07:30.916964	0.00	1	0	worker_uploads/13377 Doubletree Circle/13377_Doubletree_fire_cap20190904_14003179.pdf	0.00	17	9	No notes...	Roofing
884	200.00	2019-09-04 18:23:12.572277	0.00	0	0	worker_uploads/13377 Doubletree Circle/Invoice_-__13377_Doubletree_Cir_-_Wellignton_-_AU_m21HtMJ.pdf	0.00	15	9	No notes...	Miscellaneous
885	85.00	2019-09-04 18:23:49.716054	0.00	1	0	worker_uploads/4590 Orchid Drive/Invoice_-_4590_Orchid_St_-_Tequesta_-_AUG_2019_kaFZUo9.pdf	0.00	15	29	No notes...	Miscellaneous
886	85.00	2019-09-04 18:24:16.008076	0.00	0	0	worker_uploads/8944 Escondido Way/Invoice_-__8944_Escondido_Way_-_Boca_Raton_-_AUG_2019_f5iLhoS.pdf	0.00	15	32	No notes...	Miscellaneous
887	128.00	2019-09-11 15:51:07.079576	0.00	1	0	worker_uploads/3614 Poinsettia Avenue/Invoice_4899_from_ACE_SECURITY_LOCKSMITH.pdf	0.00	32	40	No notes...	Miscellaneous
888	78.69	2019-09-11 17:03:04.393621	0.00	1	0	worker_uploads/1800 Nebraska Avenue/CF4151B3-D87B-45CD-BFFC-D9C08D0E4D70.jpeg	0.00	18	34	No notes...	Miscellaneous
889	612.86	2019-09-11 17:04:10.117795	0.00	1	0	worker_uploads/1800 Nebraska Avenue/3E437955-483D-4614-89A4-0D4521516B2B.jpeg	0.00	18	34	No notes...	Miscellaneous
890	421.82	2019-09-19 11:30:18.977643	0.00	1	0	worker_uploads/1800 Nebraska Avenue/3821AACD-5AEE-43C8-8F9E-C47EFFA6E7BC.jpeg	0.00	18	34	No notes...	Miscellaneous
891	78.69	2019-09-20 10:46:56.771221	0.00	1	0	worker_uploads/1800 Nebraska Avenue/BE1D3360-E1D9-432D-AEE4-3576789795B3.jpeg	0.00	18	34	No notes...	
892	482.34	2019-09-20 10:47:58.613832	0.00	1	0	worker_uploads/1800 Nebraska Avenue/6F6849BA-D149-44C4-AE01-34AA392E81F1.jpeg	0.00	18	34	No notes...	Miscellaneous
893	282.78	2019-09-20 10:49:07.783101	0.00	1	0	worker_uploads/1800 Nebraska Avenue/6A03DF54-C212-46DF-A089-59E327CC2A3C.jpeg	0.00	18	34	No notes...	Miscellaneous
894	112.47	2019-09-20 10:50:02.259568	0.00	1	0	worker_uploads/4590 Orchid Drive/F3FA0FC4-C1C2-4124-903A-320726E16FB3.jpeg	0.00	18	29	No notes...	Landscaping
896	488.28	2019-09-20 10:52:14.286621	0.00	1	0	worker_uploads/441 W 35th Street/AB9F024F-B2F3-4DCB-8510-475CC009BB13.jpeg	0.00	18	21	No notes...	Landscaping
897	835.41	2019-09-20 10:53:36.014281	0.00	1	0	worker_uploads/441 W 35th Street/4B09A8FD-93E4-4786-80AD-C50ED1C12291.jpeg	0.00	18	21	No notes...	Miscellaneous
898	1437.25	2019-09-20 10:55:21.231268	0.00	1	0	worker_uploads/441 W 35th Street/5015FBAA-33EA-437D-B9E8-BCB82045961C.jpeg	0.00	18	21	No notes...	Roofing
899	421.82	2019-09-20 10:56:34.79296	0.00	1	0	worker_uploads/1800 Nebraska Avenue/4B7FF95B-B172-465F-A078-665D3D3B4CF7.jpeg	0.00	18	34	No notes...	Miscellaneous
900	409.58	2019-09-25 19:35:02.095029	0.00	1	0	worker_uploads/1800 Nebraska Avenue/A6B748C5-018D-4E8A-A560-218A752E6FEC.jpeg	0.00	18	34	No notes...	Miscellaneous
901	650.00	2019-09-25 19:36:06.765737	0.00	1	0	worker_uploads/8944 Escondido Way/CAC8355E-4A7C-4CC8-AF26-C0408B6A1890.jpeg	0.00	18	32	No notes...	Miscellaneous
902	1781.11	2019-09-25 19:36:30.02834	0.00	0	1	worker_uploads/22852 Marbella Cir/B9B01A68-54F5-464F-9843-7343C7EC0C26.jpeg	0.00	18	1	No notes...	Miscellaneous
903	865.08	2019-09-25 19:38:01.041127	0.00	1	0	worker_uploads/1800 Nebraska Avenue/6C3EF853-957B-41C6-916E-D8016590BE32.jpeg	0.00	18	34	No notes...	Electric
904	1021.45	2019-09-25 19:38:15.689358	0.00	1	0	worker_uploads/13377 Doubletree Circle/71BE4E8C-A225-4AD4-B8A5-5F3AFEA92360.jpeg	0.00	18	9	No notes...	Miscellaneous
905	501.78	2019-09-25 19:39:32.019838	0.00	1	0	worker_uploads/13377 Doubletree Circle/0BC04A83-8B8C-4FF1-BA4F-1A8AD47ECE5A.jpeg	0.00	18	9	No notes...	Miscellaneous
906	1607.30	2019-09-25 19:47:40.554832	0.00	1	0	worker_uploads/22852 Marbella Cir/6F38016A-175D-4110-9F8F-16E07910BB78.jpeg	0.00	18	1	No notes...	Miscellaneous
907	632.30	2019-09-27 14:52:28.040603	0.00	1	0	worker_uploads/4590 Orchid Drive/Inv_6466_from_AMAZING_GLASS__MIRRORS_LLC_1720845108.pdf	0.00	30	29	No notes...	Miscellaneous
908	200.00	2019-10-02 10:24:08.62494	0.00	0	0	worker_uploads/13377 Doubletree Circle/Invoice_-__13377_Doubletree_Cir_-_Wellignton_-_SEP_2019.pdf	0.00	15	9	No notes...	Miscellaneous
909	85.00	2019-10-02 10:24:40.055111	0.00	1	0	worker_uploads/8944 Escondido Way/Invoice_-_8944_Escondido_Way_-_Boca_Raton_-_SETP_2019.pdf	0.00	15	32	No notes...	Miscellaneous
910	85.00	2019-10-02 10:25:13.699156	0.00	1	0	worker_uploads/4590 Orchid Drive/Invoice_-_4590_Orchid_St_-_Tequesta_-_SETP_2019.pdf	0.00	15	29	No notes...	Miscellaneous
911	1012.61	2019-10-15 17:14:57.981023	0.00	0	1	worker_uploads/8944 Escondido Way/Invoice_1315_from_MA_Inc-signed.pdf	0.00	18	32	No notes...	Landscaping
912	203.01	2019-10-15 17:17:37.909919	0.00	0	1	worker_uploads/22852 Marbella Cir/Invoice_1316_from_MA_Inc-signed.pdf	0.00	18	1	No notes...	Landscaping
913	732.14	2019-10-16 17:24:09.510695	0.00	1	0	worker_uploads/8944 Escondido Way/Invoice_1324_from_MA_Inc.pdf	0.00	18	32	No notes...	Roofing
914	673.21	2019-10-16 17:25:40.973369	0.00	1	0	worker_uploads/13377 Doubletree Circle/2019-10-15_invoice_SamJack_Blackstone_1323.pdf	0.00	18	9	No notes...	Miscellaneous
915	485.78	2019-10-16 17:27:45.935996	0.00	1	0	worker_uploads/1800 Nebraska Avenue/2019-10-12_invoice_SamJack_Blackstone_1325.pdf	0.00	18	34	No notes...	Miscellaneous
916	428.90	2019-10-16 17:29:09.357285	0.00	1	0	worker_uploads/4590 Orchid Drive/Invoice_1326_from_MA_Inc.pdf	0.00	18	29	No notes...	Plumbing
917	6847.67	2019-10-16 17:33:43.075308	0.00	1	0	worker_uploads/4813 SE Chiles Court/2019-10-16_invoice_SamJack_Blackstone_1328.pdf	0.00	18	37	No notes...	Demolition
918	184.49	2019-10-16 17:39:28.372987	0.00	1	0	worker_uploads/1800 Nebraska Avenue/2019-10-16_invoice_SamJack_Blackstone_1329.pdf	0.00	18	34	No notes...	Miscellaneous
919	395.00	2019-10-16 17:43:23.840967	0.00	1	0	worker_uploads/1800 Nebraska Avenue/Samjack_Blackstone_-_Mayfair_at_Lanwood_-_Invoice.pdf	0.00	41	34	No notes...	Miscellaneous
920	3111.39	2019-10-16 17:50:47.322256	0.00	1	0	worker_uploads/13377 Doubletree Circle/E2554771-41A5-4E0D-BABB-40A5AEC8EA06.jpeg	0.00	48	9	No notes...	Electric
921	1057.26	2019-10-16 18:17:58.070171	0.00	0	0	worker_uploads/22852 Marbella Cir/Invoice_1317_from_MA_Inc_1.pdf	0.00	18	1	No notes...	Miscellaneous
922	246.73	2019-10-16 18:19:00.157873	0.00	0	0	worker_uploads/441 W 35th Street/Invoice_1318_from_MA_Inc-signed.pdf	0.00	18	21	No notes...	Electric
923	1036.47	2019-10-16 18:19:54.342972	0.00	0	0	worker_uploads/22852 Marbella Cir/Invoice_1319_from_MA_Inc_1.pdf	0.00	18	1	No notes...	Electric
924	4207.62	2019-10-16 18:20:37.523535	0.00	0	0	worker_uploads/441 W 35th Street/Invoice_1320_from_MA_Inc_1.pdf	0.00	18	21	No notes...	Electric
925	909.25	2019-10-16 18:27:29.737453	0.00	0	0	worker_uploads/3614 Poinsettia Avenue/Invoice_1321_from_MA_Inc-signed.pdf	0.00	18	40	No notes...	Electric
926	1837.42	2019-10-16 18:28:48.383588	0.00	0	0	worker_uploads/3614 Poinsettia Avenue/Invoice_1322_from_MA_Inc_1.pdf	0.00	18	40	No notes...	Miscellaneous
927	200.00	2019-10-23 13:27:48.042775	0.00	0	1	worker_uploads/13377 Doubletree Circle/Invoice_-__13377_Doubletree_Cir_-_Wellignton_-_SE_eQFSl9F.pdf	0.00	15	9	No notes...	Miscellaneous
928	100.00	2019-10-23 13:36:41.615794	0.00	0	1	worker_uploads/13377 Doubletree Circle/Invoice_-__13377_Doubletree_Cir_-_Wellignton_-_St_zieFj1w.pdf	0.00	15	9	No notes...	Miscellaneous
929	331.47	2019-10-23 21:03:11.028933	0.00	1	0	worker_uploads/1800 Nebraska Avenue/C7B27B7F-E797-4431-A86D-FA49EC76859C.jpeg	0.00	18	34	No notes...	Miscellaneous
930	184.49	2019-10-23 21:04:18.919419	0.00	1	0	worker_uploads/15630 Bent Creek/9CDE0F11-0679-406C-AA92-FCEC5BEACFCF.jpeg	0.00	18	33	No notes...	Miscellaneous
931	623.43	2019-10-23 21:05:32.306322	0.00	1	0	worker_uploads/1800 Nebraska Avenue/48EFACEC-A06D-4354-9B0C-5299F2BC2BD8.jpeg	0.00	18	34	No notes...	Electric
932	2760.45	2019-10-23 21:06:57.241176	0.00	1	0	worker_uploads/3614 Poinsettia Avenue/D1CA8BC7-DF10-4CC2-A6D7-D89F938DE655.jpeg	0.00	18	40	No notes...	Miscellaneous
933	2160.38	2019-10-23 21:09:00.997676	0.00	1	0	worker_uploads/441 W 35th Street/2019-10-23_invoice_SamJack_Blackstone_1339.pdf	0.00	18	21	No notes...	Plumbing
934	515.71	2019-10-23 21:10:59.835062	0.00	1	0	worker_uploads/441 W 35th Street/79CE71BD-E301-4E43-868E-8D3E9D62020C.jpeg	0.00	18	21	No notes...	Drywall
935	224.29	2019-10-23 21:12:22.342869	0.00	1	0	worker_uploads/4590 Orchid Drive/9B1F4395-4BAF-482D-BC58-1E18265D03A3.jpeg	0.00	18	29	No notes...	Landscaping
936	122.07	2019-10-23 21:13:43.636939	0.00	1	0	worker_uploads/441 W 35th Street/E359AF3F-C04C-4224-B307-1ACEF675C38B.jpeg	0.00	18	21	No notes...	Landscaping
937	122.07	2019-10-23 21:15:57.532321	0.00	1	0	worker_uploads/3614 Poinsettia Avenue/04CCBCE1-1401-4DD0-BD89-CE0D5E9669EC.jpeg	0.00	18	40	No notes...	Landscaping
938	212.43	2019-10-30 20:21:06.036162	0.00	1	0	worker_uploads/4590 Orchid Drive/Invoice_1340.pdf	0.00	18	29	No notes...	Electric
939	2540.21	2019-10-30 20:36:24.552978	0.00	1	0	worker_uploads/4590 Orchid Drive/2019-10-29_invoice_SamJack_Blackstone_1342.pdf	0.00	18	29	No notes...	Cabinet/Countertop
940	858.16	2019-10-30 20:37:49.735677	0.00	1	0	worker_uploads/4590 Orchid Drive/2019-10-15_invoice_SamJack_Blackstone_1343.pdf	0.00	18	29	No notes...	Plumbing
941	37060.00	2019-10-30 20:39:07.1015	0.00	1	0	worker_uploads/3177 NE Lake Ave/2019-10-30_invoice_SamJack_Blackstone_1347.pdf	0.00	18	39	No notes...	Miscellaneous
942	1644.97	2019-10-30 20:40:27.480792	0.00	1	0	worker_uploads/13377 Doubletree Circle/2019-10-30_invoice_SamJack_Blackstone_1348.pdf	0.00	18	9	No notes...	Window/Door
943	122.07	2019-10-30 20:44:11.726096	0.00	1	0	worker_uploads/3614 Poinsettia Avenue/2019-10-02_invoice_SamJack_Blackstone_1313.pdf	0.00	18	40	No notes...	Landscaping
944	818.77	2019-10-30 20:55:53.439399	0.00	1	0	worker_uploads/1800 Nebraska Avenue/C0EAEB35-831E-4F5F-8262-DC7806D6B1D4.jpeg	0.00	18	34	No notes...	Miscellaneous
945	151.23	2019-10-30 20:56:35.002478	0.00	1	0	worker_uploads/1800 Nebraska Avenue/B549DAEA-8A26-40C0-9BB7-042BDF76DCB5.jpeg	0.00	18	34	No notes...	Miscellaneous
946	312.78	2019-10-30 20:57:39.290302	0.00	1	0	worker_uploads/1800 Nebraska Avenue/7EF775F2-B1E9-457C-91EB-FB71EE9E449B.jpeg	0.00	18	34	No notes...	Plumbing
947	85.00	2019-11-05 17:40:55.797405	0.00	0	0	worker_uploads/8944 Escondido Way/Invoice_-_8944_Escondido_Way_-_Boca_Raton_-_OUT_2019.pdf	0.00	15	32	No notes...	Miscellaneous
948	85.00	2019-11-05 17:41:19.335231	0.00	0	0	worker_uploads/4590 Orchid Drive/Invoice_-_4590_Orchid_St_-_Tequesta_-__OUT_2019.pdf	0.00	15	29	No notes...	Miscellaneous
949	304.41	2019-11-22 14:45:54.386938	0.00	1	0	worker_uploads/3614 Poinsettia Avenue/Invoice_1359_from_MA_Inc.pdf	0.00	18	40	No notes...	Plumbing
950	407.13	2019-11-22 14:47:00.902984	0.00	1	0	worker_uploads/4590 Orchid Drive/Invoice_1361_from_MA_Inc.pdf	0.00	18	29	No notes...	Cabinet/Countertop
951	295.12	2019-11-22 14:47:53.993919	0.00	1	0	worker_uploads/1800 Nebraska Avenue/Invoice_1360_from_MA_Inc.pdf	0.00	18	34	No notes...	Miscellaneous
952	295.12	2019-11-22 17:07:42.591899	0.00	0	1	worker_uploads/1800 Nebraska Avenue/471E4B34-E019-4399-BC78-A5D69814E6C5.png	0.00	18	34	No notes...	Miscellaneous
953	3995.92	2019-11-22 17:12:52.190905	0.00	1	0	worker_uploads/1800 Nebraska Avenue/11-13-19_ELEctrical_disonnectors-all_units20191113_16305455.pdf	0.00	18	34	No notes...	Electric
954	2355.63	2019-11-22 17:32:00.101345	0.00	1	0	worker_uploads/1800 Nebraska Avenue/0C4880FF-C332-4EFE-BBCC-D67A5BB20585.jpeg	0.00	18	34	No notes...	Miscellaneous
955	832.14	2019-11-22 17:43:50.600744	0.00	1	0	worker_uploads/3614 Poinsettia Avenue/7B121F90-16A4-4813-AEB9-66C3B96E7631.jpeg	0.00	18	40	No notes...	Window/Door
956	1707.35	2019-11-22 17:44:34.768037	0.00	1	0	worker_uploads/441 W 35th Street/7EC39072-02FE-45ED-81B3-086643C46DCF.jpeg	0.00	18	21	No notes...	Plumbing
957	223.71	2019-11-22 17:46:37.433512	0.00	1	0	worker_uploads/3614 Poinsettia Avenue/AF11B136-0D4D-414B-9767-9BE1BE629A4B.jpeg	0.00	18	40	No notes...	Electric
958	201.12	2019-11-22 17:47:45.317454	0.00	1	0	worker_uploads/441 W 35th Street/0E818075-9C85-423B-A421-9B33227C5009.jpeg	0.00	18	21	No notes...	Demolition
959	401.78	2019-11-22 17:50:01.852097	0.00	1	0	worker_uploads/1800 Nebraska Avenue/C38E17F9-AB81-45F4-9890-00EEC9954972.jpeg	0.00	18	34	No notes...	Miscellaneous
960	500.00	2019-11-22 17:53:31.675992	0.00	1	0	worker_uploads/127 Canterbury Place/D93DFA53-69CD-433F-9702-AEAD63B97A18.jpeg	0.00	29	43	No notes...	Miscellaneous
961	743.81	2019-11-22 17:57:43.071314	0.00	1	0	worker_uploads/4813 SE Chiles Court/FD4DF90C-98FC-42AB-AAA8-51D9E741FCA9.jpeg	0.00	18	37	No notes...	Drywall
962	85.00	2019-11-22 18:00:42.65598	0.00	1	0	worker_uploads/4590 Orchid Drive/407E692F-4BA0-416B-8D9A-88658E5DE1AE.jpeg	0.00	16	29	No notes...	Miscellaneous
963	85.00	2019-11-22 18:02:40.892458	0.00	1	0	worker_uploads/8944 Escondido Way/1B9ECF8A-8BA3-4E84-92BD-CE7D3846B6F0.jpeg	0.00	16	32	No notes...	Miscellaneous
964	301.22	2019-11-22 18:04:36.286701	0.00	1	0	worker_uploads/441 W 35th Street/B3F5283C-AB39-4720-B3DE-C44C849AE295.jpeg	0.00	18	21	No notes...	Miscellaneous
965	85.00	2019-12-03 01:01:05.038451	0.00	0	0	worker_uploads/4590 Orchid Drive/Invoice_-_4590_Orchid_St_-_Tequesta_-__NOV_2019.pdf	0.00	15	29	No notes...	Miscellaneous
966	85.00	2019-12-03 01:01:35.550093	0.00	0	0	worker_uploads/8944 Escondido Way/Invoice_-_8944_Escondido_Way_-_Boca_Raton_-_NOV_2019.pdf	0.00	15	32	No notes...	Miscellaneous
967	10350.00	2019-12-20 18:27:47.047037	0.00	1	0	worker_uploads/2899 SE Amherst - Rental/4C3BB937-5382-41B6-A2E5-3BC8DF4E5E2C.jpeg	0.00	9	42	Bart got paid 30% on 12/20/2019 - $3105	Miscellaneous
\.


--
-- Data for Name: jobs_request_payment; Type: TABLE DATA; Schema: public; Owner: genuwine12
--

COPY public.jobs_request_payment (id, submit_date, approved_date, amount, approved, document_link, house_id, job_id, created_by_system, rejected, paid_link) FROM stdin;
3	2018-03-14 19:51:40.615	2018-03-14 22:11:13.66	900.00	1		23	7	0	0	\N
5	2018-03-15 17:29:21.185	2018-03-15 17:29:52.294	1800.00	1		12	9	0	0	\N
6	2018-03-22 02:41:16.882	2018-03-22 02:48:11.382	990.00	1		15	15	0	0	\N
8	2018-03-22 03:22:31.468	2018-03-22 03:26:50.324	1260.00	1	admin_uploads/GedeonProfessionalLandscape-16785 Temple Blvd/Andre_Mashraghi-Resume_FAU.pdf	12	16	0	0	\N
9	2018-03-22 03:23:30.173	2018-03-22 03:26:54.893	1390.00	1	admin_uploads/kingairconditioning-4680 NE Sandpebble Trace/Andre_Mashraghi-Resume_FAU.pdf	14	13	0	0	\N
10	2018-03-22 03:24:30.545	2018-03-22 03:26:58.64	110.00	1	admin_uploads/GedeonProfessionalLandscape-1432 Cold Springs Ct/Andre_Mashraghi-Resume_FAU.pdf	20	17	0	0	\N
11	2018-03-22 03:25:59.103	2018-03-22 03:27:01.899	120.00	1	admin_uploads/GedeonProfessionalLandscape-11852 61st St N/Andre_Mashraghi-Resume_FAU.pdf	24	18	0	0	\N
12	2018-03-22 03:29:10.85	2018-03-22 03:29:53.095	225.00	1	admin_uploads/allcompany-3015 Rockville Ln/owner_names2.csv	28	19	0	0	\N
14	2018-03-29 02:58:15.162	2018-03-29 03:21:03.655	225.00	1		28	27	0	0	\N
15	2018-03-29 03:05:18.823	2018-03-29 03:06:29.426	395.00	1	admin_uploads/JamesLawton-5033 Solar Point Drive/3015_cancellation.pdf	4	25	0	0	\N
16	2018-03-29 03:09:24.644	2018-03-29 03:21:19.511	70.00	1	admin_uploads/GedeonProfessionalLandscape-117 Waterview Way/3015_cancellation.pdf	26	21	0	0	\N
17	2018-03-29 03:11:25.424	2018-03-29 03:14:46.235	200.00	1	admin_uploads/JamesLawton-3916 NW Deer Oak/3015_cancellation.pdf	2	23	0	0	\N
18	2018-03-29 03:12:09.118	2018-03-29 03:21:22.824	175.00	1	admin_uploads/JamesLawton-5033 Solar Point Drive/3015_cancellation_5xdHWJl.pdf	4	24	0	0	\N
19	2018-03-29 03:13:32.219	2018-03-29 03:21:13.526	400.00	1	admin_uploads/GedeonProfessionalLandscape-13377 Doubletree Circle/3015_cancellation.pdf	9	20	0	0	\N
20	2018-03-29 18:49:53.383	2018-03-29 18:52:35.565	1770.00	1		15	28	0	0	\N
21	2018-04-03 01:23:23.105	2018-04-03 01:23:23.105	2497.50	1		27	30	0	0	\N
22	2018-04-05 02:57:53.029	2018-04-05 02:57:53.029	85.00	1		2	33	0	0	\N
23	2018-04-05 02:58:03.528	2018-04-05 02:58:03.528	85.00	1		8	36	0	0	\N
24	2018-04-05 02:58:31.124	2018-04-05 02:58:31.124	85.00	1		11	35	0	0	\N
25	2018-04-05 03:00:40.153	2018-04-05 03:00:40.154	85.00	1		20	38	0	0	\N
26	2018-04-05 03:00:56.155	2018-04-05 03:00:56.155	275.00	1		20	31	0	0	\N
27	2018-04-11 01:44:08.571027	2018-04-11 01:44:08.571072	350.00	1		12	41	0	0	\N
28	2018-04-11 01:44:11.301695	2018-04-11 01:44:11.301738	85.00	1		19	43	0	0	\N
29	2018-04-11 01:44:14.302074	2018-04-11 01:44:14.302347	85.00	1		20	42	0	0	\N
30	2018-04-12 02:19:05.746553	2018-04-12 02:19:05.7466	120.00	1		12	45	0	0	\N
31	2018-04-12 02:20:42.128389	2018-04-12 02:20:42.128434	435.00	1		15	48	0	0	\N
32	2018-04-12 02:21:04.322132	2018-04-12 02:21:04.322174	110.00	1		20	46	0	0	\N
33	2018-04-12 02:21:19.960454	2018-04-12 02:21:19.960499	120.00	1		24	47	0	0	\N
34	2018-04-12 02:25:49.810133	2018-04-12 02:25:49.810176	1300.00	1		15	51	0	0	\N
36	2018-04-12 03:45:52.087787	2018-04-12 03:45:52.08783	89.00	1		13	52	0	0	\N
37	2018-04-18 21:47:38.522228	2018-04-18 21:47:38.522307	120.00	1		9	53	0	0	\N
39	2018-04-18 22:23:12.645097	2018-04-18 22:23:12.645161	340.87	1		22	58	0	0	\N
40	2018-04-18 22:23:15.322272	2018-04-18 22:23:15.322325	289.61	1		23	59	0	0	\N
41	2018-04-18 22:23:33.698125	2018-04-18 22:23:33.69817	4100.68	1		21	57	0	0	\N
42	2018-04-19 03:04:01.428098	2018-04-19 03:04:01.428141	1700.00	1		21	65	0	0	\N
44	2018-04-19 03:04:17.70998	2018-04-19 03:04:17.710066	2203.50	1		27	64	0	0	\N
45	2018-04-19 03:27:17.206283	2018-04-19 03:27:17.206331	770.00	1		15	67	0	0	\N
46	2018-04-19 03:27:21.233571	2018-04-19 03:27:21.23361	294.25	1		20	69	0	0	\N
47	2018-04-19 03:27:24.697915	2018-04-19 03:27:24.697957	321.00	1		23	70	0	0	\N
48	2018-04-19 03:27:30.588689	2018-04-19 03:27:30.588769	250.00	1		26	68	0	0	\N
49	2018-04-19 03:27:35.429258	2018-04-19 03:27:35.429311	267.00	1		28	71	0	0	\N
50	2018-04-25 16:06:47.001453	2018-04-25 16:06:47.00151	650.00	1		22	73	0	0	\N
51	2018-04-25 16:06:50.522885	2018-04-25 16:06:50.522945	2500.00	1		22	76	0	0	\N
52	2018-04-25 16:07:01.217005	2018-04-25 16:07:01.217052	2750.00	1		24	75	0	0	\N
53	2018-04-25 16:07:55.721045	2018-04-25 16:07:55.721124	289.61	1		23	74	0	0	\N
54	2018-04-26 01:50:33.984688	2018-04-26 01:50:33.984728	100.00	1		18	78	0	0	\N
55	2018-04-26 01:53:06.757253	2018-04-26 01:53:06.757329	1376.14	1		26	80	0	0	\N
56	2018-05-01 19:59:32.025367	2018-05-01 19:59:32.025406	650.00	1		18	84	0	0	\N
57	2018-05-02 12:18:12.474188	2018-05-02 12:18:12.474253	1376.14	0		26	87	0	0	\N
58	2018-05-02 12:18:17.9604	2018-05-02 12:18:17.960462	5141.50	1		27	86	0	0	\N
59	2018-05-02 12:44:36.171482	2018-05-02 12:44:36.171526	101.65	1		10	88	0	0	\N
60	2018-05-02 12:44:41.602377	2018-05-02 12:44:41.60244	481.50	1		28	89	0	0	\N
61	2018-05-02 15:09:27.912162	2018-05-02 15:09:27.912203	150.00	1		20	90	0	0	\N
62	2018-05-02 16:10:22.166247	2018-05-02 16:10:22.166349	550.00	1		22	91	0	0	\N
63	2018-05-02 17:47:19.002215	2018-05-02 17:47:19.002282	200.00	1		6	83	0	0	\N
64	2018-05-02 17:47:20.738304	2018-05-02 17:47:20.738343	70.00	1		26	85	0	0	\N
65	2018-05-02 17:47:22.146567	2018-05-02 17:47:22.146631	120.00	1		9	82	0	0	\N
66	2018-05-02 18:00:14.751852	2018-05-02 18:00:14.751892	6.98	0		22	92	0	0	\N
67	2018-05-02 18:00:17.473812	2018-05-02 18:00:17.473888	399.75	1		21	93	0	0	\N
68	2018-05-02 20:22:34.620808	2018-05-02 20:22:34.62085	1754.76	1		22	94	0	0	\N
69	2018-05-02 20:22:38.719405	2018-05-02 20:22:38.719487	2900.00	1		27	95	0	0	\N
70	2018-05-02 20:35:22.876373	2018-05-02 20:35:22.876414	2568.33	1		22	96	0	0	\N
71	2018-05-02 20:35:24.984195	2018-05-02 20:35:24.984251	35.76	1		22	97	0	0	\N
73	2018-05-09 01:30:27.268717	2018-05-09 01:30:27.268758	85.00	1		8	101	0	0	\N
74	2018-05-09 19:25:13.373222	2018-05-09 19:25:13.373266	440.00	1		14	103	0	0	\N
75	2018-05-09 19:25:28.585275	2018-05-09 19:25:28.585349	1500.00	1	customer_uploads/documents/electricalandlightingdesignllc-414 Griswold Dr-1500.00/5-10-2018.pdf	27	104	0	0	\N
76	2018-05-09 19:28:01.150502	2018-05-09 19:28:01.150563	85.00	1		9	99	0	0	\N
77	2018-05-09 19:28:29.405349	2018-05-09 19:28:29.405411	85.00	1		11	100	0	0	\N
78	2018-05-09 19:28:38.062793	2018-05-09 19:28:38.062859	120.00	1		12	106	0	0	\N
79	2018-05-09 19:28:56.903901	2018-05-09 19:28:56.903979	85.00	1		20	102	0	0	\N
80	2018-05-09 19:30:25.364901	2018-05-09 19:30:25.364943	110.00	1		20	108	0	0	\N
81	2018-05-09 19:33:18.303288	2018-05-09 19:33:18.303361	120.00	1		9	105	0	0	\N
82	2018-05-09 19:33:25.657377	2018-05-09 19:33:25.657418	120.00	1		24	107	0	0	\N
83	2018-05-09 19:33:30.598613	2018-05-09 19:33:30.598681	250.00	1		24	109	0	0	\N
84	2018-05-09 20:43:02.230434	2018-05-09 20:43:02.230516	3174.66	1		22	110	0	0	\N
85	2018-05-09 20:43:15.038148	2018-05-09 20:43:15.038234	3902.09	1		26	111	0	0	\N
86	2018-05-16 20:11:46.275239	2018-05-16 20:11:46.27528	4175.25	1		21	116	0	0	\N
87	2018-05-16 20:11:59.761745	2018-05-16 20:11:59.761812	766.68	1		22	112	0	0	\N
88	2018-05-16 20:18:45.118127	2018-05-16 20:18:45.118216	1475.98	1		22	115	0	0	\N
89	2018-05-16 20:19:18.525356	2018-05-16 20:19:18.525398	465.00	1		24	113	0	0	\N
90	2018-05-16 20:27:35.205641	2018-05-16 20:27:35.205724	2172.53	1		22	117	0	0	\N
92	2018-05-17 19:08:10.237067	2018-05-17 19:08:10.237109	366.00	1		4	123	0	0	\N
96	2018-05-23 14:38:14.908567	2018-05-23 14:38:14.908614	400.00	1		23	126	0	0	\N
98	2018-05-23 19:25:28.340426	2018-05-23 19:25:28.34047	900.00	1		22	130	0	0	\N
99	2018-05-23 19:26:40.886807	2018-05-23 19:26:40.886846	900.00	1		24	129	0	0	\N
101	2018-05-23 20:37:58.82585	2018-05-23 20:37:58.8259	35.00	1		7	134	0	0	\N
102	2018-05-23 20:38:02.856778	2018-05-23 20:38:02.856818	40.00	1		11	131	0	0	\N
103	2018-05-23 20:38:06.429371	2018-05-23 20:38:06.429417	35.00	1		21	132	0	0	\N
104	2018-05-23 20:38:09.819158	2018-05-23 20:38:09.819268	40.00	1		27	133	0	0	\N
105	2018-05-23 21:03:53.308648	2018-05-23 21:03:53.308733	172.78	1		8	136	0	0	\N
106	2018-05-23 21:03:58.443645	2018-05-23 21:03:58.44369	1800.00	1		27	135	0	0	\N
107	2018-05-23 21:04:08.229722	2018-05-23 21:04:08.2298	235.27	1		29	137	0	0	\N
109	2018-05-25 16:10:01.805063	2018-05-23 21:04:08.2298	2000.00	1		24	128	0	0	\N
110	2018-05-30 14:25:11.860791	2018-05-30 14:25:11.860834	300.00	1		22	141	0	0	\N
111	2018-05-30 14:25:16.5004	2018-05-30 14:25:16.500763	3000.00	1		24	140	0	0	\N
112	2018-05-30 19:40:59.075178	2018-05-30 19:40:59.075274	275.00	1		20	147	0	0	\N
113	2018-05-30 19:41:01.721828	2018-05-30 19:41:01.721925	300.00	1		15	144	0	0	\N
114	2018-05-30 19:41:10.667233	2018-05-30 19:41:10.667292	300.00	1		23	145	0	0	\N
115	2018-05-30 19:41:15.916942	2018-05-30 19:41:15.917036	250.00	1		28	148	0	0	\N
116	2018-05-30 19:52:56.808722	2018-05-30 19:52:56.808798	600.00	1		30	143	0	0	\N
117	2018-05-30 19:53:04.201438	2018-05-30 19:53:04.20149	102.22	1		27	149	0	0	\N
118	2018-05-30 20:03:38.257566	2018-05-30 20:03:38.257622	2651.02	1		27	150	0	0	customer_uploads/documents/414 Griswold Dr/SJBWK_11-16-1820181115111437_1.pdf
119	2018-06-06 17:21:29.103649	2018-06-06 17:21:29.103752	120.00	1		12	158	0	0	\N
121	2018-06-06 20:26:59.29565	2018-06-06 20:26:59.295775	40.00	1		27	170	0	0	\N
123	2018-06-06 22:16:11.486949	2018-06-06 22:16:11.487021	85.00	1		2	162	0	0	\N
124	2018-06-06 22:16:22.958885	2018-06-06 22:16:22.958929	172.78	1		8	153	0	0	\N
125	2018-06-06 22:16:35.966901	2018-06-06 22:16:35.966944	85.00	1		8	164	0	0	\N
126	2018-06-06 22:16:49.044432	2018-06-06 22:16:49.044505	85.00	1		9	161	0	0	\N
127	2018-06-06 22:17:02.899014	2018-06-06 22:17:02.899106	85.00	1		11	163	0	0	\N
128	2018-06-06 22:17:07.78624	2018-06-06 22:17:07.786282	800.00	1		12	165	0	0	\N
129	2018-06-06 22:17:21.433408	2018-06-06 22:17:21.433601	385.00	1		15	168	0	0	\N
130	2018-06-06 22:17:28.47092	2018-06-06 22:17:28.470963	5065.30	1		22	155	0	0	\N
131	2018-06-06 22:17:40.158897	2018-06-06 22:17:40.158951	85.00	1		22	160	0	0	\N
132	2018-06-06 22:17:52.086998	2018-06-06 22:17:52.087041	120.00	1		24	159	0	0	\N
133	2018-06-06 22:17:58.259147	2018-06-06 22:17:58.259228	105.00	1		26	157	0	0	\N
135	2018-06-06 22:18:45.677861	2018-06-06 22:18:45.677935	150.00	1		28	167	0	0	\N
136	2018-06-06 22:18:54.026848	2018-06-06 22:18:54.026892	235.27	1		29	152	0	0	\N
137	2018-06-06 22:18:57.038857	2018-06-06 22:18:57.0389	200.00	1		29	156	0	0	\N
141	2018-06-06 22:49:58.098066	2018-06-06 22:49:58.098141	1120.00	1		27	175	0	0	\N
142	2018-06-06 23:00:46.207692	2018-06-06 23:00:46.207747	6136.20	1		26	177	0	0	\N
143	2018-06-06 23:13:03.007086	2018-06-06 23:13:03.007132	196.88	1		27	178	0	0	\N
144	2018-06-12 00:36:50.989912	2018-06-12 00:36:50.989959	385.00	1	customer_uploads/documents/allcompany-414 Griswold Dr-385.00/Scanned_20180609-1112.pdf	27	181	0	0	\N
147	2018-06-12 02:24:40.612464	2018-06-12 02:24:40.612511	170.00	1		16	192	0	0	\N
149	2018-06-12 02:30:20.430488	2018-06-12 02:30:20.430534	2497.50	1		27	180	0	0	\N
150	2018-06-12 02:30:32.371716	2018-06-12 02:30:32.371799	366.00	1		4	193	0	0	\N
151	2018-06-12 02:30:40.162121	2018-06-12 02:30:40.162168	196.88	1		4	195	0	0	\N
153	2018-06-13 22:20:36.886422	2018-06-13 22:20:36.886491	600.00	1		4	203	0	0	\N
154	2018-06-13 22:23:26.372008	2018-06-13 22:23:26.372132	3700.00	1		9	201	0	0	\N
155	2018-06-13 22:23:48.982435	2018-06-13 22:23:48.98248	200.00	1		26	200	0	0	\N
156	2018-06-13 22:24:49.468287	2018-06-13 22:24:49.468335	150.00	1		26	202	0	0	\N
157	2018-06-13 22:25:18.389383	2018-06-13 22:25:18.389427	200.00	1		28	199	0	0	\N
159	2018-06-14 12:50:05.669702	2018-06-14 12:50:05.669746	1500.00	1		26	197	0	0	\N
160	2018-06-20 20:51:13.761897	2018-06-20 20:51:13.761989	179.00	1		28	205	0	0	\N
161	2018-06-20 20:51:39.451955	2018-06-20 20:51:39.451999	500.00	1		26	204	0	0	\N
162	2018-06-20 20:56:22.740888	2018-06-20 20:56:22.740935	2000.00	1		26	206	0	0	\N
163	2018-06-20 21:09:51.190668	2018-06-20 21:09:51.190711	1800.00	1	customer_uploads/documents/avanzzopainting-6924 Camille Street-1800.00/Addendum_2_1000_Credit.pdf	22	173	0	0	\N
164	2018-06-27 22:06:17.805018	2018-06-27 22:06:17.80506	60.00	1		29	207	0	0	\N
165	2018-06-27 22:06:22.49943	2018-06-27 22:06:22.499473	251.49	1		24	208	0	0	\N
166	2018-06-27 22:26:34.800283	2018-06-27 22:26:34.800329	758.77	1		4	211	0	0	\N
167	2018-06-27 22:26:42.916358	2018-06-27 22:26:42.916401	1870.54	1		22	213	0	0	\N
168	2018-06-27 22:26:49.103044	2018-06-27 22:26:49.103087	686.78	1		22	214	0	0	\N
169	2018-06-27 22:27:40.384402	2018-06-27 22:27:40.384444	2808.74	1		26	215	0	0	\N
170	2018-06-27 22:27:53.630522	2018-06-27 22:27:53.630591	324.11	1		27	212	0	0	\N
172	2018-06-27 22:46:47.965676	2018-06-27 22:46:47.965718	50.00	1		7	218	0	0	\N
173	2018-06-27 22:46:53.044262	2018-06-27 22:46:53.04433	50.00	1		21	217	0	0	\N
174	2018-07-04 23:17:53.792876	2018-07-04 23:17:53.79292	85.00	1		2	224	0	0	\N
175	2018-07-04 23:18:14.669559	2018-07-04 23:18:14.669603	85.00	1		8	223	0	0	\N
176	2018-07-04 23:18:49.121698	2018-07-04 23:18:49.121741	120.00	1		9	228	0	0	\N
177	2018-07-04 23:21:47.859548	2018-07-04 23:21:47.859599	6275.25	1		21	229	0	0	\N
178	2018-07-04 23:22:07.035434	2018-07-04 23:22:07.035545	85.00	1		22	220	0	0	\N
179	2018-07-04 23:30:49.185748	2018-07-04 23:30:49.185811	366.00	1		28	219	0	0	\N
180	2018-07-04 23:31:17.846636	2018-07-04 23:31:17.846682	120.00	1		12	226	0	0	\N
181	2018-07-04 23:31:48.412934	2018-07-04 23:31:48.41298	120.00	1		24	227	0	0	\N
182	2018-07-04 23:47:21.942324	2018-07-04 23:47:21.942399	160.12	1		27	233	0	0	\N
183	2018-07-04 23:47:56.529816	2018-07-04 23:47:56.52986	760.00	1		9	231	0	0	\N
184	2018-07-04 23:48:01.64182	2018-07-04 23:48:01.641864	305.21	1		6	232	0	0	\N
185	2018-07-04 23:52:27.408261	2018-07-04 23:52:27.408306	70.00	1		26	225	0	0	\N
186	2018-07-04 23:52:34.824258	2018-07-04 23:52:34.824305	1380.21	1		26	234	0	0	\N
189	2018-07-11 16:46:12.557452	2018-07-11 16:46:12.557518	275.00	1		31	236	0	0	\N
190	2018-07-11 18:53:28.342011	2018-07-11 18:53:28.342049	400.00	1		32	235	0	0	\N
191	2018-07-11 21:03:40.139684	2018-07-11 21:03:40.139768	400.00	1		4	240	0	0	\N
192	2018-07-11 21:03:51.033986	2018-07-11 21:03:51.034027	121.83	1		4	241	0	0	\N
193	2018-07-11 21:05:09.603587	2018-07-11 21:05:09.603631	299.39	1		26	242	0	0	\N
194	2018-07-11 21:21:52.251585	2018-07-11 21:21:52.251627	400.00	1		16	238	0	0	\N
195	2018-07-11 21:23:06.793698	2018-07-11 21:23:06.793738	3630.65	1		21	243	0	0	\N
196	2018-07-11 21:23:35.224183	2018-07-11 21:23:35.224231	250.00	1		26	237	0	0	\N
197	2018-07-11 21:24:15.454393	2018-07-11 21:24:15.454437	6688.71	1		26	239	0	0	\N
198	2018-07-11 21:48:23.079262	2018-07-11 21:48:23.079305	85.00	1		9	221	0	0	\N
199	2018-07-17 01:25:23.127347	2018-07-17 01:25:23.127417	180.00	1		26	244	0	0	\N
200	2018-07-18 14:53:52.765782	2018-07-18 14:53:52.765871	765.00	1		26	245	0	0	\N
201	2018-07-18 22:31:04.961712	2018-07-18 22:31:04.961802	600.00	1		26	247	0	0	\N
202	2018-07-18 22:31:21.089133	2018-07-18 22:31:21.089216	500.00	1		22	246	0	0	\N
203	2018-07-18 22:58:03.135513	2018-07-18 22:58:03.135584	300.00	1		27	248	0	0	\N
204	2018-07-18 22:58:13.699084	2018-07-18 22:58:13.699168	2635.22	1		27	249	0	0	\N
205	2018-07-25 22:01:15.641968	2018-07-25 22:01:15.642068	3880.00	1		23	251	0	0	\N
206	2018-07-25 22:01:57.699245	2018-07-25 22:01:57.69935	1756.82	1		22	256	0	0	\N
207	2018-07-25 22:02:05.6814	2018-07-25 22:02:05.681502	1610.00	1		22	250	0	0	\N
208	2018-07-25 22:02:25.40879	2018-07-25 22:02:25.408848	3100.00	1		21	253	0	0	\N
209	2018-07-25 22:02:35.597438	2018-07-25 22:02:35.597539	701.22	1		27	252	0	0	\N
210	2018-07-25 22:25:23.18991	2018-07-25 22:25:23.189971	14.96	1		27	261	0	0	\N
211	2018-07-25 22:28:05.024076	2018-07-25 22:28:05.024121	425.00	1		8	259	0	0	\N
212	2018-07-25 22:28:13.552054	2018-07-25 22:28:13.552106	175.00	1		26	260	0	0	\N
213	2018-07-25 22:38:10.471664	2018-07-25 22:38:10.471754	3233.54	1		32	262	0	0	\N
216	2018-08-01 22:53:43.503806	2018-08-01 22:53:43.503846	828.00	1		32	265	0	0	\N
217	2018-08-01 22:55:03.422047	2018-08-01 22:55:03.422104	85.00	1		2	278	0	0	\N
218	2018-08-01 22:55:29.677472	2018-08-01 22:55:29.67755	400.00	1		7	280	0	0	\N
219	2018-08-01 22:55:52.530331	2018-08-01 22:55:52.530375	366.00	1		8	263	0	0	\N
220	2018-08-01 22:56:24.660384	2018-08-01 22:56:24.660424	425.00	1		8	264	0	0	\N
221	2018-08-01 22:56:46.987922	2018-08-01 22:56:46.987964	85.00	1		8	275	0	0	\N
222	2018-08-01 22:57:01.885674	2018-08-01 22:57:01.885715	120.00	1		9	273	0	0	\N
223	2018-08-01 22:57:10.269957	2018-08-01 22:57:10.27	195.00	1		10	267	0	0	\N
224	2018-08-01 22:57:30.062448	2018-08-01 22:57:30.06249	120.00	1		12	272	0	0	\N
225	2018-08-01 22:58:01.012944	2018-08-01 22:58:01.013025	1610.00	1		22	266	0	0	\N
226	2018-08-01 22:58:17.863204	2018-08-01 22:58:17.863246	85.00	1		22	277	0	0	\N
234	2018-08-01 23:21:42.250556	2018-08-01 23:21:42.250769	85.00	1		9	276	0	0	\N
235	2018-08-01 23:48:42.708554	2018-08-01 23:48:42.708613	60.00	1		29	270	0	0	\N
236	2018-08-01 23:48:48.268086	2018-08-01 23:48:48.268131	395.00	1		28	268	0	0	\N
237	2018-08-01 23:48:53.73951	2018-08-01 23:48:53.739553	1013.87	1		27	281	0	0	\N
238	2018-08-01 23:49:01.234783	2018-08-01 23:49:01.234829	500.00	1		26	282	0	0	\N
239	2018-08-01 23:49:09.057834	2018-08-01 23:49:09.057881	450.00	1		26	279	0	0	\N
240	2018-08-01 23:49:14.328418	2018-08-01 23:49:14.328496	70.00	1		26	271	0	0	\N
241	2018-08-01 23:49:20.354154	2018-08-01 23:49:20.354196	120.00	1		24	274	0	0	\N
242	2018-08-06 21:38:33.156487	2018-08-06 21:38:33.156527	299.00	1		13	283	0	0	\N
243	2018-08-07 14:47:40.312094	2018-08-07 14:47:40.312174	350.00	1		24	284	0	0	\N
244	2018-08-08 15:03:45.786264	2018-08-08 15:03:45.786319	175.00	1		26	286	0	0	\N
245	2018-08-08 23:39:39.967023	2018-08-08 23:39:39.967071	1012.42	1		32	289	0	0	\N
246	2018-08-08 23:39:50.382541	2018-08-08 23:39:50.382624	2400.00	1		27	285	0	0	\N
247	2018-08-08 23:39:57.497975	2018-08-08 23:39:57.498059	300.00	1		27	287	0	0	\N
248	2018-08-08 23:43:47.689195	2018-08-08 23:43:47.689257	300.00	1		13	290	0	0	\N
249	2018-08-09 00:08:04.411439	2018-08-09 00:08:04.411481	638.00	1		26	291	0	0	\N
250	2018-08-09 01:07:44.855937	2018-08-09 01:07:44.855988	650.00	1		9	292	0	0	\N
251	2018-08-15 22:59:32.11849	2018-08-15 22:59:32.118529	230.00	1		32	294	0	0	\N
252	2018-08-15 23:00:35.96619	2018-08-15 23:00:35.966244	750.00	1		5	293	0	0	\N
253	2018-08-15 23:00:58.836187	2018-08-15 23:00:58.836236	370.00	1		7	295	0	0	\N
254	2018-08-15 23:01:20.473638	2018-08-15 23:01:20.473692	600.00	1		9	296	0	0	\N
255	2018-08-15 23:01:51.444934	2018-08-15 23:01:51.444987	3180.00	1		9	297	0	0	\N
256	2018-08-15 23:02:51.501519	2018-08-15 23:02:51.501574	300.00	1		9	301	0	0	\N
257	2018-08-15 23:07:53.422796	2018-08-15 23:07:53.422851	1610.00	1		22	298	0	0	\N
258	2018-08-15 23:09:54.988432	2018-08-15 23:09:54.988501	1912.32	1		24	299	0	0	\N
259	2018-08-15 23:11:08.104413	2018-08-15 23:11:08.104479	1467.54	1		24	300	0	0	\N
260	2018-08-15 23:11:31.086024	2018-08-15 23:11:31.086087	210.00	1		26	302	0	0	\N
261	2018-08-15 23:20:30.306863	2018-08-15 23:20:30.306912	944.79	1		29	304	0	0	\N
262	2018-08-15 23:45:38.135767	2018-08-15 23:45:38.135855	4130.89	1		32	303	0	0	\N
263	2018-08-22 21:32:56.133053	2018-08-22 21:32:56.133086	1800.00	1		24	306	0	0	\N
264	2018-08-22 21:33:03.318811	2018-08-22 21:33:03.318866	295.00	1		24	308	0	0	\N
265	2018-08-22 21:33:09.01244	2018-08-22 21:33:09.012475	6041.43	1		9	307	0	0	\N
266	2018-08-22 21:33:21.736395	2018-08-22 21:33:21.736432	319.82	1		32	310	0	0	\N
267	2018-08-22 21:33:28.468422	2018-08-22 21:33:28.468614	422.34	1		27	309	0	0	\N
268	2018-08-22 21:50:43.097483	2018-08-22 21:50:43.097517	630.98	1		21	311	0	0	\N
269	2018-08-22 21:50:48.507468	2018-08-22 21:50:48.507502	1000.00	1		21	313	0	0	\N
270	2018-08-22 21:50:52.819009	2018-08-22 21:50:52.819044	6593.33	1		21	312	0	0	\N
271	2018-08-29 21:45:00.601244	2018-08-29 21:45:00.601285	60.00	1		27	317	0	0	\N
272	2018-08-29 21:45:43.327214	2018-08-29 21:45:43.32726	484.46	1		22	330	0	0	\N
273	2018-08-29 21:46:22.416052	2018-08-29 21:46:22.416086	77.00	1		21	326	0	0	\N
274	2018-08-29 21:46:48.021355	2018-08-29 21:46:48.021398	60.00	1		21	316	0	0	\N
275	2018-08-29 21:46:54.857753	2018-08-29 21:46:54.857791	120.00	1		16	314	0	0	\N
276	2018-08-29 21:47:22.899782	2018-08-29 21:47:22.899818	4225.52	1		9	331	0	0	\N
277	2018-08-29 21:53:08.34036	2018-08-29 21:53:08.340393	200.00	1		9	328	0	0	\N
278	2018-08-29 21:53:41.362531	2018-08-29 21:53:41.362568	460.00	1		9	327	0	0	\N
279	2018-08-29 21:53:53.002053	2018-08-29 21:53:53.002086	60.00	1		8	319	0	0	\N
280	2018-08-29 21:54:22.241538	2018-08-29 21:54:22.241599	60.00	1		7	315	0	0	\N
281	2018-08-29 21:54:28.288358	2018-08-29 21:54:28.288393	300.00	1		32	329	0	0	\N
282	2018-08-29 21:55:04.463604	2018-08-29 21:55:04.463638	70.00	1		32	318	0	0	\N
283	2018-08-29 21:56:23.376095	2018-08-29 21:56:23.376129	2769.45	1		21	324	0	0	\N
284	2018-08-29 22:00:35.791208	2018-08-29 22:00:35.791241	2986.86	1		9	325	0	0	\N
285	2018-08-30 02:25:34.400691	2018-08-30 02:25:34.40073	260.00	1		7	194	0	0	\N
288	2018-09-06 00:00:13.878917	2018-09-06 00:00:13.878951	300.00	1		24	343	0	0	\N
289	2018-09-06 00:32:52.277596	2018-09-06 00:32:52.277647	280.00	1		22	344	0	0	\N
290	2018-09-06 00:48:55.044183	2018-09-06 00:48:55.044217	110.00	1		12	346	0	0	\N
291	2018-09-06 00:49:02.129694	2018-09-06 00:49:02.129726	80.00	1		24	345	0	0	\N
292	2018-09-06 00:56:33.504237	2018-09-06 00:56:33.504281	445.00	1		16	347	0	0	\N
293	2018-09-12 20:47:03.158583	2018-09-12 20:47:03.158636	85.00	1		8	350	0	0	\N
294	2018-09-12 20:48:34.677254	2018-09-12 20:48:34.677311	450.00	1		9	351	0	0	\N
295	2018-09-12 20:50:12.116925	2018-09-12 20:50:12.116979	1421.34	1		9	353	0	0	\N
296	2018-09-12 20:50:51.519593	2018-09-12 20:50:51.519649	85.00	1		2	349	0	0	\N
297	2018-09-12 20:52:01.379094	2018-09-12 20:52:01.379148	85.00	1		22	352	0	0	\N
298	2018-09-12 20:52:19.129044	2018-09-12 20:52:19.12908	548.00	1		7	348	0	0	\N
299	2018-09-13 00:25:07.241859	2018-09-13 00:25:07.241894	1659.72	1		32	354	0	0	\N
300	2018-09-13 00:25:12.087281	2018-09-13 00:25:12.087317	1854.16	1		9	355	0	0	\N
301	2018-09-19 15:45:16.541229	2018-09-19 15:45:16.541265	740.00	1		31	322	0	0	\N
303	2018-09-19 23:46:33.333286	2018-09-19 23:46:33.333321	400.00	1		26	361	0	0	\N
304	2018-09-19 23:46:38.904498	2018-09-19 23:46:38.904598	599.73	1		27	358	0	0	\N
306	2018-09-19 23:46:48.471548	2018-09-19 23:46:48.471582	454.75	1		7	360	0	0	\N
307	2018-09-20 01:23:42.983297	2018-09-20 01:23:42.983332	3897.24	1		32	370	0	0	\N
308	2018-09-20 01:23:50.908659	2018-09-20 01:23:50.908694	7222.80	1		9	366	0	0	\N
309	2018-09-20 01:23:56.539307	2018-09-20 01:23:56.53934	3240.28	1		9	367	0	0	\N
310	2018-09-20 01:41:02.887731	2018-09-20 01:41:02.887767	301.78	1		9	371	0	0	\N
311	2018-09-20 01:41:29.722579	2018-09-20 01:41:29.722616	303.82	1		24	368	0	0	\N
312	2018-09-26 22:49:51.39226	2018-09-26 22:49:51.392294	700.00	1		24	372	0	0	\N
313	2018-09-26 22:49:58.919734	2018-09-26 22:49:58.919791	1462.68	1		9	374	0	0	\N
314	2018-09-26 22:50:05.163522	2018-09-26 22:50:05.163557	4306.11	1		32	375	0	0	\N
315	2018-09-26 22:50:10.995463	2018-09-26 22:50:10.995512	422.34	1		12	373	0	0	\N
316	2018-09-26 22:51:40.812543	2018-09-26 22:51:40.812582	180.00	1		22	356	0	0	\N
317	2018-09-26 22:51:58.801074	2018-09-26 22:51:58.801109	2145.83	1		9	376	0	0	\N
318	2018-09-26 23:31:46.747674	2018-09-26 23:31:46.747709	70.00	1		26	338	0	0	\N
319	2018-09-26 23:32:07.850647	2018-09-26 23:32:07.850881	1386.11	1		9	377	0	0	\N
320	2018-09-26 23:34:12.106815	2018-09-26 23:34:12.106869	120.00	1		12	339	0	0	\N
321	2018-09-26 23:35:10.348876	2018-09-26 23:35:10.348909	120.00	1		9	340	0	0	\N
322	2018-09-26 23:35:55.638535	2018-09-26 23:35:55.638582	120.00	1		24	341	0	0	\N
323	2018-09-26 23:37:11.188652	2018-09-26 23:37:11.188702	60.00	1		29	342	0	0	\N
324	2018-10-03 03:15:58.080081	2018-10-03 03:15:58.080131	85.00	1		2	402	0	0	\N
325	2018-10-03 03:18:03.275034	2018-10-03 03:18:03.275069	200.00	1		9	385	0	0	\N
326	2018-10-03 03:19:26.05366	2018-10-03 03:19:26.053694	85.00	1		8	400	0	0	\N
327	2018-10-03 03:20:31.865422	2018-10-03 03:20:31.865456	120.00	1		16	386	0	0	\N
328	2018-10-03 03:21:05.865956	2018-10-03 03:21:05.865988	85.00	1		22	401	0	0	\N
329	2018-10-03 03:22:44.578059	2018-10-03 03:22:44.578096	300.00	1		31	384	0	0	\N
330	2018-10-03 22:49:09.280466	2018-10-03 22:49:09.280516	129.00	1		7	382	0	0	\N
331	2018-10-03 22:49:16.334539	2018-10-03 22:49:16.334574	100.00	1		5	380	0	0	\N
332	2018-10-03 23:11:33.124753	2018-10-03 23:11:33.124789	70.00	1		32	391	0	0	\N
333	2018-10-03 23:11:50.810776	2018-10-03 23:11:50.810829	60.00	1		7	388	0	0	\N
334	2018-10-03 23:12:00.327929	2018-10-03 23:12:00.327988	60.00	1		7	389	0	0	\N
335	2018-10-03 23:12:11.251383	2018-10-03 23:12:11.251432	60.00	1		8	392	0	0	\N
336	2018-10-03 23:12:19.030393	2018-10-03 23:12:19.030429	120.00	1		9	393	0	0	\N
337	2018-10-03 23:12:34.481071	2018-10-03 23:12:34.481107	120.00	1		12	394	0	0	\N
338	2018-10-03 23:12:45.193879	2018-10-03 23:12:45.193913	60.00	1		21	387	0	0	\N
339	2018-10-03 23:13:14.377183	2018-10-03 23:13:14.37722	175.00	1		22	378	0	0	\N
340	2018-10-03 23:13:59.251225	2018-10-03 23:13:59.251266	120.00	1		24	395	0	0	\N
341	2018-10-03 23:14:12.975116	2018-10-03 23:14:12.97515	70.00	1		26	396	0	0	\N
342	2018-10-03 23:14:21.385193	2018-10-03 23:14:21.38523	60.00	1		29	397	0	0	\N
343	2018-10-03 23:57:47.695892	2018-10-03 23:57:47.695927	129.00	1		29	381	0	0	\N
344	2018-10-03 23:58:01.307609	2018-10-03 23:58:01.307652	365.67	1		27	407	0	0	\N
345	2018-10-03 23:58:06.200849	2018-10-03 23:58:06.200887	244.32	1		32	404	0	0	\N
346	2018-10-03 23:58:18.528881	2018-10-03 23:58:18.528916	1400.00	1		32	403	0	0	\N
347	2018-10-03 23:58:25.714302	2018-10-03 23:58:25.714356	3844.98	1		9	405	0	0	\N
348	2018-10-03 23:58:33.325819	2018-10-03 23:58:33.325922	2338.13	1		9	406	0	0	\N
349	2018-10-03 23:59:03.855008	2018-10-03 23:59:03.855046	60.00	1		27	390	0	0	\N
360	2018-10-10 22:56:28.28354	2018-10-10 22:56:28.283593	1612.45	1		24	415	0	0	\N
361	2018-10-10 22:56:34.626437	2018-10-10 22:56:34.626471	1686.56	1		9	411	0	0	\N
362	2018-10-10 22:56:42.27101	2018-10-10 22:56:42.271041	3867.73	1		21	414	0	0	\N
363	2018-10-10 23:11:38.94181	2018-10-10 23:11:38.941845	3896.87	1		9	420	0	0	\N
364	2018-10-10 23:14:24.428972	2018-10-10 23:14:24.429006	350.00	1		9	421	0	0	\N
365	2018-10-10 23:14:32.863763	2018-10-10 23:14:32.863798	400.00	1		12	422	0	0	\N
366	2018-10-14 01:28:53.992979	2018-10-16 13:58:25.345108	100.45	0		5	426	1	1	\N
368	2018-10-17 22:52:01.73051	2018-10-17 22:52:01.730557	200.00	1		9	424	0	0	\N
369	2018-10-17 22:54:09.435457	2018-10-17 22:54:09.435494	1000.00	1		32	428	0	0	\N
370	2018-10-17 22:55:52.544939	2018-10-17 22:55:52.544989	130.00	1		7	438	0	0	\N
371	2018-10-17 22:56:15.301769	2018-10-17 22:56:15.301826	1558.75	1		9	430	0	0	\N
372	2018-10-17 23:11:34.404592	2018-10-17 23:11:34.404625	1645.00	1		32	442	0	0	\N
373	2018-10-17 23:11:54.866054	2018-10-17 23:11:54.866088	3665.00	1		9	443	0	0	\N
374	2018-10-17 23:12:11.845681	2018-10-17 23:12:11.845717	5496.00	1		9	444	0	0	\N
375	2018-10-17 23:12:34.746341	2018-10-17 23:12:34.746394	1010.51	1		12	432	0	0	\N
376	2018-10-17 23:12:50.574638	2018-10-17 23:12:50.574672	95.00	1		14	435	0	0	\N
377	2018-10-17 23:12:58.754694	2018-10-17 23:12:58.754734	570.00	1		22	440	0	0	\N
378	2018-10-17 23:13:06.041364	2018-10-17 23:13:06.041404	225.00	1		22	441	0	0	\N
379	2018-10-17 23:13:22.041825	2018-10-17 23:13:22.041861	300.00	1		27	437	0	0	\N
380	2018-10-17 23:13:30.24391	2018-10-17 23:13:30.243948	140.00	1		27	439	0	0	\N
381	2018-10-17 23:14:04.276912	2018-10-17 23:14:04.276962	187.57	1		31	436	0	0	\N
382	2018-10-18 02:15:27.880721	2018-10-18 02:15:27.880755	1562.83	1	worker_uploads/8944 Escondido Way/Invoice_1102_from_MA_Inc_at3W95R.pdf	32	429	0	0	customer_uploads/documents/8944 Escondido Way/1102-payment.pdf
384	2018-10-22 00:40:12.140337	2018-10-22 00:40:35.113401	9160.50	0		9	433	1	1	\N
385	2018-10-24 21:59:53.306902	2018-10-24 22:03:05.387923	6320.70	1	customer_uploads/documents/allcompany-4590 Orchid Drive-15900.00/Alan_Mashraghi_Invoice2_r3CfwIp.pdf	29	454	1	0	\N
386	2018-10-24 22:02:28.194976	2018-10-24 22:42:54.46319	4770.00	1	customer_uploads/documents/allcompany-4590 Orchid Drive-15900.00/Alan_Mashraghi_Sam_Jack_VFpBulx.pdf	29	454	1	0	\N
387	2018-10-24 22:25:45.941296	2018-10-24 22:25:45.941381	1645.00	1		32	446	0	0	\N
388	2018-10-24 22:28:54.706602	2018-10-24 22:28:54.706634	1263.82	1		32	449	0	0	\N
389	2018-10-24 22:35:08.158424	2018-10-24 22:35:08.158458	2602.37	1		32	450	0	0	\N
390	2018-10-24 22:35:27.553146	2018-10-24 22:35:27.553178	1867.42	1		32	451	0	0	\N
391	2018-10-24 22:35:37.124493	2018-10-24 22:35:37.12454	300.00	1		32	452	0	0	\N
392	2018-10-24 22:36:17.714839	2018-10-24 22:36:17.714872	2683.61	1		9	448	0	0	\N
393	2018-10-24 22:37:10.152032	2018-10-24 22:37:10.152066	2330.78	1		21	447	0	0	\N
395	2018-10-24 22:37:42.591206	2018-10-24 22:37:42.59126	2000.00	1		31	445	0	0	\N
396	2018-10-24 22:38:06.2815	2018-10-24 22:38:06.281534	139.87	1		31	455	0	0	\N
398	2018-10-25 12:50:11.898803	2018-10-25 12:50:11.898846	310.00	1		22	456	0	0	\N
402	2018-10-29 14:44:51.528732	2018-10-29 14:44:51.528797	70.00	1		32	469	0	0	\N
403	2018-10-29 14:47:43.38157	2018-10-29 14:47:43.381625	60.00	1		8	460	0	0	\N
404	2018-10-29 14:48:07.321984	2018-10-29 14:48:07.322028	120.00	1		9	464	0	0	\N
405	2018-10-29 14:48:19.604685	2018-10-29 14:48:19.604722	120.00	1		12	463	0	0	\N
406	2018-10-29 14:49:09.44845	2018-10-29 14:49:09.448499	40.00	1		23	458	0	0	\N
407	2018-10-29 14:49:13.763863	2018-10-29 14:49:13.7639	60.00	1		21	467	0	0	\N
408	2018-10-29 14:49:19.738335	2018-10-29 14:49:19.738395	120.00	1		16	466	0	0	\N
409	2018-10-29 14:49:26.500256	2018-10-29 14:49:26.500297	120.00	1		24	465	0	0	\N
410	2018-10-29 14:49:55.423634	2018-10-29 14:49:55.423675	70.00	1		26	462	0	0	\N
411	2018-10-29 14:50:05.656561	2018-10-29 14:50:05.656602	60.00	1		27	468	0	0	\N
412	2018-10-29 14:50:18.039509	2018-10-29 14:50:18.039573	60.00	1		29	461	0	0	\N
413	2018-10-29 14:51:56.376342	2018-10-29 14:51:56.376382	60.00	1		31	459	0	0	\N
414	2018-10-31 20:16:17.139274	2018-10-31 20:16:17.139337	300.00	1		1	473	0	0	\N
415	2018-10-31 20:49:31.986962	2018-10-31 20:49:31.987	921.13	1		32	476	0	0	\N
416	2018-10-31 20:49:37.510957	2018-10-31 20:49:37.510999	1043.74	1		32	481	0	0	\N
417	2018-10-31 20:49:39.473527	2018-10-31 20:49:39.473565	2106.37	1		32	479	0	0	\N
418	2018-10-31 20:49:49.843302	2018-10-31 20:49:49.843359	452.33	1		9	477	0	0	\N
419	2018-10-31 20:50:25.991372	2018-10-31 20:50:25.991443	6261.76	1		9	478	0	0	\N
420	2018-10-31 20:50:46.684917	2018-10-31 20:50:46.684957	363.82	1		14	475	0	0	\N
421	2018-10-31 20:51:27.704106	2018-10-31 20:51:27.704152	1553.85	1		21	480	0	0	\N
422	2018-10-31 20:51:50.731493	2018-10-31 20:51:50.73156	300.00	1		24	482	0	0	\N
423	2018-10-31 20:57:09.942949	2018-10-31 20:57:09.942996	1600.00	1		31	474	0	0	\N
428	2018-11-07 22:15:05.301608	2018-11-07 22:15:05.301642	85.00	1		8	483	0	0	customer_uploads/documents/10562 Wheelhouse Circle/WKNOV_9-201820181108103305_5.pdf
430	2018-11-08 15:54:10.53169	2018-11-08 15:54:10.531723	3884.64	1		21	488	0	0	customer_uploads/documents/441 W 35th Street/M__A_CHECK20181108115012_zD8Hfs1.pdf
433	2018-11-08 16:01:20.315249	2018-11-08 16:01:20.315306	2104.33	1		9	486	0	0	customer_uploads/documents/13377 Doubletree Circle/M__A_CHECK20181108115012.pdf
522	2019-01-10 05:09:22.024785	2019-01-10 05:09:22.024825	1400.00	1		32	577	0	0	
434	2018-11-08 16:03:31.013107	2018-11-08 16:03:31.01314	85.00	1		2	484	0	0	customer_uploads/documents/3916 NW Deer Oak/WKNOV_9-201820181108103305_5.pdf
435	2018-11-09 01:59:53.654308	2018-11-09 01:59:53.654364	2174.22	1		21	487	0	0	customer_uploads/documents/441 W 35th Street/M__A_CHECK20181108115012.pdf
436	2018-11-09 23:59:19.885537	2018-11-09 23:59:19.885589	139.87	1		32	490	0	0	customer_uploads/documents/8944 Escondido Way/SJBWK_11-16-1820181115111437_2.pdf
437	2018-11-10 00:52:33.042383	2018-11-10 00:59:10.983035	6399.30	1	worker_uploads/4590 Orchid Drive/Alan_M_Jupiter_Invoice_XDKAbX8.pdf	29	454	1	0	customer_uploads/documents/4590 Orchid Drive/WKNOV_9-201820181108103305_1-2.pdf
438	2018-11-12 18:24:24.437705	2018-11-12 18:24:24.437787	350.00	1		22	491	0	0	customer_uploads/documents/6924 Camille Street/SJBWK_11-16-1820181115111437_4_5SGF42b.pdf
441	2018-11-12 18:24:37.423381	2018-11-12 18:24:37.42343	85.00	1		22	492	0	0	customer_uploads/documents/6924 Camille Street/SJBWK_11-16-1820181115111437_4.pdf
443	2018-11-13 20:56:08.975395	2018-11-13 20:56:08.97545	400.00	1		32	489	0	0	customer_uploads/documents/8944 Escondido Way/SJBWK_11-16-1820181115111437_3.pdf
444	2018-11-14 19:32:34.7817	2018-11-14 19:32:34.781733	2160.95	1		21	496	0	0	customer_uploads/documents/441 W 35th Street/SJBWK_11-16-1820181115111437_5.pdf
445	2018-11-14 19:32:39.445301	2018-11-14 19:32:39.445334	2200.00	1		32	499	0	0	customer_uploads/documents/8944 Escondido Way/SJBWK_11-16-1820181115111437_1.pdf
446	2018-11-14 19:32:41.763183	2018-11-14 19:32:41.763236	1887.63	1		9	495	0	0	customer_uploads/documents/13377 Doubletree Circle/SJBWK_11-16-1820181115111437_5.pdf
447	2018-11-14 19:32:43.364159	2018-11-14 19:32:43.364193	1532.47	1		9	494	0	0	customer_uploads/documents/13377 Doubletree Circle/SJBWK_11-16-1820181115111437_5_uVNuU0J.pdf
448	2018-11-14 19:32:45.565588	2018-11-14 19:32:45.565624	1437.42	1		9	493	0	0	customer_uploads/documents/13377 Doubletree Circle/SJBWK_11-16-1820181115111437_5_95ht63P.pdf
450	2018-11-14 19:32:54.102053	2018-11-14 19:32:54.102093	622.37	1		24	497	0	0	customer_uploads/documents/11852 61st St N/SJBWK_11-16-1820181115111437_5.pdf
452	2018-11-16 14:48:07.010617	2018-11-16 15:03:07.677347	1845.00	1	worker_uploads/10861 Southeast Arielle Terrace/10861_SE_Arielle_Tequesta_5_ton_Goodman_1_SnapWD9.pdf	5	501	1	0	customer_uploads/documents/10861 Southeast Arielle Terrace/SJBWK_11-16-1820181115111437__b6xA28j.pdf
454	2018-11-20 13:56:38.321448	2018-11-20 13:56:38.321562	842.54	1		32	503	0	0	
455	2018-11-20 14:29:59.391111	2018-11-20 14:29:59.391143	312.17	1		24	502	0	0	
456	2018-11-20 14:42:23.989413	2018-11-20 14:42:52.246719	2610.00	1	worker_uploads/15630 Bent Creek/Mashragi_15630_Bent_Creek_Wellington_Tile_lIL4nGJ.doc	33	504	1	0	customer_uploads/documents/15630 Bent Creek/doc20190305092647_pdf.io.pdf
457	2018-11-20 16:31:21.611496	2018-11-20 16:31:21.61153	314.78	1		29	505	0	0	
459	2018-11-21 19:29:59.423643	2018-11-21 19:29:59.423683	475.00	1		24	498	0	0	customer_uploads/documents/11852 61st St N/SJBWK_11-16-1820181115111437_1_ekql96q.pdf
463	2018-11-28 17:30:20.747195	2018-11-28 17:30:20.747228	455.00	1		2	508	0	0	
464	2018-11-28 17:43:44.160687	2018-11-28 17:43:44.160719	495.00	1		24	510	0	0	
465	2018-11-28 17:44:55.251442	2018-11-28 17:44:55.251488	425.00	1		12	509	0	0	
466	2018-11-28 17:56:22.584502	2018-11-28 17:56:22.584567	393.00	1		2	511	0	0	
467	2018-11-29 01:13:23.619703	2018-11-29 01:13:41.394756	1845.00	1	worker_uploads/10861 Southeast Arielle Terrace/10861_SE_Arielle_Tequesta_5_ton_Goodman_1_2TKCbdW.pdf	5	500	1	0	
468	2018-11-29 01:16:29.131487	2018-11-29 01:16:29.131545	890.00	1		9	516	0	0	
469	2018-11-29 01:47:33.105315	2018-11-29 01:47:33.105367	1682.27	1		21	515	0	0	
470	2018-11-29 01:47:45.850005	2018-11-29 01:47:45.850053	1123.47	1		21	513	0	0	
471	2018-11-29 01:48:18.669614	2018-11-29 01:48:18.669648	1653.33	1		32	514	0	0	
472	2018-11-29 01:59:36.640281	2018-11-29 01:59:36.640315	1210.79	1		29	517	0	0	
473	2018-12-06 01:38:59.602488	2018-12-06 01:38:59.60254	70.00	1		32	529	0	0	
474	2018-12-06 01:39:24.730561	2018-12-06 01:39:24.730615	1574.99	1		32	534	0	0	
475	2018-12-06 01:39:36.677837	2018-12-06 01:39:36.677873	85.00	1		2	533	0	0	
476	2018-12-06 01:40:16.935799	2018-12-06 01:40:16.935835	60.00	1		8	520	0	0	
477	2018-12-06 01:40:35.230093	2018-12-06 01:40:35.230134	85.00	1		8	532	0	0	
478	2018-12-06 01:40:46.472982	2018-12-06 01:40:46.47302	120.00	1		9	524	0	0	
479	2018-12-06 01:41:44.867025	2018-12-06 01:41:44.86706	120.00	1		12	523	0	0	
480	2018-12-06 01:42:06.565329	2018-12-06 01:42:06.565362	120.00	1		16	526	0	0	
481	2018-12-06 01:42:27.987115	2018-12-06 01:42:27.987149	60.00	1		21	527	0	0	
482	2018-12-06 01:42:36.635603	2018-12-06 01:42:36.635651	40.00	1		23	518	0	0	
483	2018-12-06 01:42:57.103725	2018-12-06 01:42:57.103763	120.00	1		24	525	0	0	
484	2018-12-06 01:43:11.167641	2018-12-06 01:43:11.167678	70.00	1		26	522	0	0	
485	2018-12-06 01:43:27.058406	2018-12-06 01:43:27.05846	60.00	1		27	528	0	0	
486	2018-12-06 01:43:43.284757	2018-12-06 01:43:43.284793	60.00	1		29	521	0	0	
487	2018-12-06 01:43:47.509133	2018-12-06 01:43:47.509168	60.00	1		31	519	0	0	
488	2018-12-13 02:00:09.686341	2018-12-13 02:00:09.686377	250.00	1		33	537	0	0	
489	2018-12-13 02:00:37.967401	2018-12-13 02:00:37.967438	130.00	1		2	535	0	0	
490	2018-12-13 02:01:00.246471	2018-12-13 02:01:00.246508	300.00	1		5	540	0	0	
491	2018-12-13 02:01:10.738341	2018-12-13 02:01:10.738376	250.00	1		9	539	0	0	
492	2018-12-13 02:02:10.352331	2018-12-13 02:02:10.35239	250.00	1		23	538	0	0	
493	2018-12-13 02:02:20.061924	2018-12-13 02:02:20.06199	280.00	1		31	536	0	0	
494	2018-12-13 02:22:34.551964	2018-12-13 02:22:34.55202	565.44	1		1	542	0	0	
495	2018-12-13 02:22:41.162337	2018-12-13 02:22:41.162398	3362.41	1		29	543	0	0	
496	2018-12-13 02:31:15.512775	2018-12-13 02:31:15.512816	9510.50	1		9	544	0	0	
497	2018-12-20 02:01:20.723076	2018-12-20 02:01:20.723114	2950.00	1		29	547	0	0	
498	2018-12-20 02:01:41.110864	2018-12-20 02:01:41.110903	3611.00	1		32	548	0	0	
499	2018-12-20 02:09:09.802937	2018-12-20 02:09:09.802991	5000.00	1		9	549	0	0	
500	2018-12-26 23:23:58.402091	2018-12-26 23:23:58.402124	555.00	1		29	550	0	0	
501	2018-12-26 23:24:08.068648	2018-12-26 23:24:08.06868	85.00	1		29	553	0	0	
503	2018-12-27 03:20:59.202685	2018-12-27 03:20:59.202719	3000.00	1		32	554	0	0	
504	2018-12-27 03:55:12.02391	2018-12-27 03:55:12.023947	4926.79	1		9	560	0	0	
505	2018-12-27 03:55:28.081969	2018-12-27 03:55:28.082004	376.87	1		14	556	0	0	
506	2018-12-27 03:55:39.998629	2018-12-27 03:55:39.998665	363.12	1		14	557	0	0	
507	2018-12-27 03:56:32.338526	2018-12-27 03:56:32.338559	3321.10	1		16	559	0	0	
508	2018-12-27 03:56:45.097889	2018-12-27 03:56:45.097923	1778.05	1		21	555	0	0	
509	2018-12-27 03:57:01.304345	2018-12-27 03:57:01.304386	650.25	1		21	558	0	0	
510	2019-01-02 21:31:19.217385	2019-01-02 21:31:19.217422	1012.42	1		21	562	0	0	
511	2019-01-02 21:32:42.417573	2019-01-02 21:32:42.417615	3581.40	1		32	561	0	0	
512	2019-01-03 01:26:49.73868	2019-01-03 01:26:49.738713	610.00	1		32	563	0	0	
513	2019-01-03 01:26:57.347286	2019-01-03 01:26:57.347323	671.48	1		32	567	0	0	
514	2019-01-03 01:27:46.830789	2019-01-03 01:27:46.830825	1702.68	1		16	568	0	0	
515	2019-01-03 01:28:03.459672	2019-01-03 01:28:03.459707	290.00	1		32	564	0	0	
516	2019-01-03 01:37:08.521874	2019-01-03 01:37:08.521933	686.87	1		21	566	0	0	
517	2019-01-03 01:37:13.292249	2019-01-03 01:37:13.292285	829.96	1		21	565	0	0	
518	2019-01-03 01:43:04.775089	2019-01-03 01:43:04.775144	3321.10	1		16	571	0	0	
519	2019-01-10 03:28:12.618609	2019-01-10 03:28:12.618664	90.00	1		26	575	0	0	
520	2019-01-10 04:32:00.890686	2019-01-10 04:32:00.890724	1571.21	1		21	574	0	0	
521	2019-01-10 05:05:50.834415	2019-01-10 05:05:50.834465	3000.00	1		9	576	0	0	
525	2019-01-11 19:15:36.830981	2019-01-11 19:15:36.831166	954.93	1		32	578	0	0	
526	2019-01-13 16:16:56.860566	2019-01-13 16:16:56.860622	150.00	1		9	579	0	0	
527	2019-01-17 00:01:01.600693	2019-01-17 00:01:01.600757	220.00	1		33	582	0	0	
528	2019-01-17 00:01:07.851245	2019-01-17 00:01:07.851301	875.00	1		26	581	0	0	
529	2019-01-17 00:01:29.263417	2019-01-17 00:01:29.263486	523.41	1		29	583	0	0	
530	2019-01-17 00:53:48.358499	2019-01-17 00:53:48.358542	3800.00	1		9	585	0	0	
531	2019-01-17 00:53:56.228292	2019-01-17 00:53:56.22833	2500.00	1		21	584	0	0	
532	2019-01-24 02:06:44.322467	2019-01-24 02:06:44.322525	250.00	1		5	596	0	0	
533	2019-01-24 02:09:13.487888	2019-01-24 02:09:13.487926	350.00	1		16	597	0	0	
534	2019-01-24 02:10:26.675384	2019-01-24 02:10:26.675421	120.00	1		9	591	0	0	
535	2019-01-24 02:11:33.227112	2019-01-24 02:11:33.227149	120.00	1		12	590	0	0	
536	2019-01-24 02:12:00.249755	2019-01-24 02:12:00.249805	120.00	1		8	587	0	0	
537	2019-01-24 02:12:32.176773	2019-01-24 02:12:32.176807	120.00	1		16	592	0	0	
538	2019-01-24 02:13:20.70239	2019-01-24 02:13:20.702425	60.00	1		21	593	0	0	
539	2019-01-24 02:14:02.117738	2019-01-24 02:14:02.117773	70.00	1		26	589	0	0	
540	2019-01-24 02:14:57.627209	2019-01-24 02:14:57.627262	60.00	1		27	595	0	0	
541	2019-01-24 02:15:48.080044	2019-01-24 02:15:48.080081	60.00	1		29	588	0	0	
542	2019-01-24 02:16:24.937634	2019-01-24 02:16:24.937669	60.00	1		31	586	0	0	
543	2019-01-24 02:16:56.573773	2019-01-24 02:16:56.573829	70.00	1		32	594	0	0	
544	2019-01-24 02:48:19.96624	2019-01-24 02:48:19.966275	982.88	1		14	604	0	0	
545	2019-01-24 02:48:28.396013	2019-01-24 02:48:28.396049	187.89	1		21	605	0	0	
546	2019-01-24 02:48:41.677203	2019-01-24 02:48:41.677244	187.19	1		21	606	0	0	
547	2019-01-24 02:50:05.712959	2019-01-24 02:50:05.712993	374.22	1		27	600	0	0	
548	2019-01-24 02:50:11.735936	2019-01-24 02:50:11.735971	445.22	1		23	599	0	0	
549	2019-01-24 02:50:47.692272	2019-01-24 02:50:47.692328	212.52	1		21	598	0	0	
550	2019-01-24 02:52:18.144363	2019-01-24 02:52:18.144428	150.00	1		9	608	0	0	
551	2019-01-24 02:52:23.515942	2019-01-24 02:52:23.515988	42.50	1		9	607	0	0	
552	2019-01-24 02:52:53.545658	2019-01-24 02:52:53.545705	150.00	1		9	603	0	0	
553	2019-01-24 03:00:57.175734	2019-01-24 03:00:57.175808	657.23	1		32	602	0	0	
554	2019-01-24 03:05:05.974011	2019-01-24 03:05:05.974085	3428.37	1		33	610	0	0	
555	2019-01-31 02:48:58.169084	2019-01-31 02:48:58.16912	3428.37	1		33	611	0	0	
556	2019-01-31 03:03:22.40206	2019-01-31 03:03:22.402096	1427.67	1		12	612	0	0	
557	2019-01-31 03:03:29.821598	2019-01-31 03:03:29.821632	650.00	1		23	613	0	0	
559	2019-02-14 00:53:43.432703	2019-02-14 00:53:43.432792	85.00	1		8	624	0	0	
560	2019-02-14 00:58:50.58892	2019-02-14 00:58:50.588961	50.00	1		12	614	0	0	
561	2019-02-14 00:58:56.523471	2019-02-14 00:58:56.523663	681.22	1		21	625	0	0	
562	2019-02-14 01:04:08.244648	2019-02-14 01:04:08.244724	2671.91	1		32	626	0	0	
563	2019-02-14 01:04:15.688721	2019-02-14 01:04:15.688763	712.55	1		32	627	0	0	
564	2019-02-14 01:21:08.911643	2019-02-14 01:21:08.911695	2840.64	1		32	628	0	0	
565	2019-02-14 01:43:06.643914	2019-02-14 01:43:06.643965	70.00	1		32	622	0	0	
566	2019-02-14 01:43:26.239543	2019-02-14 01:43:26.239588	35.00	1		33	615	0	0	
567	2019-02-14 01:47:20.747218	2019-02-14 01:47:20.747297	120.00	1		16	620	0	0	
568	2019-02-14 01:47:40.401976	2019-02-14 01:47:40.402058	60.00	1		21	621	0	0	
569	2019-02-14 01:48:10.608207	2019-02-14 01:48:10.608298	60.00	1		27	623	0	0	
570	2019-02-14 01:48:34.513068	2019-02-14 01:48:34.513142	60.00	1		29	617	0	0	
571	2019-02-14 01:48:59.615997	2019-02-14 01:48:59.616055	60.00	1		31	616	0	0	
572	2019-02-14 02:04:46.615517	2019-02-14 02:04:46.615599	2820.07	1		32	629	0	0	
573	2019-02-21 01:45:45.201495	2019-02-21 01:45:45.201604	2000.00	1		32	631	0	0	
574	2019-02-21 01:45:54.198806	2019-02-21 01:45:54.198916	2000.00	1		32	632	0	0	
575	2019-02-21 01:46:11.989134	2019-02-21 01:46:11.989214	340.00	1		29	630	0	0	
576	2019-02-21 01:50:58.540508	2019-02-21 01:50:58.540595	12000.00	1		9	633	0	0	
577	2019-02-27 23:43:25.031475	2019-02-27 23:43:25.03151	482.65	1		32	635	0	0	
578	2019-02-27 23:44:22.992393	2019-02-27 23:44:22.992429	3201.29	1		9	634	0	0	
579	2019-02-28 00:04:11.065497	2019-02-28 00:04:11.065536	350.00	1		32	636	0	0	
580	2019-02-28 00:06:01.573739	2019-02-28 00:06:01.573773	500.00	1		12	637	0	0	
581	2019-03-05 17:09:13.3838	2019-04-24 22:58:18.55158	7830.00	1	worker_uploads/15630 Bent Creek/Mashragi_15630_Bent_Creek_Wellington_Tile_cUIp8xR.doc	33	504	1	0	customer_uploads/documents/15630 Bent Creek/SJB_WK_1020190110151911_pdf.io.pdf
582	2019-03-05 17:09:40.273747	2019-03-05 17:09:40.273802	10675.75	0	worker_uploads/15630 Bent Creek/Mashragi_15630_Bent_Creek_Wellington_Tile_T5feUU9.doc	33	504	1	1	
583	2019-03-07 02:39:04.275965	2019-03-07 02:39:04.275998	85.00	1		8	642	0	0	
584	2019-03-07 02:39:08.876592	2019-03-07 02:39:08.876643	843.78	1		21	640	0	0	
585	2019-03-07 02:39:14.425004	2019-03-07 02:39:14.425039	1611.14	1		9	639	0	0	
586	2019-03-07 02:39:22.367192	2019-03-07 02:39:22.367233	2801.28	1		9	641	0	0	
587	2019-03-07 03:11:42.316961	2019-03-07 03:11:42.31704	1700.00	1		32	645	0	0	
588	2019-03-07 03:12:40.572286	2019-03-07 03:12:40.572319	2119.00	1		9	644	0	0	
597	2019-03-14 00:04:11.651795	2019-03-14 00:04:11.651829	150.00	1		26	659	0	0	
598	2019-03-14 00:19:13.309241	2019-03-14 00:19:13.309273	827.68	1		33	661	0	0	
599	2019-03-14 00:19:27.282092	2019-03-14 00:19:27.282126	342.55	1		21	660	0	0	
600	2019-03-14 00:23:37.633872	2019-03-14 00:23:37.633921	640.00	1		8	662	0	0	
601	2019-03-14 03:25:18.042728	2019-03-14 03:25:18.042764	60.00	1		8	653	0	0	
602	2019-03-14 03:27:41.42896	2019-03-14 03:27:41.428994	120.00	1		9	656	0	0	
603	2019-03-14 03:32:37.332468	2019-03-14 03:32:37.332503	120.00	1		12	650	0	0	
604	2019-03-14 03:38:35.255511	2019-03-14 03:38:35.255555	40.00	1		23	655	0	0	
605	2019-03-20 23:30:30.679362	2019-03-20 23:30:30.679417	105.00	1		8	663	0	0	
606	2019-03-20 23:30:45.256794	2019-03-20 23:30:45.256826	175.00	1		1	664	0	0	
607	2019-03-20 23:37:31.045367	2019-03-20 23:37:31.045399	750.00	1		8	665	0	0	
610	2019-03-21 00:51:17.176014	2019-03-21 00:51:17.176067	120.00	1		16	651	0	0	
611	2019-03-21 00:52:29.761436	2019-03-21 00:52:29.761488	60.00	1		21	654	0	0	
612	2019-03-21 00:53:37.446573	2019-03-21 00:53:37.446622	60.00	1		27	649	0	0	
613	2019-03-21 00:54:42.778917	2019-03-21 00:54:42.778951	60.00	1		29	648	0	0	
614	2019-03-21 00:57:21.17828	2019-03-21 00:57:21.178313	70.00	1		32	652	0	0	
615	2019-03-21 00:57:41.573509	2019-03-21 00:57:41.573551	60.00	1		33	657	0	0	
616	2019-03-21 03:15:35.045828	2019-03-21 03:15:35.045866	3848.58	1		33	668	0	0	
617	2019-03-21 03:15:45.325502	2019-03-21 03:15:45.325535	1741.22	1		21	667	0	0	
619	2019-03-28 02:38:57.660509	2019-03-28 02:38:57.660545	2337.61	1		34	670	0	0	
620	2019-03-28 03:09:57.322755	2019-03-28 03:09:57.322793	1227.43	1		34	671	0	0	
621	2019-04-03 16:36:01.071613	2019-04-03 16:36:36.975378	9939.50	1	worker_uploads/13377 Doubletree Circle/13377_Doubletree_Window_impact_contract20190403_1_pH1koWa.pdf	9	680	1	0	customer_uploads/documents/13377 Doubletree Circle/SJB-ADRIA_WK_4-4-1920190404111613_pdf.io.pdf
622	2019-04-04 00:53:08.729708	2019-04-04 00:53:08.72976	198.97	1		33	672	0	0	
627	2019-04-04 00:54:19.914469	2019-04-04 00:54:19.914509	173.29	1		36	677	0	0	
628	2019-04-04 00:54:37.175831	2019-04-04 00:54:37.175867	205.39	1		37	676	0	0	
629	2019-04-04 00:55:43.135759	2019-04-04 00:55:43.135809	500.00	1		37	679	0	0	
630	2019-04-04 00:55:51.979427	2019-04-04 00:55:51.979461	300.00	1		37	682	0	0	
631	2019-04-04 02:53:45.717971	2019-04-04 02:53:45.718028	205.39	1		35	675	0	0	
632	2019-04-04 03:00:31.972308	2019-04-04 03:00:31.972344	4380.23	1		34	686	0	0	
633	2019-04-04 03:00:33.730728	2019-04-04 03:00:33.730783	2802.67	1		34	685	0	0	
634	2019-04-04 03:00:35.82415	2019-04-04 03:00:35.824184	2432.87	1		34	684	0	0	
635	2019-04-04 03:00:37.423121	2019-04-04 03:00:37.423171	712.32	1		34	683	0	0	
636	2019-04-11 01:51:22.858881	2019-04-11 01:51:22.858942	784.00	1		32	687	0	0	
637	2019-04-11 01:51:41.039181	2019-04-11 01:51:41.039225	21.25	1		32	688	0	0	
638	2019-04-11 02:09:40.538558	2019-04-11 02:09:40.538597	85.00	1		8	692	0	0	
639	2019-04-11 02:16:23.041428	2019-04-11 02:16:23.041521	1135.00	1		12	693	0	0	
640	2019-04-11 02:16:44.532788	2019-04-11 02:16:44.53283	21.25	1		29	689	0	0	
641	2019-04-11 02:16:59.954985	2019-04-11 02:16:59.955025	25.00	1		9	690	0	0	
642	2019-04-11 02:40:56.064159	2019-04-11 02:40:56.064226	632.14	1		35	699	0	0	
646	2019-04-11 03:08:14.385562	2019-04-11 03:08:14.385608	647.31	1		34	691	0	0	
647	2019-04-11 03:08:44.35949	2019-04-11 03:08:44.35953	1063.42	1		34	696	0	0	
648	2019-04-11 03:09:26.197103	2019-04-11 03:09:26.197168	2657.07	1		34	697	0	0	
651	2019-04-18 02:00:37.189517	2019-04-18 02:00:37.189587	110.00	1		12	701	0	0	
652	2019-04-18 02:01:01.101759	2019-04-18 02:01:01.101796	80.00	1		12	702	0	0	
653	2019-04-18 02:29:38.395272	2019-04-18 02:29:38.395308	1255.93	1		32	707	0	0	
655	2019-04-18 03:43:00.796783	2019-04-18 03:43:00.796826	420.33	1		33	708	0	0	
658	2019-04-18 12:26:13.25175	2019-04-18 12:26:13.251825	12398.98	1		34	706	0	0	
660	2019-04-20 01:56:06.255601	2019-04-20 01:56:06.255639	1980.23	1		34	709	0	0	
661	2019-04-24 23:08:07.869125	2019-04-24 23:08:38.471577	4122.00	1	worker_uploads/15630 Bent Creek/SJBWK_3-8-1920190307152759_pdf.io_1.pdf	33	504	1	0	customer_uploads/documents/15630 Bent Creek/SJBWK_3-8-1920190307152759_pdf.io_1.pdf
662	2019-04-24 23:27:21.916217	2019-04-24 23:27:49.498976	6525.00	1	worker_uploads/15630 Bent Creek/Mashragi_Invoice.Invocie.pdf	33	504	1	0	customer_uploads/documents/15630 Bent Creek/WK-FEB_1-201920190131152314_pdf.io.pdf
667	2019-04-25 00:38:58.391268	2019-04-25 00:38:58.391301	322.71	1		32	719	0	0	
670	2019-04-25 00:39:48.555792	2019-04-25 00:39:48.555824	1450.00	1		9	716	0	0	
671	2019-04-25 00:45:32.471985	2019-04-25 00:45:32.472022	294.75	1		32	722	0	0	
672	2019-04-25 00:56:19.919508	2019-04-25 00:56:19.919539	152.52	1		37	724	0	0	
673	2019-04-25 01:55:56.956134	2019-04-25 01:55:56.956167	512.40	1		34	718	0	0	
674	2019-04-25 01:55:58.261688	2019-04-25 01:55:58.261723	3455.23	1		34	721	0	0	
675	2019-04-25 01:56:01.921857	2019-04-25 01:56:01.92189	1540.74	1		34	723	0	0	
676	2019-04-25 02:22:41.984806	2019-04-25 02:22:41.984842	1821.46	1		21	725	0	0	
677	2019-04-25 02:25:17.100401	2019-04-25 02:25:17.100437	1933.37	1		34	726	0	0	
678	2019-04-25 12:16:36.359237	2019-04-25 12:16:36.359271	745.00	1		32	728	0	0	
679	2019-04-25 12:16:55.755972	2019-04-25 12:16:55.756007	35.00	1		9	727	0	0	
680	2019-04-25 12:25:55.997541	2019-04-25 12:25:55.997579	75.00	1		16	710	0	0	
681	2019-04-25 12:26:06.680805	2019-04-25 12:26:06.680848	150.00	1		12	711	0	0	
682	2019-04-25 12:55:41.492761	2019-04-25 12:55:41.492797	1450.00	1		16	717	0	0	
683	2019-05-09 01:49:23.743008	2019-05-09 01:49:23.743054	85.00	1		32	730	0	0	
684	2019-05-09 01:49:34.272412	2019-05-09 01:49:34.272446	550.00	1		32	732	0	0	
686	2019-05-09 01:50:49.125622	2019-05-09 01:50:49.125657	110.00	1		33	740	0	0	
687	2019-05-09 01:53:56.439457	2019-05-09 01:53:56.439491	100.00	1		9	729	0	0	
688	2019-05-09 01:54:07.37996	2019-05-09 01:54:07.379996	200.00	1		9	739	0	0	
689	2019-05-09 01:55:30.580244	2019-05-09 01:55:30.580277	250.00	1		12	741	0	0	
691	2019-05-09 01:59:04.112096	2019-05-09 01:59:04.112131	5878.17	1		21	742	0	0	
692	2019-05-09 01:59:14.651571	2019-05-09 01:59:14.651616	85.00	1		29	731	0	0	
693	2019-05-09 01:59:38.233633	2019-05-09 01:59:38.233682	270.00	1		29	736	0	0	
694	2019-05-16 00:14:21.195482	2019-05-16 00:14:21.195553	275.00	1		32	743	0	0	
695	2019-05-16 00:20:27.988803	2019-05-16 00:20:27.98887	1582.77	1		32	748	0	0	
697	2019-05-16 00:21:26.844874	2019-05-16 00:21:26.84491	1758.23	1		16	749	0	0	
698	2019-05-16 00:22:06.540771	2019-05-16 00:22:06.540812	551.74	1		21	747	0	0	
699	2019-05-16 00:22:24.81156	2019-05-16 00:22:24.811598	1859.33	1		29	750	0	0	
702	2019-05-16 11:37:55.953506	2019-05-16 11:37:55.953541	968.91	1		35	746	0	0	
705	2019-05-23 01:56:30.415467	2019-05-23 01:56:30.415505	100.00	1		9	752	0	0	
706	2019-05-23 02:13:40.503128	2019-05-23 02:13:40.503168	2156.46	1		33	754	0	0	
707	2019-05-23 10:56:29.580218	2019-05-23 10:56:29.580258	423.85	1		32	759	0	0	
708	2019-05-23 10:59:39.632915	2019-05-23 10:59:39.632962	837.20	1		33	753	0	0	
709	2019-05-23 11:06:39.376587	2019-05-23 11:06:39.376625	1538.36	1		34	755	0	0	
710	2019-05-29 18:01:40.760279	2019-05-29 18:01:40.760323	122.12	1		16	756	0	0	customer_uploads/documents/9070 Strandhill Way/6EA148E6-6253-456D-A392-5DED7B65208A.jpeg
714	2019-05-29 19:53:07.655944	2019-05-29 19:53:07.656346	1212.89	1		21	763	0	0	customer_uploads/documents/441 W 35th Street/FD84FF4B-927D-42CE-98F8-E386C8D32318.jpeg
715	2019-05-29 19:55:07.458734	2019-05-29 19:55:07.458771	91.74	1		21	762	0	0	customer_uploads/documents/441 W 35th Street/C486AA04-EFFA-4CB8-9900-87A25BEC4238.jpeg
717	2019-05-31 18:17:54.190836	2019-05-31 18:17:54.190919	3100.30	1		34	761	0	0	
718	2019-06-04 17:57:19.319337	2019-06-04 17:58:12.510064	6525.00	1	worker_uploads/15630 Bent Creek/invoice_0001800.pdf	33	504	1	0	customer_uploads/documents/15630 Bent Creek/invoice_0001800.pdf
719	2019-06-05 19:26:51.861112	2019-06-05 19:26:51.861152	225.00	1		32	766	0	0	
720	2019-06-05 19:27:36.819656	2019-06-05 19:27:36.819697	85.00	1		32	769	0	0	
721	2019-06-05 19:31:20.459387	2019-06-05 19:31:20.459429	750.00	1		9	765	0	0	customer_uploads/documents/13377 Doubletree Circle/ryan-plumbing-750.pdf
722	2019-06-05 19:32:15.348206	2019-06-05 19:32:15.348265	552.14	1		1	772	0	0	
723	2019-06-05 19:32:54.619997	2019-06-05 19:32:54.620064	5772.88	1		33	771	0	0	
724	2019-06-05 19:44:32.942695	2019-06-05 19:44:32.942732	100.00	1		9	768	0	0	
725	2019-06-05 19:45:15.85064	2019-06-05 19:45:15.850679	85.00	1		29	770	0	0	
726	2019-06-05 19:45:28.690108	2019-06-05 19:45:28.690144	200.00	1		12	774	0	0	
727	2019-06-05 19:45:38.406743	2019-06-05 19:45:38.406784	150.00	1		9	773	0	0	
728	2019-06-05 19:46:03.66276	2019-06-05 19:46:03.662805	5384.10	1		35	776	0	0	
729	2019-06-05 19:46:11.262985	2019-06-05 19:46:11.26303	110.00	1		33	775	0	0	
730	2019-06-05 19:47:31.414573	2019-06-05 19:47:31.414613	800.00	1		16	777	0	0	
731	2019-06-12 19:28:13.018697	2019-06-12 19:28:13.018765	122.12	1		16	778	0	0	
732	2019-06-12 19:29:55.326257	2019-06-12 19:29:55.326294	2334.02	1		34	779	0	0	
734	2019-06-12 19:31:06.388637	2019-06-12 19:31:06.3887	1240.34	1		21	780	0	0	
735	2019-06-12 19:31:46.373402	2019-06-12 19:31:46.373437	135.00	1		29	781	0	0	
736	2019-06-12 19:46:12.526963	2019-06-12 19:46:12.527005	1250.00	1		36	782	0	0	
737	2019-06-12 19:46:17.338778	2019-06-12 19:46:17.338821	2000.00	1		36	783	0	0	
738	2019-06-19 18:53:30.889999	2019-06-19 18:53:30.890036	500.00	1		9	784	0	0	
739	2019-06-19 19:50:43.865155	2019-06-19 19:50:43.865206	196.38	1		32	787	0	0	
740	2019-06-19 19:50:49.411701	2019-06-19 19:50:49.411753	4517.01	1		33	785	0	0	
741	2019-06-19 19:50:56.088858	2019-06-19 19:50:56.088896	1668.17	1		33	786	0	0	
742	2019-06-19 19:51:00.708566	2019-06-19 19:51:00.708622	275.12	1		33	788	0	0	
744	2019-06-19 20:08:49.184152	2019-06-19 20:08:49.184193	2631.11	1		34	789	0	0	
745	2019-06-26 18:03:26.587149	2019-06-26 18:03:26.587196	1800.00	1		32	790	0	0	
746	2019-06-26 18:03:30.819213	2019-06-26 18:03:30.819242	461.74	1		32	796	0	0	
747	2019-06-26 18:03:33.452591	2019-06-26 18:03:33.452618	510.45	1		32	793	0	0	
748	2019-06-26 18:03:38.177241	2019-06-26 18:03:38.177273	2002.56	1		21	792	0	0	
749	2019-06-26 18:03:41.270846	2019-06-26 18:03:41.270876	510.45	1		33	794	0	0	
750	2019-06-26 18:03:46.036653	2019-06-26 18:03:46.036684	589.04	1		33	795	0	0	
751	2019-06-26 18:12:32.00657	2019-06-26 18:12:32.006603	746.29	1		34	791	0	0	
752	2019-07-02 18:18:15.0029	2019-07-02 18:18:15.002932	650.00	1		32	798	0	0	
753	2019-07-02 18:34:36.577312	2019-07-02 18:34:36.577342	170.00	1		21	797	0	0	
754	2019-07-02 18:39:06.502624	2019-07-02 18:39:06.502654	570.00	1		33	800	0	0	
755	2019-07-02 18:46:09.411033	2019-07-02 18:46:09.411074	175.00	1		5	801	0	0	
756	2019-07-02 18:59:16.319323	2019-07-02 18:59:16.319377	320.00	1		33	733	0	0	
757	2019-07-02 19:07:43.319233	2019-07-02 19:07:43.319263	256.29	1		33	803	0	0	
758	2019-07-02 19:07:53.462728	2019-07-02 19:07:53.462756	1256.12	1		33	804	0	0	
759	2019-07-02 19:08:01.623738	2019-07-02 19:08:01.623768	141.24	1		33	806	0	0	
760	2019-07-02 19:08:24.904065	2019-07-02 19:08:24.904095	421.70	1		33	809	0	0	
761	2019-07-02 19:08:37.01431	2019-07-02 19:08:37.014341	645.66	1		36	802	0	0	
762	2019-07-02 19:08:46.441207	2019-07-02 19:08:46.441274	155.03	1		9	807	0	0	
763	2019-07-02 19:09:01.983284	2019-07-02 19:09:01.98333	170.00	1		12	808	0	0	
764	2019-07-02 19:09:29.175229	2019-07-02 19:09:29.175258	1454.69	1		21	805	0	0	
765	2019-07-02 20:05:43.785727	2019-07-02 20:05:43.785767	2778.82	1		29	810	0	0	
766	2019-07-10 17:40:02.607312	2019-07-10 17:40:02.607338	85.00	1		29	811	0	0	
767	2019-07-10 17:40:07.349251	2019-07-10 17:40:07.349297	2641.02	1		29	817	0	0	customer_uploads/documents/4590 Orchid Drive/Scan_1_XAwMX8c.jpeg
770	2019-07-10 17:40:14.243701	2019-07-10 17:40:14.24373	185.00	1		9	812	0	0	
771	2019-07-10 17:40:18.283787	2019-07-10 17:40:18.283816	85.00	1		32	814	0	0	
772	2019-07-10 17:40:22.335552	2019-07-10 17:40:22.335591	300.00	1		5	818	0	0	customer_uploads/documents/10861 Southeast Arielle Terrace/Scan_1_0SYs7Mr.jpeg
773	2019-07-10 17:40:25.551171	2019-07-10 17:40:25.551201	563.45	1		23	816	0	0	customer_uploads/documents/10475 Galleria Street/Scan_1.jpeg
775	2019-07-10 19:24:20.969017	2019-07-10 19:24:20.969044	510.45	1		5	820	0	0	customer_uploads/documents/10861 Southeast Arielle Terrace/Scan_1.jpeg
777	2019-07-10 19:25:13.05198	2019-07-10 19:25:13.052012	152.12	1		16	821	0	0	
778	2019-07-10 19:25:28.259485	2019-07-10 19:25:28.259512	135.00	1		29	822	0	0	customer_uploads/documents/4590 Orchid Drive/Scan_1.jpeg
780	2019-07-17 17:20:48.548756	2019-07-17 17:20:48.548784	7512.30	1		9	826	0	0	
781	2019-07-17 22:18:34.496808	2019-07-17 22:18:34.496836	8000.00	1		34	824	0	0	
782	2019-07-17 22:18:44.972361	2019-07-17 22:18:44.972392	1255.00	1		34	825	0	0	
783	2019-07-24 19:19:14.038517	2019-07-24 19:19:14.038565	160.00	1		1	829	0	0	
785	2019-07-24 19:52:20.909692	2019-07-24 19:52:20.909741	327.42	1		34	819	0	0	
786	2019-07-24 20:02:06.881451	2019-07-24 20:02:06.881489	4261.33	1		33	831	0	0	
787	2019-07-24 20:02:13.330908	2019-07-24 20:02:13.330937	270.49	1		1	832	0	0	customer_uploads/documents/22852 Marbella Cir/BA8E86E3-E8A0-4C0B-A2B8-35DAB17E3E02.jpeg
788	2019-07-24 20:02:16.45442	2019-07-24 20:02:16.45445	784.62	1		1	833	0	0	customer_uploads/documents/22852 Marbella Cir/5792D638-D513-4DF3-999C-E636A364C33E.jpeg
789	2019-07-24 20:02:20.407635	2019-07-24 20:02:20.40768	1465.78	1		34	834	0	0	
790	2019-07-24 20:44:39.61574	2019-07-24 20:44:39.615821	423.00	1		32	835	0	0	
791	2019-07-26 17:04:22.826974	2019-07-26 17:04:22.827044	395.00	1		5	828	0	0	
792	2019-07-31 19:02:57.321589	2019-07-31 19:02:57.321621	170.00	1		35	836	0	0	
793	2019-07-31 19:03:00.825078	2019-07-31 19:03:00.825109	5012.63	1		29	837	0	0	
794	2019-07-31 19:03:07.857351	2019-07-31 19:03:07.857381	747.37	1		33	840	0	0	
795	2019-08-07 14:11:19.406401	2019-08-07 14:12:07.39485	3000.00	1	worker_uploads/13377 Doubletree Circle/13377_Doubletree_Cir20190220_20395903_QKhn0aD.pdf	9	633	1	0	
797	2019-08-07 20:09:39.906736	2019-08-07 20:09:39.906767	112.36	1		32	849	0	0	
798	2019-08-07 20:09:56.912602	2019-08-07 20:09:56.912637	312.10	1		1	845	0	0	
799	2019-08-07 20:10:27.273944	2019-08-07 20:10:27.273975	160.71	1		1	846	0	0	
800	2019-08-07 20:12:36.085526	2019-08-07 20:12:36.085578	261.32	1		35	848	0	0	
801	2019-08-07 20:12:42.920495	2019-08-07 20:12:42.920533	555.90	1		29	847	0	0	
802	2019-08-07 20:23:31.729854	2019-08-07 20:23:31.729886	350.00	1		21	850	0	0	
804	2019-08-14 00:08:03.69412	2019-08-14 00:09:37.134845	3000.00	1		9	633	0	0	
805	2019-08-14 18:26:59.112845	2019-08-14 18:26:59.11288	1750.00	1		21	853	1	0	
806	2019-08-14 19:29:27.853711	2019-08-14 19:29:27.853774	601.12	1		29	854	1	0	
807	2019-08-14 19:29:35.823188	2019-08-14 19:29:35.823224	2871.87	1		29	856	1	0	
808	2019-08-14 19:30:55.022077	2019-08-14 19:30:55.022112	311.58	1		34	857	1	0	
809	2019-08-14 19:53:37.011867	2019-08-14 19:53:37.011903	150.00	1		1	852	1	0	
810	2019-08-14 20:04:41.686865	2019-08-14 20:04:41.6869	923.15	1		1	855	1	0	
811	2019-08-28 16:31:16.482652	2019-08-28 16:31:16.482685	750.00	1		23	866	1	0	
812	2019-08-28 16:31:32.824183	2019-08-28 16:31:32.824225	200.00	1		9	865	1	0	
813	2019-08-28 16:31:48.830526	2019-08-28 16:31:48.830566	85.00	1		29	864	1	0	
814	2019-08-28 16:41:55.04361	2019-08-28 16:41:55.043653	85.00	1		32	863	1	0	
817	2019-08-28 17:01:18.679221	2019-08-28 17:01:18.679259	725.93	1		1	867	1	0	
818	2019-08-28 17:05:18.442188	2019-08-28 17:05:18.442221	303.49	1		1	838	1	0	
820	2019-08-28 17:41:57.917291	2019-08-28 17:41:57.917343	303.15	1		1	868	1	0	customer_uploads/documents/22852 Marbella Cir/531756A2-ADEF-4DCC-8900-705F35F5057C.jpeg
821	2019-08-28 17:47:49.066738	2019-08-28 17:47:49.066771	1613.44	1		1	871	1	0	
822	2019-08-28 17:53:38.342036	2019-08-28 17:53:38.342079	270.58	1		1	873	1	0	
823	2019-08-28 18:23:12.379118	2019-08-28 18:23:12.379153	2013.25	1		33	872	1	0	customer_uploads/documents/15630 Bent Creek/D0DECF6E-C17E-4B24-BE4A-BA3707DC9919.jpeg
824	2019-08-28 18:23:17.871084	2019-08-28 18:23:17.871156	570.86	1		29	869	1	0	customer_uploads/documents/4590 Orchid Drive/641E32B9-A9DD-4EBB-8920-E93E4D6D87F1.jpeg
825	2019-08-28 20:05:34.863323	2019-08-28 20:05:34.863356	348.12	1		34	875	1	0	
826	2019-08-28 20:05:42.863426	2019-08-28 20:05:42.863465	340.87	1		34	876	1	0	
827	2019-08-28 20:05:51.671245	2019-08-28 20:05:51.67128	685.22	1		33	877	1	0	customer_uploads/documents/15630 Bent Creek/88824D0F-792B-49F9-9ED3-372D9933C65F.jpeg
828	2019-08-28 20:06:04.715421	2019-08-28 20:06:04.715454	498.78	1		33	878	1	0	customer_uploads/documents/15630 Bent Creek/B401BEE0-AD48-40AC-A724-7B447B95A72B.jpeg
829	2019-08-29 12:48:26.980491	2019-08-29 12:48:26.980525	184.49	1		34	879	1	0	
830	2019-09-04 18:12:26.295996	2019-09-04 18:12:26.296047	240.75	1		9	883	1	0	
831	2019-09-11 19:36:08.365728	2019-09-11 19:36:08.365765	128.00	1		40	887	1	0	
832	2019-09-11 19:38:15.683622	2019-09-11 19:38:15.683681	78.69	1		34	888	1	0	customer_uploads/documents/1800 Nebraska Avenue/10CAEA7B-7BB7-4789-8E58-9140F73E25C7.jpeg
833	2019-09-11 19:38:22.996171	2019-09-11 19:38:22.996233	612.86	1		34	889	1	0	customer_uploads/documents/1800 Nebraska Avenue/3E12B6DF-1999-4E28-A41B-218968E4CA6E.jpeg
834	2019-09-11 19:42:49.599367	2019-09-11 19:42:49.599581	85.00	1		29	885	1	0	
835	2019-09-11 19:43:26.27119	2019-09-11 19:43:26.271244	85.00	1		29	860	1	0	
836	2019-09-11 19:43:44.476206	2019-09-11 19:43:44.476265	85.00	1		29	843	1	0	
837	2019-09-11 19:44:06.189585	2019-09-11 19:44:06.189622	85.00	1		29	815	1	0	
838	2019-09-16 18:52:18.558775	2019-09-16 18:52:18.558833	2610.00	1		33	504	0	0	customer_uploads/documents/15630 Bent Creek/doc20181120172839.pdf
839	2019-09-16 18:56:32.233538	2019-09-16 18:56:32.233587	118.45	1	worker_uploads/15630 Bent Creek/FFD9B504-3A3C-4A4B-902F-D0A7DBB4C853.jpeg	33	504	0	0	customer_uploads/documents/15630 Bent Creek/bent-creek-118.45.pdf
840	2019-09-19 11:30:29.491572	2019-09-19 11:30:29.491604	421.82	1		34	890	1	0	
841	2019-09-20 10:57:15.732501	2019-09-20 10:57:15.732535	112.47	1		29	894	1	0	customer_uploads/documents/4590 Orchid Drive/56172AAC-4368-4D9E-BC25-C812BC651D4E.jpeg
842	2019-09-20 10:57:22.531211	2019-09-20 10:57:22.531247	78.69	1		34	891	1	0	
843	2019-09-20 10:57:28.886417	2019-09-20 10:57:28.88645	482.34	1		34	892	1	0	
844	2019-09-20 10:57:35.001427	2019-09-20 10:57:35.001481	282.78	1		34	893	1	0	
845	2019-09-20 10:57:39.879864	2019-09-20 10:57:39.879897	421.82	1		34	899	1	0	
846	2019-09-20 10:57:48.951407	2019-09-20 10:57:48.951456	488.28	1		21	896	1	0	customer_uploads/documents/441 W 35th Street/2E87DAFA-461A-411C-95C6-C877B3397B0C.jpeg
848	2019-09-20 10:58:17.782524	2019-09-20 10:58:17.782555	835.41	1		21	897	1	0	customer_uploads/documents/441 W 35th Street/017FFB5B-8791-48D4-8E24-457B8785E85E.jpeg
849	2019-09-20 10:58:25.816691	2019-09-20 10:58:25.816723	1437.25	1		21	898	1	0	customer_uploads/documents/441 W 35th Street/3492C9F7-C638-4712-9EF1-62211682C248.jpeg
850	2019-09-25 19:43:50.651254	2019-09-25 19:43:50.651313	650.00	1		32	901	1	0	
851	2019-09-25 19:44:00.289137	2019-09-25 19:44:00.289171	409.58	1		34	900	1	0	
852	2019-09-25 19:48:05.452276	2019-09-25 19:48:05.45232	1607.30	1		1	906	1	0	
853	2019-09-25 19:49:14.143765	2019-09-25 19:49:14.143797	865.08	1		34	903	1	0	
854	2019-09-25 19:49:23.065724	2019-09-25 19:49:23.065761	1021.45	1		9	904	1	0	
855	2019-09-25 19:50:41.515823	2019-09-25 19:50:41.515854	501.78	1		9	905	1	0	
856	2019-10-02 23:25:43.584105	2019-10-02 23:25:43.584138	632.30	1		29	907	1	0	
857	2019-10-09 19:50:07.347256	2019-10-09 19:50:07.34729	85.00	1		32	909	1	0	
858	2019-10-09 19:52:45.879397	2019-10-09 19:52:45.879457	85.00	1		29	910	1	0	
859	2019-10-15 17:15:08.725354	2019-10-15 17:15:08.725439	1012.61	1		32	911	1	0	
861	2019-10-15 17:18:30.068137	2019-10-15 17:18:30.068176	203.01	1		1	912	1	0	
864	2019-10-16 17:58:55.939345	2019-10-16 17:58:55.939379	3111.39	1		9	920	1	0	
865	2019-10-16 17:59:01.21727	2019-10-16 17:59:01.217326	673.21	1		9	914	1	0	
866	2019-10-16 17:59:02.596283	2019-10-16 17:59:02.596318	6847.67	1		37	917	1	0	
867	2019-10-16 17:59:07.850319	2019-10-16 17:59:07.850376	395.00	1		34	919	1	0	
868	2019-10-16 17:59:11.450866	2019-10-16 17:59:11.450899	184.49	1		34	918	1	0	
869	2019-10-16 17:59:14.040294	2019-10-16 17:59:14.040329	485.78	1		34	915	1	0	
871	2019-10-16 18:39:24.433202	2019-10-16 18:39:24.433237	428.90	1		29	916	1	0	
872	2019-10-16 18:42:51.435464	2019-10-16 18:42:51.435506	732.14	1		32	913	1	0	
873	2019-10-23 21:16:30.336982	2019-10-23 21:16:30.337015	184.49	1		33	930	1	0	
874	2019-10-23 21:16:39.082108	2019-10-23 21:16:39.082145	331.47	1		34	929	1	0	
875	2019-10-23 21:16:46.192565	2019-10-23 21:16:46.192621	623.43	1		34	931	1	0	
876	2019-10-23 21:16:52.99445	2019-10-23 21:16:52.994483	2760.45	1		40	932	1	0	
877	2019-10-23 21:17:02.936681	2019-10-23 21:17:02.936714	122.07	1		40	937	1	0	
878	2019-10-23 21:17:45.696327	2019-10-23 21:17:45.696365	2160.38	1		21	933	1	0	
879	2019-10-23 21:18:06.429218	2019-10-23 21:18:06.42925	200.00	1		9	927	1	0	
880	2019-10-23 21:18:13.468787	2019-10-23 21:18:13.468819	100.00	1		9	928	1	0	
881	2019-10-23 21:18:50.063456	2019-10-23 21:18:50.063492	515.71	1		21	934	1	0	
882	2019-10-23 21:18:58.300714	2019-10-23 21:18:58.300748	224.29	1		29	935	1	0	
883	2019-10-23 21:19:11.451191	2019-10-23 21:19:11.451242	122.07	1		21	936	1	0	
884	2019-10-30 20:44:29.956892	2019-10-30 20:44:29.956925	122.07	1		40	943	1	0	
885	2019-10-30 20:46:58.116852	2019-10-30 20:46:58.116904	7412.00	1		39	941	0	0	
886	2019-10-30 20:47:26.99936	2019-10-30 20:47:26.999396	1644.97	1		9	942	1	0	
887	2019-10-30 20:47:36.144749	2019-10-30 20:47:36.144793	212.43	1		29	938	1	0	
888	2019-10-30 20:47:42.828775	2019-10-30 20:47:42.82881	2540.21	1		29	939	1	0	
889	2019-10-30 20:47:49.119432	2019-10-30 20:47:49.119479	858.16	1		29	940	1	0	
890	2019-10-30 20:57:46.415196	2019-10-30 20:57:46.415231	818.77	1		34	944	1	0	
891	2019-10-30 20:57:52.841849	2019-10-30 20:57:52.841885	151.23	1		34	945	1	0	
892	2019-10-30 20:57:58.871294	2019-10-30 20:57:58.871326	312.78	1		34	946	1	0	
893	2019-11-22 17:08:29.670554	2019-11-22 17:08:29.670623	304.41	1		40	949	1	0	
894	2019-11-22 17:08:40.679143	2019-11-22 17:08:40.679207	295.12	1		34	951	1	0	
895	2019-11-22 17:08:54.28329	2019-11-22 17:08:54.283351	407.13	1		29	950	1	0	
896	2019-11-22 17:13:05.75892	2019-11-22 17:13:05.759075	3995.92	1		34	953	1	0	
897	2019-11-22 17:32:17.526374	2019-11-22 17:32:17.526411	2355.63	1		34	954	1	0	
898	2019-11-22 17:44:45.396077	2019-11-22 17:44:45.396135	1707.35	1		21	956	1	0	
899	2019-11-22 17:48:47.331949	2019-11-22 17:48:47.331994	832.14	1		40	955	1	0	
900	2019-11-22 17:48:55.343959	2019-11-22 17:48:55.344019	223.71	1		40	957	1	0	
901	2019-11-22 17:49:05.855149	2019-11-22 17:49:05.85521	201.12	1		21	958	1	0	
902	2019-11-22 17:50:56.159579	2019-11-22 17:50:56.159621	401.78	1		34	959	1	0	
903	2019-11-22 17:54:16.792398	2019-11-22 17:54:16.792461	500.00	1		43	960	1	0	
904	2019-11-22 17:58:08.689354	2019-11-22 17:58:08.689425	743.81	1		37	961	1	0	
905	2019-11-22 18:02:53.853417	2019-11-22 18:02:53.853453	85.00	1		32	963	1	0	
906	2019-11-22 18:03:14.962044	2019-11-22 18:03:14.962087	85.00	1		29	962	1	0	
907	2019-11-22 18:04:51.996126	2019-11-22 18:04:51.996167	301.22	1		21	964	1	0	
908	2019-11-22 18:06:58.77953	2019-11-22 18:06:58.779595	7412.00	1		39	941	0	0	customer_uploads/documents/3177 NE Lake Ave/FCEE3D7D-525E-446F-B61F-F0C12720B150.jpeg
909	2019-12-20 18:28:30.938046	2019-12-20 18:28:30.938085	3105.00	1		42	967	0	0	
\.


--
-- Name: appointments_appointment appointments_appointment_pkey; Type: CONSTRAINT; Schema: public; Owner: genuwine12
--

ALTER TABLE ONLY public.appointments_appointment
    ADD CONSTRAINT appointments_appointment_pkey PRIMARY KEY (id);


--
-- Name: auth_group_permissions auth_group_permissions_pkey; Type: CONSTRAINT; Schema: public; Owner: genuwine12
--

ALTER TABLE ONLY public.auth_group_permissions
    ADD CONSTRAINT auth_group_permissions_pkey PRIMARY KEY (id);


--
-- Name: auth_group auth_group_pkey; Type: CONSTRAINT; Schema: public; Owner: genuwine12
--

ALTER TABLE ONLY public.auth_group
    ADD CONSTRAINT auth_group_pkey PRIMARY KEY (id);


--
-- Name: auth_permission auth_permission_pkey; Type: CONSTRAINT; Schema: public; Owner: genuwine12
--

ALTER TABLE ONLY public.auth_permission
    ADD CONSTRAINT auth_permission_pkey PRIMARY KEY (id);


--
-- Name: auth_user_groups auth_user_groups_pkey; Type: CONSTRAINT; Schema: public; Owner: genuwine12
--

ALTER TABLE ONLY public.auth_user_groups
    ADD CONSTRAINT auth_user_groups_pkey PRIMARY KEY (id);


--
-- Name: auth_user auth_user_pkey; Type: CONSTRAINT; Schema: public; Owner: genuwine12
--

ALTER TABLE ONLY public.auth_user
    ADD CONSTRAINT auth_user_pkey PRIMARY KEY (id);


--
-- Name: auth_user_user_permissions auth_user_user_permissions_pkey; Type: CONSTRAINT; Schema: public; Owner: genuwine12
--

ALTER TABLE ONLY public.auth_user_user_permissions
    ADD CONSTRAINT auth_user_user_permissions_pkey PRIMARY KEY (id);


--
-- Name: customer_register_customer_user customer_register_customer_user_pkey; Type: CONSTRAINT; Schema: public; Owner: genuwine12
--

ALTER TABLE ONLY public.customer_register_customer_user
    ADD CONSTRAINT customer_register_customer_user_pkey PRIMARY KEY (id);


--
-- Name: django_admin_log django_admin_log_pkey; Type: CONSTRAINT; Schema: public; Owner: genuwine12
--

ALTER TABLE ONLY public.django_admin_log
    ADD CONSTRAINT django_admin_log_pkey PRIMARY KEY (id);


--
-- Name: django_content_type django_content_type_pkey; Type: CONSTRAINT; Schema: public; Owner: genuwine12
--

ALTER TABLE ONLY public.django_content_type
    ADD CONSTRAINT django_content_type_pkey PRIMARY KEY (id);


--
-- Name: django_dramatiq_task django_dramatiq_task_pkey; Type: CONSTRAINT; Schema: public; Owner: genuwine12
--

ALTER TABLE ONLY public.django_dramatiq_task
    ADD CONSTRAINT django_dramatiq_task_pkey PRIMARY KEY (id);


--
-- Name: django_migrations django_migrations_pkey; Type: CONSTRAINT; Schema: public; Owner: genuwine12
--

ALTER TABLE ONLY public.django_migrations
    ADD CONSTRAINT django_migrations_pkey PRIMARY KEY (id);


--
-- Name: django_session django_session_pkey; Type: CONSTRAINT; Schema: public; Owner: genuwine12
--

ALTER TABLE ONLY public.django_session
    ADD CONSTRAINT django_session_pkey PRIMARY KEY (session_key);


--
-- Name: django_twilio_caller django_twilio_caller_pkey; Type: CONSTRAINT; Schema: public; Owner: genuwine12
--

ALTER TABLE ONLY public.django_twilio_caller
    ADD CONSTRAINT django_twilio_caller_pkey PRIMARY KEY (id);


--
-- Name: django_twilio_credential django_twilio_credential_pkey; Type: CONSTRAINT; Schema: public; Owner: genuwine12
--

ALTER TABLE ONLY public.django_twilio_credential
    ADD CONSTRAINT django_twilio_credential_pkey PRIMARY KEY (id);


--
-- Name: expenses_expenses expenses_expenses_pkey; Type: CONSTRAINT; Schema: public; Owner: genuwine12
--

ALTER TABLE ONLY public.expenses_expenses
    ADD CONSTRAINT expenses_expenses_pkey PRIMARY KEY (id);


--
-- Name: jobs_current_worker jobs_current_worker_pkey; Type: CONSTRAINT; Schema: public; Owner: genuwine12
--

ALTER TABLE ONLY public.jobs_current_worker
    ADD CONSTRAINT jobs_current_worker_pkey PRIMARY KEY (id);


--
-- Name: jobs_house jobs_house_pkey; Type: CONSTRAINT; Schema: public; Owner: genuwine12
--

ALTER TABLE ONLY public.jobs_house
    ADD CONSTRAINT jobs_house_pkey PRIMARY KEY (id);


--
-- Name: jobs_job jobs_job_pkey; Type: CONSTRAINT; Schema: public; Owner: genuwine12
--

ALTER TABLE ONLY public.jobs_job
    ADD CONSTRAINT jobs_job_pkey PRIMARY KEY (id);


--
-- Name: jobs_request_payment jobs_request_payment_pkey; Type: CONSTRAINT; Schema: public; Owner: genuwine12
--

ALTER TABLE ONLY public.jobs_request_payment
    ADD CONSTRAINT jobs_request_payment_pkey PRIMARY KEY (id);


--
-- Name: auth_group public_auth_group_name1_idx; Type: CONSTRAINT; Schema: public; Owner: genuwine12
--

ALTER TABLE ONLY public.auth_group
    ADD CONSTRAINT public_auth_group_name1_idx UNIQUE (name);


--
-- Name: auth_group_permissions public_auth_group_permissions_group_id1_idx; Type: CONSTRAINT; Schema: public; Owner: genuwine12
--

ALTER TABLE ONLY public.auth_group_permissions
    ADD CONSTRAINT public_auth_group_permissions_group_id1_idx UNIQUE (group_id, permission_id);


--
-- Name: auth_permission public_auth_permission_content_type_id1_idx; Type: CONSTRAINT; Schema: public; Owner: genuwine12
--

ALTER TABLE ONLY public.auth_permission
    ADD CONSTRAINT public_auth_permission_content_type_id1_idx UNIQUE (content_type_id, codename);


--
-- Name: auth_user_groups public_auth_user_groups_user_id1_idx; Type: CONSTRAINT; Schema: public; Owner: genuwine12
--

ALTER TABLE ONLY public.auth_user_groups
    ADD CONSTRAINT public_auth_user_groups_user_id1_idx UNIQUE (user_id, group_id);


--
-- Name: auth_user_user_permissions public_auth_user_user_permissions_user_id1_idx; Type: CONSTRAINT; Schema: public; Owner: genuwine12
--

ALTER TABLE ONLY public.auth_user_user_permissions
    ADD CONSTRAINT public_auth_user_user_permissions_user_id1_idx UNIQUE (user_id, permission_id);


--
-- Name: auth_user public_auth_user_username1_idx; Type: CONSTRAINT; Schema: public; Owner: genuwine12
--

ALTER TABLE ONLY public.auth_user
    ADD CONSTRAINT public_auth_user_username1_idx UNIQUE (username);


--
-- Name: customer_register_customer_user public_customer_register_customer_user_phone_number2_idx; Type: CONSTRAINT; Schema: public; Owner: genuwine12
--

ALTER TABLE ONLY public.customer_register_customer_user
    ADD CONSTRAINT public_customer_register_customer_user_phone_number2_idx UNIQUE (phone_number);


--
-- Name: customer_register_customer_user public_customer_register_customer_user_user_id1_idx; Type: CONSTRAINT; Schema: public; Owner: genuwine12
--

ALTER TABLE ONLY public.customer_register_customer_user
    ADD CONSTRAINT public_customer_register_customer_user_user_id1_idx UNIQUE (user_id);


--
-- Name: django_content_type public_django_content_type_app_label1_idx; Type: CONSTRAINT; Schema: public; Owner: genuwine12
--

ALTER TABLE ONLY public.django_content_type
    ADD CONSTRAINT public_django_content_type_app_label1_idx UNIQUE (app_label, model);


--
-- Name: django_twilio_caller public_django_twilio_caller_phone_number1_idx; Type: CONSTRAINT; Schema: public; Owner: genuwine12
--

ALTER TABLE ONLY public.django_twilio_caller
    ADD CONSTRAINT public_django_twilio_caller_phone_number1_idx UNIQUE (phone_number);


--
-- Name: django_twilio_credential public_django_twilio_credential_user_id1_idx; Type: CONSTRAINT; Schema: public; Owner: genuwine12
--

ALTER TABLE ONLY public.django_twilio_credential
    ADD CONSTRAINT public_django_twilio_credential_user_id1_idx UNIQUE (user_id);


--
-- Name: public_auth_group_permissions_permission_id2_idx; Type: INDEX; Schema: public; Owner: genuwine12
--

CREATE INDEX public_auth_group_permissions_permission_id2_idx ON public.auth_group_permissions USING btree (permission_id);


--
-- Name: public_auth_user_groups_group_id2_idx; Type: INDEX; Schema: public; Owner: genuwine12
--

CREATE INDEX public_auth_user_groups_group_id2_idx ON public.auth_user_groups USING btree (group_id);


--
-- Name: public_auth_user_user_permissions_permission_id2_idx; Type: INDEX; Schema: public; Owner: genuwine12
--

CREATE INDEX public_auth_user_user_permissions_permission_id2_idx ON public.auth_user_user_permissions USING btree (permission_id);


--
-- Name: public_django_admin_log_content_type_id1_idx; Type: INDEX; Schema: public; Owner: genuwine12
--

CREATE INDEX public_django_admin_log_content_type_id1_idx ON public.django_admin_log USING btree (content_type_id);


--
-- Name: public_django_admin_log_user_id2_idx; Type: INDEX; Schema: public; Owner: genuwine12
--

CREATE INDEX public_django_admin_log_user_id2_idx ON public.django_admin_log USING btree (user_id);


--
-- Name: public_django_session_expire_date1_idx; Type: INDEX; Schema: public; Owner: genuwine12
--

CREATE INDEX public_django_session_expire_date1_idx ON public.django_session USING btree (expire_date);


--
-- Name: public_expenses_expenses_customer_id1_idx; Type: INDEX; Schema: public; Owner: genuwine12
--

CREATE INDEX public_expenses_expenses_customer_id1_idx ON public.expenses_expenses USING btree (customer_id);


--
-- Name: public_expenses_expenses_house_id2_idx; Type: INDEX; Schema: public; Owner: genuwine12
--

CREATE INDEX public_expenses_expenses_house_id2_idx ON public.expenses_expenses USING btree (house_id);


--
-- Name: public_jobs_current_worker_company_id1_idx; Type: INDEX; Schema: public; Owner: genuwine12
--

CREATE INDEX public_jobs_current_worker_company_id1_idx ON public.jobs_current_worker USING btree (company_id);


--
-- Name: public_jobs_current_worker_customer_id3_idx; Type: INDEX; Schema: public; Owner: genuwine12
--

CREATE INDEX public_jobs_current_worker_customer_id3_idx ON public.jobs_current_worker USING btree (customer_id);


--
-- Name: public_jobs_current_worker_house_id2_idx; Type: INDEX; Schema: public; Owner: genuwine12
--

CREATE INDEX public_jobs_current_worker_house_id2_idx ON public.jobs_current_worker USING btree (house_id);


--
-- Name: public_jobs_current_worker_job_id4_idx; Type: INDEX; Schema: public; Owner: genuwine12
--

CREATE INDEX public_jobs_current_worker_job_id4_idx ON public.jobs_current_worker USING btree (job_id);


--
-- Name: public_jobs_house_customer_id1_idx; Type: INDEX; Schema: public; Owner: genuwine12
--

CREATE INDEX public_jobs_house_customer_id1_idx ON public.jobs_house USING btree (customer_id);


--
-- Name: public_jobs_job_company_id1_idx; Type: INDEX; Schema: public; Owner: genuwine12
--

CREATE INDEX public_jobs_job_company_id1_idx ON public.jobs_job USING btree (company_id);


--
-- Name: public_jobs_job_house_id2_idx; Type: INDEX; Schema: public; Owner: genuwine12
--

CREATE INDEX public_jobs_job_house_id2_idx ON public.jobs_job USING btree (house_id);


--
-- Name: public_jobs_request_payment_house_id1_idx; Type: INDEX; Schema: public; Owner: genuwine12
--

CREATE INDEX public_jobs_request_payment_house_id1_idx ON public.jobs_request_payment USING btree (house_id);


--
-- Name: public_jobs_request_payment_job_id2_idx; Type: INDEX; Schema: public; Owner: genuwine12
--

CREATE INDEX public_jobs_request_payment_job_id2_idx ON public.jobs_request_payment USING btree (job_id);


--
-- Name: auth_group_permissions auth_group_permissions_group_id_fkey; Type: FK CONSTRAINT; Schema: public; Owner: genuwine12
--

ALTER TABLE ONLY public.auth_group_permissions
    ADD CONSTRAINT auth_group_permissions_group_id_fkey FOREIGN KEY (group_id) REFERENCES public.auth_group(id) ON UPDATE RESTRICT ON DELETE RESTRICT;


--
-- Name: auth_group_permissions auth_group_permissions_permission_id_fkey; Type: FK CONSTRAINT; Schema: public; Owner: genuwine12
--

ALTER TABLE ONLY public.auth_group_permissions
    ADD CONSTRAINT auth_group_permissions_permission_id_fkey FOREIGN KEY (permission_id) REFERENCES public.auth_permission(id) ON UPDATE RESTRICT ON DELETE RESTRICT;


--
-- Name: auth_permission auth_permission_content_type_id_fkey; Type: FK CONSTRAINT; Schema: public; Owner: genuwine12
--

ALTER TABLE ONLY public.auth_permission
    ADD CONSTRAINT auth_permission_content_type_id_fkey FOREIGN KEY (content_type_id) REFERENCES public.django_content_type(id) ON UPDATE RESTRICT ON DELETE RESTRICT;


--
-- Name: auth_user_groups auth_user_groups_group_id_fkey; Type: FK CONSTRAINT; Schema: public; Owner: genuwine12
--

ALTER TABLE ONLY public.auth_user_groups
    ADD CONSTRAINT auth_user_groups_group_id_fkey FOREIGN KEY (group_id) REFERENCES public.auth_group(id) ON UPDATE RESTRICT ON DELETE RESTRICT;


--
-- Name: auth_user_groups auth_user_groups_user_id_fkey; Type: FK CONSTRAINT; Schema: public; Owner: genuwine12
--

ALTER TABLE ONLY public.auth_user_groups
    ADD CONSTRAINT auth_user_groups_user_id_fkey FOREIGN KEY (user_id) REFERENCES public.auth_user(id) ON UPDATE RESTRICT ON DELETE RESTRICT;


--
-- Name: auth_user_user_permissions auth_user_user_permissions_permission_id_fkey; Type: FK CONSTRAINT; Schema: public; Owner: genuwine12
--

ALTER TABLE ONLY public.auth_user_user_permissions
    ADD CONSTRAINT auth_user_user_permissions_permission_id_fkey FOREIGN KEY (permission_id) REFERENCES public.auth_permission(id) ON UPDATE RESTRICT ON DELETE RESTRICT;


--
-- Name: auth_user_user_permissions auth_user_user_permissions_user_id_fkey; Type: FK CONSTRAINT; Schema: public; Owner: genuwine12
--

ALTER TABLE ONLY public.auth_user_user_permissions
    ADD CONSTRAINT auth_user_user_permissions_user_id_fkey FOREIGN KEY (user_id) REFERENCES public.auth_user(id) ON UPDATE RESTRICT ON DELETE RESTRICT;


--
-- Name: customer_register_customer_user customer_register_customer_user_user_id_fkey; Type: FK CONSTRAINT; Schema: public; Owner: genuwine12
--

ALTER TABLE ONLY public.customer_register_customer_user
    ADD CONSTRAINT customer_register_customer_user_user_id_fkey FOREIGN KEY (user_id) REFERENCES public.auth_user(id) ON UPDATE RESTRICT ON DELETE RESTRICT;


--
-- Name: django_admin_log django_admin_log_content_type_id_fkey; Type: FK CONSTRAINT; Schema: public; Owner: genuwine12
--

ALTER TABLE ONLY public.django_admin_log
    ADD CONSTRAINT django_admin_log_content_type_id_fkey FOREIGN KEY (content_type_id) REFERENCES public.django_content_type(id) ON UPDATE RESTRICT ON DELETE RESTRICT;


--
-- Name: django_admin_log django_admin_log_user_id_fkey; Type: FK CONSTRAINT; Schema: public; Owner: genuwine12
--

ALTER TABLE ONLY public.django_admin_log
    ADD CONSTRAINT django_admin_log_user_id_fkey FOREIGN KEY (user_id) REFERENCES public.auth_user(id) ON UPDATE RESTRICT ON DELETE RESTRICT;


--
-- Name: django_twilio_credential django_twilio_credential_user_id_fkey; Type: FK CONSTRAINT; Schema: public; Owner: genuwine12
--

ALTER TABLE ONLY public.django_twilio_credential
    ADD CONSTRAINT django_twilio_credential_user_id_fkey FOREIGN KEY (user_id) REFERENCES public.auth_user(id) ON UPDATE RESTRICT ON DELETE RESTRICT;


--
-- Name: expenses_expenses expenses_expenses_customer_id_fkey; Type: FK CONSTRAINT; Schema: public; Owner: genuwine12
--

ALTER TABLE ONLY public.expenses_expenses
    ADD CONSTRAINT expenses_expenses_customer_id_fkey FOREIGN KEY (customer_id) REFERENCES public.auth_user(id) ON UPDATE RESTRICT ON DELETE RESTRICT;


--
-- Name: expenses_expenses expenses_expenses_house_id_fkey; Type: FK CONSTRAINT; Schema: public; Owner: genuwine12
--

ALTER TABLE ONLY public.expenses_expenses
    ADD CONSTRAINT expenses_expenses_house_id_fkey FOREIGN KEY (house_id) REFERENCES public.jobs_house(id) ON UPDATE RESTRICT ON DELETE RESTRICT;


--
-- Name: jobs_current_worker jobs_current_worker_company_id_fkey; Type: FK CONSTRAINT; Schema: public; Owner: genuwine12
--

ALTER TABLE ONLY public.jobs_current_worker
    ADD CONSTRAINT jobs_current_worker_company_id_fkey FOREIGN KEY (company_id) REFERENCES public.auth_user(id) ON UPDATE RESTRICT ON DELETE RESTRICT;


--
-- Name: jobs_current_worker jobs_current_worker_customer_id_fkey; Type: FK CONSTRAINT; Schema: public; Owner: genuwine12
--

ALTER TABLE ONLY public.jobs_current_worker
    ADD CONSTRAINT jobs_current_worker_customer_id_fkey FOREIGN KEY (customer_id) REFERENCES public.auth_user(id) ON UPDATE RESTRICT ON DELETE RESTRICT;


--
-- Name: jobs_current_worker jobs_current_worker_house_id_fkey; Type: FK CONSTRAINT; Schema: public; Owner: genuwine12
--

ALTER TABLE ONLY public.jobs_current_worker
    ADD CONSTRAINT jobs_current_worker_house_id_fkey FOREIGN KEY (house_id) REFERENCES public.jobs_house(id) ON UPDATE RESTRICT ON DELETE RESTRICT;


--
-- Name: jobs_current_worker jobs_current_worker_job_id_fkey; Type: FK CONSTRAINT; Schema: public; Owner: genuwine12
--

ALTER TABLE ONLY public.jobs_current_worker
    ADD CONSTRAINT jobs_current_worker_job_id_fkey FOREIGN KEY (job_id) REFERENCES public.jobs_job(id) ON UPDATE RESTRICT ON DELETE RESTRICT;


--
-- Name: jobs_house jobs_house_customer_id_fkey; Type: FK CONSTRAINT; Schema: public; Owner: genuwine12
--

ALTER TABLE ONLY public.jobs_house
    ADD CONSTRAINT jobs_house_customer_id_fkey FOREIGN KEY (customer_id) REFERENCES public.auth_user(id) ON UPDATE RESTRICT ON DELETE RESTRICT;


--
-- Name: jobs_job jobs_job_company_id_fkey; Type: FK CONSTRAINT; Schema: public; Owner: genuwine12
--

ALTER TABLE ONLY public.jobs_job
    ADD CONSTRAINT jobs_job_company_id_fkey FOREIGN KEY (company_id) REFERENCES public.auth_user(id) ON UPDATE RESTRICT ON DELETE RESTRICT;


--
-- Name: jobs_job jobs_job_house_id_fkey; Type: FK CONSTRAINT; Schema: public; Owner: genuwine12
--

ALTER TABLE ONLY public.jobs_job
    ADD CONSTRAINT jobs_job_house_id_fkey FOREIGN KEY (house_id) REFERENCES public.jobs_house(id) ON UPDATE RESTRICT ON DELETE RESTRICT;


--
-- Name: jobs_request_payment jobs_request_payment_house_id_fkey; Type: FK CONSTRAINT; Schema: public; Owner: genuwine12
--

ALTER TABLE ONLY public.jobs_request_payment
    ADD CONSTRAINT jobs_request_payment_house_id_fkey FOREIGN KEY (house_id) REFERENCES public.jobs_house(id) ON UPDATE RESTRICT ON DELETE RESTRICT;


--
-- Name: jobs_request_payment jobs_request_payment_job_id_fkey; Type: FK CONSTRAINT; Schema: public; Owner: genuwine12
--

ALTER TABLE ONLY public.jobs_request_payment
    ADD CONSTRAINT jobs_request_payment_job_id_fkey FOREIGN KEY (job_id) REFERENCES public.jobs_job(id) ON UPDATE RESTRICT ON DELETE RESTRICT;


--
-- PostgreSQL database dump complete
--

